rep,fee,social_share,capacity,completion,bottom_access,operating_revenue,social_transfer,price_pressure
0,0.0,0.0,spare,0.6769095213036405,0.48196901264274256,0.0,0.0,0.0
0,0.0,0.0,tight,0.58,0.48196901264274256,0.0,0.0,0.0
0,0.0,0.25,spare,0.6769095213036405,0.48196901264274256,0.0,0.0,0.0
0,0.0,0.25,tight,0.58,0.48196901264274256,0.0,0.0,0.0
0,0.0,0.5,spare,0.6769095213036405,0.48196901264274256,0.0,0.0,0.0
0,0.0,0.5,tight,0.58,0.48196901264274256,0.0,0.0,0.0
0,0.0,0.75,spare,0.6769095213036405,0.48196901264274256,0.0,0.0,0.0
0,0.0,0.75,tight,0.58,0.48196901264274256,0.0,0.0,0.0
0,0.0,1.0,spare,0.6769095213036405,0.48196901264274256,0.0,0.0,0.0
0,0.0,1.0,tight,0.58,0.48196901264274256,0.0,0.0,0.0
0,0.0025,0.0,spare,0.6382185049169747,0.49261264184622106,0.0016330710159013322,0.0,0.0
0,0.0025,0.0,tight,0.58,0.49261264184622106,0.0016330710159013322,0.0,0.0
0,0.0025,0.25,spare,0.6389485987964234,0.5013566767216086,0.0012248032619259991,0.00040826775397533304,0.0003821386177209118
0,0.0025,0.25,tight,0.58,0.4998678970273839,0.0012248032619259991,0.00040826775397533304,0.0008916567746821275
0,0.0025,0.5,spare,0.6396662802999218,0.5099455568976177,0.0008165355079506661,0.0008165355079506661,0.0007642772354418236
0,0.0025,0.5,tight,0.58,0.506984646001501,0.0008165355079506661,0.0008165355079506661,0.001783313549364255
0,0.0025,0.75,spare,0.6403717604511219,0.5183819201698981,0.00040826775397533304,0.0012248032619259991,0.0011464158531627356
0,0.0025,0.75,tight,0.58,0.513965243522066,0.00040826775397533304,0.0012248032619259991,0.002674970324046382
0,0.0025,1.0,spare,0.6410652466860483,0.5266683594887557,0.0,0.0016330710159013322,0.0015285544708836473
0,0.0025,1.0,tight,0.58,0.5208120043092475,0.0,0.0016330710159013322,0.00356662709872851
0,0.005,0.0,spare,0.6122163159401576,0.49137159456953133,0.0032352352174956573,0.0,0.0
0,0.005,0.0,tight,0.58,0.49137159456953133,0.0032352352174956573,0.0,0.0
0,0.005,0.25,spare,0.6136506227186556,0.5085433842598613,0.002426426413121743,0.0008088088043739143,0.0007570450408939841
0,0.005,0.25,tight,0.58,0.5056101814820652,0.002426426413121743,0.0008088088043739143,0.0017664384287526293
0,0.005,0.5,spare,0.6150370244129777,0.5251163603979943,0.0016176176087478286,0.0016176176087478286,0.0015140900817879682
0,0.005,0.5,tight,0.58,0.5193142090536658,0.0016176176087478286,0.0016176176087478286,0.0035328768575052585
0,0.005,0.75,spare,0.6163771210274775,0.5411105230383487,0.0008088088043739143,0.002426426413121743,0.0022711351226819524
0,0.005,0.75,tight,0.58,0.5325015312822422,0.0008088088043739143,0.002426426413121743,0.005299315286257888
0,0.005,1.0,spare,0.6176724591272136,0.5565452042441549,0.0,0.0032352352174956573,0.0030281801635759363
0,0.005,1.0,tight,0.58,0.5451894058516616,0.0,0.0032352352174956573,0.007065753715010517
0,0.01,0.0,spare,0.6119231985069846,0.4791926907914695,0.006467313684309773,0.0,0.0
0,0.01,0.0,tight,0.58,0.4791926907914695,0.006467313684309773,0.0,0.0
0,0.01,0.25,spare,0.6147425770358711,0.5129215710004215,0.00485048526323233,0.0016168284210774432,0.0015133514021284874
0,0.01,0.25,tight,0.58,0.5071221883917248,0.00485048526323233,0.0016168284210774432,0.0035311532716331365
0,0.01,0.5,spare,0.6173768564754983,0.5443367125936337,0.0032336568421548863,0.0032336568421548863,0.003026702804256975
0,0.01,0.5,tight,0.58,0.5329862173916404,0.0032336568421548863,0.0032336568421548863,0.007062306543266273
0,0.01,0.75,spare,0.6198381890333453,0.5735900181645925,0.0016168284210774432,0.00485048526323233,0.0045400542063854625
0,0.01,0.75,tight,0.58,0.556920380851571,0.0016168284210774432,0.00485048526323233,0.01059345981489941
0,0.01,1.0,spare,0.6221379290947774,0.6008234175303647,0.0,0.006467313684309773,0.00605340560851395
0,0.01,1.0,tight,0.58,0.5790513791596286,0.0,0.006467313684309773,0.014124613086532546
0,0.02,0.0,spare,0.5609704274289494,0.48054551894196784,0.01264761920970373,0.0,0.0
0,0.02,0.0,tight,0.5609704274289494,0.48054551894196784,0.01264761920970373,0.0,0.0
0,0.02,0.25,spare,0.5663109346308747,0.5443423160709623,0.009485714407277798,0.0031619048024259327,0.0029595428950706737
0,0.02,0.25,tight,0.565737884677762,0.5332331344636262,0.009485714407277798,0.0031619048024259327,0.006905600088498238
0,0.02,0.5,spare,0.5709872974313975,0.5998373081824298,0.006323809604851865,0.006323809604851865,0.0059190857901413475
0,0.02,0.5,tight,0.5699124619020738,0.578509749679027,0.006323809604851865,0.006323809604851865,0.013811200176996476
0,0.02,0.75,spare,0.5750821086946859,0.6480629060784628,0.0031619048024259327,0.009485714407277798,0.00887862868521202
0,0.02,0.75,tight,0.5735678895424757,0.58,0.0031619048024259327,0.009485714407277798,0.02071680026549471
0,0.02,1.0,spare,0.5786676900529325,0.6899231301614732,0.0,0.01264761920970373,0.011838171580282695
0,0.02,1.0,tight,0.5767687289367972,0.58,0.0,0.01264761920970373,0.02762240035399295
0,0.03,0.0,spare,0.5203688686519538,0.4908209364649989,0.018970793573928,0.0,0.0
0,0.03,0.0,tight,0.5203688686519538,0.4908209364649989,0.018970793573928,0.0,0.0
0,0.03,0.25,spare,0.5281249216650095,0.5833324334318958,0.014228095180445998,0.004742698393482,0.004439165696299153
0,0.03,0.25,tight,0.5272926775264998,0.567010494105459,0.014228095180445998,0.004742698393482,0.01035805329136469
0,0.03,0.5,spare,0.5344801652904596,0.6583338130537242,0.009485396786964,0.009485396786964,0.008878331392598306
0,0.03,0.5,tight,0.5329659874097258,0.58,0.009485396786964,0.009485396786964,0.02071610658272938
0,0.03,0.75,spare,0.5396875976624198,0.718987552006927,0.004742698393482,0.014228095180445998,0.013317497088897458
0,0.03,0.75,tight,0.5376146490949778,0.58,0.004742698393482,0.014228095180445998,0.03107415987409406
0,0.03,1.0,spare,0.5439545232921383,0.7678849566821093,0.0,0.018970793573928,0.017756662785196612
0,0.03,1.0,tight,0.5414237227942348,0.58,0.0,0.018970793573928,0.04143221316545876
1,0.0,0.0,spare,0.6743124803180628,0.5161360266556935,0.0,0.0,0.0
1,0.0,0.0,tight,0.58,0.5161360266556935,0.0,0.0,0.0
1,0.0,0.25,spare,0.6743124803180628,0.5161360266556935,0.0,0.0,0.0
1,0.0,0.25,tight,0.58,0.5161360266556935,0.0,0.0,0.0
1,0.0,0.5,spare,0.6743124803180628,0.5161360266556935,0.0,0.0,0.0
1,0.0,0.5,tight,0.58,0.5161360266556935,0.0,0.0,0.0
1,0.0,0.75,spare,0.6743124803180628,0.5161360266556935,0.0,0.0,0.0
1,0.0,0.75,tight,0.58,0.5161360266556935,0.0,0.0,0.0
1,0.0,1.0,spare,0.6743124803180628,0.5161360266556935,0.0,0.0,0.0
1,0.0,1.0,tight,0.58,0.5161360266556935,0.0,0.0,0.0
1,0.0025,0.0,spare,0.6132969911529986,0.48411129606275877,0.0015813298106389046,0.0,0.0
1,0.0025,0.0,tight,0.58,0.48411129606275877,0.0015813298106389046,0.0,0.0
1,0.0025,0.25,spare,0.6140041447184683,0.49258068445544045,0.0011859973579791785,0.00039533245265972614,0.00037003117568950374
1,0.0025,0.25,tight,0.58,0.4911388174398822,0.0011859973579791785,0.00039533245265972614,0.0008634060766088419
1,0.0025,0.5,spare,0.6146996536731623,0.5009045152134246,0.0007906649053194523,0.0007906649053194523,0.0007400623513790075
1,0.0025,0.5,tight,0.58,0.498036399885286,0.0007906649053194523,0.0007906649053194523,0.0017268121532176839
1,0.0025,0.75,spare,0.6153837097674535,0.5090851852163766,0.00039533245265972614,0.0011859973579791785,0.0011100935270685114
1,0.0025,0.75,tight,0.58,0.504806183087375,0.00039533245265972614,0.0011859973579791785,0.0025902182298265263
1,0.0025,1.0,spare,0.6160565015941857,0.5171250518748393,0.0,0.0015813298106389046,0.001480124702758015
1,0.0025,1.0,tight,0.58,0.5114502715005682,0.0,0.0015813298106389046,0.0034536243064353677
1,0.005,0.0,spare,0.6365817047297566,0.4766119119284855,0.0033358125962035046,0.0,0.0
1,0.005,0.0,tight,0.58,0.4766119119284855,0.0033358125962035046,0.0,0.0
1,0.005,0.25,spare,0.6380598251986048,0.4943078376415766,0.0025018594471526287,0.0008339531490508761,0.0007805801475116203
1,0.005,0.25,tight,0.58,0.49128448822189874,0.0025018594471526287,0.0008339531490508761,0.0018213536775271138
1,0.005,0.5,spare,0.6394870691743357,0.5113678071907016,0.0016679062981017523,0.0016679062981017523,0.0015611602950232407
1,0.005,0.5,tight,0.58,0.505389348058955,0.0016679062981017523,0.0016679062981017523,0.0036427073550542276
1,0.005,0.75,spare,0.6408651878116127,0.5278137100091519,0.0008339531490508761,0.0025018594471526287,0.0023417404425348613
1,0.005,0.75,tight,0.58,0.5189460320812955,0.0008339531490508761,0.0025018594471526287,0.005464061032581341
1,0.005,1.0,spare,0.6421958719908453,0.5436666821020467,0.0,0.0033358125962035046,0.0031223205900464813
1,0.005,1.0,tight,0.58,0.5319734083471417,0.0,0.0033358125962035046,0.007285414710108455
1,0.01,0.0,spare,0.6027917040947829,0.4881777620743894,0.006493292061911938,0.0,0.0
1,0.01,0.0,tight,0.58,0.4881777620743894,0.006493292061911938,0.0,0.0
1,0.01,0.25,spare,0.6056220260430281,0.5220373560849668,0.004869969046433953,0.0016233230154779844,0.0015194303424873941
1,0.01,0.25,tight,0.58,0.5162151900146746,0.004869969046433953,0.0016233230154779844,0.003545337465803918
1,0.01,0.5,spare,0.6082658091888626,0.5535652150654121,0.003246646030955969,0.003246646030955969,0.0030388606849747883
1,0.01,0.5,tight,0.58,0.5421710840010864,0.003246646030955969,0.003246646030955969,0.007090674931607836
1,0.01,0.75,spare,0.6107353477961341,0.5829150173138181,0.0016233230154779844,0.004869969046433953,0.004558291027462181
1,0.01,0.75,tight,0.58,0.5661826322609831,0.0016233230154779844,0.004869969046433953,0.010636012397411757
1,0.01,1.0,spare,0.6130421258472813,0.6102303126106711,0.0,0.006493292061911938,0.0060777213699495765
1,0.01,1.0,tight,0.58,0.58,0.0,0.006493292061911938,0.014181349863215672
1,0.02,0.0,spare,0.5890460039775888,0.4828948111410757,0.013174264988412968,0.0,0.0
1,0.02,0.0,tight,0.58,0.4828948111410757,0.013174264988412968,0.0,0.0
1,0.02,0.25,spare,0.5945938763769157,0.5491604381253762,0.009880698741309726,0.003293566247103242,0.0030827780072886354
1,0.02,0.25,tight,0.58,0.5376088078969877,0.009880698741309726,0.003293566247103242,0.0071931486836734814
1,0.02,0.5,spare,0.5994250272747709,0.6064670463412761,0.006587132494206484,0.006587132494206484,0.006165556014577271
1,0.02,0.5,tight,0.58,0.58,0.006587132494206484,0.006587132494206484,0.014386297367346963
1,0.02,0.75,spare,0.6036320488711359,0.6559720382885487,0.003293566247103242,0.009880698741309726,0.009248334021865907
1,0.02,0.75,tight,0.58,0.58,0.003293566247103242,0.009880698741309726,0.021579446051020443
1,0.02,1.0,spare,0.6072955715154272,0.6986832933349019,0.0,0.013174264988412968,0.012331112029154542
1,0.02,1.0,tight,0.58,0.58,0.0,0.013174264988412968,0.028772594734693926
1,0.03,0.0,spare,0.5151425531377859,0.48694084441897806,0.018329453569761366,0.0,0.0
1,0.03,0.0,tight,0.5151425531377859,0.48694084441897806,0.018329453569761366,0.0,0.0
1,0.03,0.25,spare,0.5226608484109788,0.5766304431985649,0.013747090177321024,0.004582363392440341,0.004289092135324161
1,0.03,0.25,tight,0.5218541162803232,0.5608275020516048,0.013747090177321024,0.004582363392440341,0.010007881649089707
1,0.03,0.5,spare,0.5288629001154562,0.6498669973692093,0.009164726784880683,0.009164726784880683,0.008578184270648322
1,0.03,0.5,tight,0.5273906721238135,0.58,0.009164726784880683,0.009164726784880683,0.020015763298179414
1,0.03,0.75,spare,0.5339791457465853,0.7095309756229993,0.004582363392440341,0.013747090177321024,0.012867276405972483
1,0.03,0.75,tight,0.5319579316365503,0.58,0.004582363392440341,0.013747090177321024,0.030023644947269123
1,0.03,1.0,spare,0.5381996796288087,0.7579985570154666,0.0,0.018329453569761366,0.017156368541296645
1,0.03,1.0,tight,0.5357255915403532,0.58,0.0,0.018329453569761366,0.04003152659635883
2,0.0,0.0,spare,0.6553715570107161,0.47861225738532504,0.0,0.0,0.0
2,0.0,0.0,tight,0.58,0.47861225738532504,0.0,0.0,0.0
2,0.0,0.25,spare,0.6553715570107161,0.47861225738532504,0.0,0.0,0.0
2,0.0,0.25,tight,0.58,0.47861225738532504,0.0,0.0,0.0
2,0.0,0.5,spare,0.6553715570107161,0.47861225738532504,0.0,0.0,0.0
2,0.0,0.5,tight,0.58,0.47861225738532504,0.0,0.0,0.0
2,0.0,0.75,spare,0.6553715570107161,0.47861225738532504,0.0,0.0,0.0
2,0.0,0.75,tight,0.58,0.47861225738532504,0.0,0.0,0.0
2,0.0,1.0,spare,0.6553715570107161,0.47861225738532504,0.0,0.0,0.0
2,0.0,1.0,tight,0.58,0.47861225738532504,0.0,0.0,0.0
2,0.0025,0.0,spare,0.6481119173623321,0.4920750097784925,0.0016450675203660468,0.0,0.0
2,0.0025,0.0,tight,0.58,0.4920750097784925,0.0016450675203660468,0.0,0.0
2,0.0025,0.25,spare,0.6488473283096852,0.5008827008206399,0.001233800640274535,0.0004112668800915117,0.0003849457997656551
2,0.0025,0.25,tight,0.58,0.4993830465313085,0.001233800640274535,0.0004112668800915117,0.0008982068661198616
2,0.0025,0.5,spare,0.6495701454310907,0.5095329690384444,0.0008225337601830234,0.0008225337601830234,0.0007698915995313102
2,0.0025,0.5,tight,0.58,0.5065505523276692,0.0008225337601830234,0.0008225337601830234,0.0017964137322397232
2,0.0025,0.75,spare,0.6502805843943366,0.518028510279251,0.0004112668800915117,0.001233800640274535,0.001154837399296965
2,0.0025,0.75,tight,0.58,0.5135799337436698,0.0004112668800915117,0.001233800640274535,0.0026946205983595845
2,0.0025,1.0,spare,0.6509788571739246,0.526371974224336,0.0,0.0016450675203660468,0.0015397831990626204
2,0.0025,1.0,tight,0.58,0.5204735561430724,0.0,0.0016450675203660468,0.0035928274644794465
2,0.005,0.0,spare,0.6402863507710729,0.46569103213349194,0.0032508113754762813,0.0,0.0
2,0.005,0.0,tight,0.58,0.46569103213349194,0.0032508113754762813,0.0,0.0
2,0.005,0.25,spare,0.6417274458906034,0.4829440312657617,0.002438108531607211,0.0008127028438690703,0.00076068986186145
2,0.005,0.25,tight,0.58,0.4799968636492846,0.002438108531607211,0.0008127028438690703,0.0017749430110100498
2,0.005,0.5,spare,0.6431201813989301,0.4995925352579843,0.0016254056877381406,0.0016254056877381406,0.0015213797237229
2,0.005,0.5,tight,0.58,0.49376306388506486,0.0016254056877381406,0.0016254056877381406,0.0035498860220200996
2,0.005,0.75,spare,0.6444661801257775,0.5156568294817159,0.0008127028438690703,0.002438108531607211,0.00228206958558435
2,0.005,0.75,tight,0.58,0.5070077415406276,0.0008127028438690703,0.002438108531607211,0.0053248290330301495
2,0.005,1.0,spare,0.6457670104426921,0.5311565185812874,0.0,0.0032508113754762813,0.0030427594474458
2,0.005,1.0,tight,0.58,0.5197483976322975,0.0,0.0032508113754762813,0.007099772044040199
2,0.01,0.0,spare,0.5949187412002549,0.47484152075532277,0.006344569543920737,0.0,0.0
2,0.01,0.0,tight,0.58,0.47484152075532277,0.006344569543920737,0.0,0.0
2,0.01,0.25,spare,0.5976863732377219,0.5079522919503825,0.004758427157940553,0.0015861423859801842,0.0014846292732774529
2,0.01,0.25,tight,0.58,0.502260612133871,0.004758427157940553,0.0015861423859801842,0.0034641349709807227
2,0.01,0.5,spare,0.6002756383998439,0.5388334772036302,0.0031722847719603685,0.0031722847719603685,0.0029692585465549057
2,0.01,0.5,tight,0.58,0.5276893577908912,0.0031722847719603685,0.0031722847719603685,0.006928269941961445
2,0.01,0.75,spare,0.6026980319799944,0.5676287676822337,0.0015861423859801842,0.004758427157940553,0.004453887819832358
2,0.01,0.75,tight,0.58,0.5512560304672677,0.0015861423859801842,0.004758427157940553,0.01039240491294217
2,0.01,1.0,spare,0.6049643084290024,0.5944725940215573,0.0,0.006344569543920737,0.0059385170931098115
2,0.01,1.0,tight,0.58,0.5730806360506059,0.0,0.006344569543920737,0.01385653988392289
2,0.02,0.0,spare,0.545586049646132,0.48945404820889893,0.012540104331190327,0.0,0.0
2,0.02,0.0,tight,0.545586049646132,0.48945404820889893,0.012540104331190327,0.0,0.0
2,0.02,0.25,spare,0.5508840820604635,0.5527450689745443,0.009405078248392745,0.0031350260827975817,0.0029343844134985374
2,0.02,0.25,tight,0.550315589759671,0.5417264026633049,0.009405078248392745,0.0031350260827975817,0.006846896964829919
2,0.02,0.5,spare,0.5555284923747739,0.6078658134899256,0.006270052165595163,0.006270052165595163,0.005868768826997075
2,0.02,0.5,tight,0.5544616430804934,0.58,0.006270052165595163,0.006270052165595163,0.013693793929659838
2,0.02,0.75,spare,0.5595999184214178,0.6558242546594751,0.0031350260827975817,0.009405078248392745,0.00880315324049561
2,0.02,0.75,tight,0.558096194797244,0.58,0.0031350260827975817,0.009405078248392745,0.020540690894489757
2,0.02,1.0,spare,0.5631690496849098,0.6975040110396267,0.0,0.012540104331190327,0.01173753765399415
2,0.02,1.0,tight,0.5612823492336549,0.58,0.0,0.012540104331190327,0.027387587859319676
2,0.03,0.0,spare,0.49319203239173803,0.485883875458849,0.01884004442834093,0.0,0.0
2,0.03,0.0,tight,0.49319203239173803,0.485883875458849,0.01884004442834093,0.0,0.0
2,0.03,0.25,spare,0.5008997438921393,0.5778216988176336,0.014130033321255696,0.004710011107085232,0.004408570396231779
2,0.03,0.25,tight,0.5000726869204122,0.5616053928094022,0.014130033321255696,0.004710011107085232,0.01028666425787415
2,0.03,0.5,spare,0.5072240533672654,0.652466996860478,0.009420022214170464,0.009420022214170464,0.008817140792463558
2,0.03,0.5,tight,0.5057183819660166,0.58,0.009420022214170464,0.009420022214170464,0.0205733285157483
2,0.03,0.75,spare,0.5124132577549864,0.7129234813107582,0.004710011107085232,0.014130033321255696,0.013225711188695337
2,0.03,0.75,tight,0.5103507715759195,0.58,0.004710011107085232,0.014130033321255696,0.030859992773622447
2,0.03,1.0,spare,0.5166710889511749,0.7617378008668828,0.0,0.01884004442834093,0.017634281584927115
2,0.03,1.0,tight,0.5141517266974053,0.58,0.0,0.01884004442834093,0.0411466570314966
3,0.0,0.0,spare,0.6488880343367154,0.4779394103113033,0.0,0.0,0.0
3,0.0,0.0,tight,0.58,0.4779394103113033,0.0,0.0,0.0
3,0.0,0.25,spare,0.6488880343367154,0.4779394103113033,0.0,0.0,0.0
3,0.0,0.25,tight,0.58,0.4779394103113033,0.0,0.0,0.0
3,0.0,0.5,spare,0.6488880343367154,0.4779394103113033,0.0,0.0,0.0
3,0.0,0.5,tight,0.58,0.4779394103113033,0.0,0.0,0.0
3,0.0,0.75,spare,0.6488880343367154,0.4779394103113033,0.0,0.0,0.0
3,0.0,0.75,tight,0.58,0.4779394103113033,0.0,0.0,0.0
3,0.0,1.0,spare,0.6488880343367154,0.4779394103113033,0.0,0.0,0.0
3,0.0,1.0,tight,0.58,0.4779394103113033,0.0,0.0,0.0
3,0.0025,0.0,spare,0.6586761886200572,0.4980527543698939,0.0016157091806367852,0.0,0.0
3,0.0025,0.0,tight,0.58,0.4980527543698939,0.0016157091806367852,0.0,0.0
3,0.0025,0.25,spare,0.659398586233734,0.5067046485925851,0.001211781885477589,0.0004039272951591963,0.0003780759482690078
3,0.0025,0.25,tight,0.58,0.5052316086511637,0.001211781885477589,0.0004039272951591963,0.0008821772126276847
3,0.0025,0.5,spare,0.660108831781645,0.515204641993204,0.0008078545903183926,0.0008078545903183926,0.0007561518965380156
3,0.0025,0.5,tight,0.58,0.512274861453415,0.0008078545903183926,0.0008078545903183926,0.0017643544252553694
3,0.0025,0.75,spare,0.6608071296840424,0.5235552898249031,0.0004039272951591963,0.001211781885477589,0.0011342278448070236
3,0.0025,0.75,tight,0.58,0.5191847938446634,0.0004039272951591963,0.001211781885477589,0.0026465316378830542
3,0.0025,1.0,spare,0.6614936809224513,0.5317591043567443,0.0,0.0016157091806367852,0.0015123037930760313
3,0.0025,1.0,tight,0.58,0.5259636485211358,0.0,0.0016157091806367852,0.003528708850510739
3,0.005,0.0,spare,0.6263146573790713,0.5018241774727001,0.003244461419839741,0.0,0.0
3,0.005,0.0,tight,0.58,0.5018241774727001,0.003244461419839741,0.0,0.0
3,0.005,0.25,spare,0.6277529852194992,0.5190440715058054,0.002433346064879806,0.0008111153549599352,0.0007592039722424996
3,0.005,0.25,tight,0.58,0.5161025967762207,0.002433346064879806,0.0008111153549599352,0.0017714759352324987
3,0.005,0.5,spare,0.6291431389965759,0.5356617897470219,0.0016222307099198704,0.0016222307099198704,0.0015184079444849992
3,0.005,0.5,tight,0.58,0.5298434552759538,0.0016222307099198704,0.0016222307099198704,0.0035429518704649973
3,0.005,0.75,spare,0.6304867322091955,0.5516975009325248,0.0008111153549599352,0.002433346064879806,0.0022776119167274987
3,0.005,0.75,tight,0.58,0.543064757551585,0.0008111153549599352,0.002433346064879806,0.005314427805697497
3,0.005,1.0,spare,0.6317853243151664,0.5671706982849192,0.0,0.003244461419839741,0.0030368158889699983
3,0.005,1.0,tight,0.58,0.555783905153547,0.0,0.003244461419839741,0.007085903740929995
3,0.01,0.0,spare,0.5829313487918093,0.4924976238157568,0.006323236130650519,0.0,0.0
3,0.01,0.0,tight,0.58,0.4924976238157568,0.006323236130650519,0.0,0.0
3,0.01,0.25,spare,0.5856899802811036,0.5255008801773633,0.004742427097987889,0.0015808090326626298,0.001479637254572222
3,0.01,0.25,tight,0.58,0.5198279286560685,0.004742427097987889,0.0015808090326626298,0.003452486927335184
3,0.01,0.5,spare,0.5882714031337146,0.556289028580429,0.0031616180653252597,0.0031616180653252597,0.002959274509144444
3,0.01,0.5,tight,0.58,0.5451808122338379,0.0031616180653252597,0.0031616180653252597,0.006904973854670368
3,0.01,0.75,spare,0.5906870008566592,0.5850043628626638,0.0015808090326626298,0.004742427097987889,0.004438911763716666
3,0.01,0.75,tight,0.58,0.5686832998974825,0.0015808090326626298,0.004742427097987889,0.010357460782005551
3,0.01,1.0,spare,0.5929474257046041,0.6117800362074037,0.0,0.006323236130650519,0.005918549018288888
3,0.01,1.0,tight,0.58,0.58,0.0,0.006323236130650519,0.013809947709340737
3,0.02,0.0,spare,0.5514050561947409,0.49188658568423216,0.012720259380069916,0.0,0.0
3,0.02,0.0,tight,0.5514050561947409,0.49188658568423216,0.012720259380069916,0.0,0.0
3,0.02,0.25,spare,0.5567742334649272,0.5560247608666236,0.009540194535052436,0.003180064845017479,0.0029765406949363612
3,0.02,0.25,tight,0.5561981071408534,0.5448544608891213,0.009540194535052436,0.003180064845017479,0.006945261621518175
3,0.02,0.5,spare,0.561472116385293,0.6117717566762607,0.006360129690034958,0.006360129690034958,0.0059530813898727225
3,0.02,0.5,tight,0.5603918953216273,0.58,0.006360129690034958,0.006360129690034958,0.01389052324303635
3,0.02,0.75,spare,0.5655826351524821,0.6601767005711879,0.003180064845017479,0.009540194535052436,0.008929622084809083
3,0.02,0.75,tight,0.5640613450109658,0.58,0.003180064845017479,0.009540194535052436,0.020835784864554525
3,0.02,1.0,spare,0.5691792263876884,0.7021575503163313,0.0,0.012720259380069916,0.011906162779745445
3,0.02,1.0,tight,0.5672720128945555,0.58,0.0,0.012720259380069916,0.0277810464860727
3,0.03,0.0,spare,0.5344701535409783,0.5074819905616786,0.018659125574391137,0.0,0.0
3,0.03,0.0,tight,0.5344701535409783,0.5074819905616786,0.018659125574391137,0.0,0.0
3,0.03,0.25,spare,0.5421108648793729,0.5986246469072043,0.013994344180793353,0.004664781393597784,0.004366235384407527
3,0.03,0.25,tight,0.5412909971947761,0.58,0.013994344180793353,0.004664781393597784,0.010187882563617561
3,0.03,0.5,spare,0.5483921204205277,0.6727741057872306,0.009329562787195569,0.009329562787195569,0.008732470768815054
3,0.03,0.5,tight,0.5468982581026028,0.58,0.009329562787195569,0.009329562787195569,0.020375765127235122
3,0.03,0.75,spare,0.5535557981758995,0.7329538423449722,0.004664781393597784,0.013994344180793353,0.013098706153222582
3,0.03,0.75,tight,0.5515078601524803,0.58,0.004664781393597784,0.013994344180793353,0.030563647690852687
3,0.03,1.0,spare,0.5578007405742185,0.7816493869395507,0.0,0.018659125574391137,0.01746494153763011
3,0.03,1.0,tight,0.5552973094767619,0.58,0.0,0.018659125574391137,0.040751530254470245
4,0.0,0.0,spare,0.6878161159075653,0.5054481359047303,0.0,0.0,0.0
4,0.0,0.0,tight,0.58,0.5054481359047303,0.0,0.0,0.0
4,0.0,0.25,spare,0.6878161159075653,0.5054481359047303,0.0,0.0,0.0
4,0.0,0.25,tight,0.58,0.5054481359047303,0.0,0.0,0.0
4,0.0,0.5,spare,0.6878161159075653,0.5054481359047303,0.0,0.0,0.0
4,0.0,0.5,tight,0.58,0.5054481359047303,0.0,0.0,0.0
4,0.0,0.75,spare,0.6878161159075653,0.5054481359047303,0.0,0.0,0.0
4,0.0,0.75,tight,0.58,0.5054481359047303,0.0,0.0,0.0
4,0.0,1.0,spare,0.6878161159075653,0.5054481359047303,0.0,0.0,0.0
4,0.0,1.0,tight,0.58,0.5054481359047303,0.0,0.0,0.0
4,0.0025,0.0,spare,0.6508068097815932,0.49313468892225476,0.0016808113395687908,0.0,0.0
4,0.0025,0.0,tight,0.58,0.49313468892225476,0.0016808113395687908,0.0,0.0
4,0.0025,0.25,spare,0.6515580590664632,0.5021319951296714,0.0012606085046765931,0.0004202028348921977,0.0003933098534590971
4,0.0025,0.25,tight,0.58,0.5005999450969673,0.0012606085046765931,0.0004202028348921977,0.0009177229914045598
4,0.0025,0.5,spare,0.6522961662246564,0.5109650247536255,0.0008404056697843954,0.0008404056697843954,0.0007866197069181942
4,0.0025,0.5,tight,0.58,0.5079185519818227,0.0008404056697843954,0.0008404056697843954,0.0018354459828091197
4,0.0025,0.75,spare,0.6530213611605424,0.5196366515987425,0.0004202028348921977,0.0012606085046765931,0.0011799295603772916
4,0.0025,0.75,tight,0.58,0.5150930750149295,0.0004202028348921977,0.0012606085046765931,0.0027531689742136796
4,0.0025,1.0,spare,0.6537338697566144,0.5281496991961835,0.0,0.0016808113395687908,0.0015732394138363885
4,0.0025,1.0,tight,0.58,0.5221260347554015,0.0,0.0016808113395687908,0.0036708919656182394
4,0.005,0.0,spare,0.6183319263907032,0.4787528991090051,0.0031850264835313266,0.0,0.0
4,0.005,0.0,tight,0.58,0.4787528991090051,0.0031850264835313266,0.0,0.0
4,0.005,0.25,spare,0.6197443438337591,0.49566282095005754,0.002388769862648495,0.0007962566208828317,0.0007452961971463306
4,0.005,0.25,tight,0.58,0.49277464306163654,0.002388769862648495,0.0007962566208828317,0.0017390244600081046
4,0.005,0.5,spare,0.6211103072195906,0.5119920670758041,0.0015925132417656633,0.0015925132417656633,0.0014905923942926612
4,0.005,0.5,tight,0.58,0.5062780192743747,0.0015925132417656633,0.0015925132417656633,0.003478048920016209
4,0.005,0.75,spare,0.6224313444105467,0.5277597357656094,0.0007962566208828317,0.002388769862648495,0.002235888591438992
4,0.005,0.75,tight,0.58,0.5192800767328227,0.0007962566208828317,0.002388769862648495,0.005217073380024313
4,0.005,1.0,spare,0.6237089330179654,0.5429842971611968,0.0,0.0031850264835313266,0.0029811847885853225
4,0.005,1.0,tight,0.58,0.5317973036857021,0.0,0.0031850264835313266,0.006956097840032418
4,0.01,0.0,spare,0.6346059316186244,0.4962607362608666,0.006513989298651849,0.0,0.0
4,0.01,0.0,tight,0.58,0.4962607362608666,0.006513989298651849,0.0,0.0
4,0.01,0.25,spare,0.6374449701637426,0.5302244445789592,0.0048854919739888866,0.0016284973246629623,0.0015242734958845331
4,0.01,0.25,tight,0.58,0.5243841295592012,0.0048854919739888866,0.0016284973246629623,0.00355663815706391
4,0.01,0.5,spare,0.640096319162925,0.5618420335728547,0.0032569946493259247,0.0032569946493259247,0.0030485469917690662
4,0.01,0.5,tight,0.58,0.5504131480807931,0.0032569946493259247,0.0032569946493259247,0.00711327631412782
4,0.01,0.75,spare,0.6425723868188409,0.5912686057759179,0.0016284973246629623,0.0048854919739888866,0.0045728204876536
4,0.01,0.75,tight,0.58,0.5744862514642207,0.0016284973246629623,0.0048854919739888866,0.01066991447119173
4,0.01,1.0,spare,0.6448847610247878,0.6186490098543697,0.0,0.006513989298651849,0.0060970939835381325
4,0.01,1.0,tight,0.58,0.58,0.0,0.006513989298651849,0.01422655262825564
4,0.02,0.0,spare,0.5812903458106374,0.5017483842449096,0.013147629690928277,0.0,0.0
4,0.02,0.0,tight,0.58,0.5017483842449096,0.013147629690928277,0.0,0.0
4,0.02,0.25,spare,0.586827758149021,0.5678894931270265,0.009860722268196207,0.0032869074227320693,0.003076545347677218
4,0.02,0.25,tight,0.58,0.5563602029994551,0.009860722268196207,0.0032869074227320693,0.007178605811246841
4,0.02,0.5,spare,0.5916511490780044,0.6251053343916408,0.006573814845464139,0.006573814845464139,0.006153090695354436
4,0.02,0.5,tight,0.58,0.58,0.006573814845464139,0.006573814845464139,0.014357211622493682
4,0.02,0.75,spare,0.595852588059265,0.6745467763097227,0.0032869074227320693,0.009860722268196207,0.009229636043031652
4,0.02,0.75,tight,0.58,0.58,0.0032869074227320693,0.009860722268196207,0.021535817433740518
4,0.02,1.0,spare,0.5995122726614787,0.7172162884897159,0.0,0.013147629690928277,0.012306181390708873
4,0.02,1.0,tight,0.58,0.58,0.0,0.013147629690928277,0.028714423244987363
4,0.03,0.0,spare,0.5063211574476567,0.4999392766726089,0.01826110801589698,0.0,0.0
4,0.03,0.0,tight,0.5063211574476567,0.4999392766726089,0.01826110801589698,0.0,0.0
4,0.03,0.25,spare,0.5138140211079071,0.5893269731500181,0.013695831011922736,0.004565277003974245,0.004273099275719895
4,0.03,0.25,tight,0.513010017853752,0.5735794667721206,0.013695831011922736,0.004565277003974245,0.009970564976679752
4,0.03,0.5,spare,0.5199995308693333,0.6623727458921267,0.00913055400794849,0.00913055400794849,0.00854619855143979
4,0.03,0.5,tight,0.51853180674659,0.58,0.00913055400794849,0.00913055400794849,0.019941129953359504
4,0.03,0.75,spare,0.52510579367399,0.721927931674615,0.004565277003974245,0.013695831011922736,0.012819297827159685
4,0.03,0.75,tight,0.5230901546154266,0.58,0.004565277003974245,0.013695831011922736,0.02991169493003926
4,0.03,1.0,spare,0.5293211163936825,0.7703463663950516,0.0,0.01826110801589698,0.01709239710287958
4,0.03,1.0,tight,0.526853162527641,0.58,0.0,0.01826110801589698,0.03988225990671901
5,0.0,0.0,spare,0.6346423581821616,0.5014376705108554,0.0,0.0,0.0
5,0.0,0.0,tight,0.58,0.5014376705108554,0.0,0.0,0.0
5,0.0,0.25,spare,0.6346423581821616,0.5014376705108554,0.0,0.0,0.0
5,0.0,0.25,tight,0.58,0.5014376705108554,0.0,0.0,0.0
5,0.0,0.5,spare,0.6346423581821616,0.5014376705108554,0.0,0.0,0.0
5,0.0,0.5,tight,0.58,0.5014376705108554,0.0,0.0,0.0
5,0.0,0.75,spare,0.6346423581821616,0.5014376705108554,0.0,0.0,0.0
5,0.0,0.75,tight,0.58,0.5014376705108554,0.0,0.0,0.0
5,0.0,1.0,spare,0.6346423581821616,0.5014376705108554,0.0,0.0,0.0
5,0.0,1.0,tight,0.58,0.5014376705108554,0.0,0.0,0.0
5,0.0025,0.0,spare,0.6458509565782767,0.48274519510200703,0.0016249318886216518,0.0,0.0
5,0.0025,0.0,tight,0.58,0.48274519510200703,0.0016249318886216518,0.0,0.0
5,0.0025,0.25,spare,0.6465774426678389,0.4914460371595968,0.0012186989164662389,0.00040623297215541294,0.0003802340619374666
5,0.0025,0.25,tight,0.58,0.48996463593552425,0.0012186989164662389,0.00040623297215541294,0.000887212811187422
5,0.0025,0.5,spare,0.6472916387509199,0.49999325413617185,0.0008124659443108259,0.0008124659443108259,0.0007604681238749332
5,0.0025,0.5,tight,0.58,0.4970469360484338,0.0008124659443108259,0.0008124659443108259,0.001774425622374844
5,0.0025,0.75,spare,0.6479937527382581,0.5083894449159622,0.00040623297215541294,0.0012186989164662389,0.0011407021858124
5,0.0025,0.75,tight,0.58,0.5039944154581032,0.00040623297215541294,0.0012186989164662389,0.0026616384335622664
5,0.0025,1.0,spare,0.6486839890233542,0.5166371644177253,0.0,0.0016249318886216518,0.0015209362477498665
5,0.0025,1.0,tight,0.58,0.5108093549340345,0.0,0.0016249318886216518,0.003548851244749688
5,0.005,0.0,spare,0.6241595713046896,0.4938595659863535,0.0031850289194867033,0.0,0.0
5,0.005,0.0,tight,0.58,0.4938595659863535,0.0031850289194867033,0.0,0.0
5,0.005,0.25,spare,0.6255719898100208,0.5107695005358344,0.0023887716896150274,0.0007962572298716758,0.0007452967671598889
5,0.005,0.25,tight,0.58,0.5078813204625847,0.0023887716896150274,0.0007962572298716758,0.0017390257900397402
5,0.005,0.5,spare,0.6269379541882516,0.5270987584965593,0.0015925144597433516,0.0015925144597433516,0.0014905935343197778
5,0.005,0.5,tight,0.58,0.5213847064191962,0.0015925144597433516,0.0015925144597433516,0.0034780515800794803
5,0.005,0.75,spare,0.6282589923051785,0.5428664381909851,0.0007962572298716758,0.0023887716896150274,0.0022358903014796662
5,0.005,0.75,tight,0.58,0.5343867728802592,0.0007962572298716758,0.0023887716896150274,0.0052170773701192205
5,0.005,1.0,spare,0.6295365817754354,0.5580910098020362,0.0,0.0031850289194867033,0.0029811870686395556
5,0.005,1.0,tight,0.58,0.5469040081312752,0.0,0.0031850289194867033,0.006956103160158961
5,0.01,0.0,spare,0.6442657956162484,0.5037888621594083,0.006582135144955798,0.0,0.0
5,0.01,0.0,tight,0.58,0.5037888621594083,0.006582135144955798,0.0,0.0
5,0.01,0.25,spare,0.6471335202559052,0.5380952005311981,0.004936601358716848,0.0016455337862389494,0.001540219623919657
5,0.01,0.25,tight,0.58,0.532195147874629,0.004936601358716848,0.0016455337862389494,0.003593845789145866
5,0.01,0.5,spare,0.6498097432979256,0.5700077689325337,0.003291067572477899,0.003291067572477899,0.003080439247839314
5,0.01,0.5,tight,0.58,0.5584645212019183,0.003291067572477899,0.003291067572477899,0.007187691578291732
5,0.01,0.75,spare,0.652307252881516,0.599686419103494,0.0016455337862389494,0.004936601358716848,0.004620658871758971
5,0.01,0.75,tight,0.58,0.58,0.0016455337862389494,0.004936601358716848,0.010781537367437598
5,0.01,1.0,spare,0.654637983176483,0.6272803281666625,0.0,0.006582135144955798,0.006160878495678628
5,0.01,1.0,tight,0.58,0.58,0.0,0.006582135144955798,0.014375383156583463
5,0.02,0.0,spare,0.5574531596638975,0.4799085112413701,0.012655738536739137,0.0,0.0
5,0.02,0.0,tight,0.5574531596638975,0.4799085112413701,0.012655738536739137,0.0,0.0
5,0.02,0.25,spare,0.5627968725372593,0.5437434793407944,0.009491803902554352,0.0031639346341847843,0.002961442817596959
5,0.02,0.25,tight,0.5622234786074797,0.532627464795088,0.009491803902554352,0.0031639346341847843,0.006910033241059569
5,0.02,0.5,spare,0.5674756434566127,0.5992666730151149,0.006327869268369569,0.006327869268369569,0.005922885635193918
5,0.02,0.5,tight,0.5664002055533705,0.5779265183776628,0.006327869268369569,0.006327869268369569,0.013820066482119139
5,0.02,0.75,spare,0.5715722141060039,0.6475123633149075,0.0031639346341847843,0.009491803902554352,0.008884328452790876
5,0.02,0.75,tight,0.5700572037932891,0.58,0.0031639346341847843,0.009491803902554352,0.02073009972317871
5,0.02,1.0,spare,0.5751590302538164,0.6893861223449687,0.0,0.012655738536739137,0.011845771270387837
5,0.02,1.0,tight,0.5732591454811277,0.58,0.0,0.012655738536739137,0.027640132964238277
5,0.03,0.0,spare,0.5200432941943838,0.4772748402886078,0.018761220940244405,0.0,0.0
5,0.03,0.0,tight,0.5200432941943838,0.4772748402886078,0.018761220940244405,0.0,0.0
5,0.03,0.25,spare,0.5277218304277902,0.5688664175061706,0.014070915705183304,0.004690305235061101,0.004390125700017192
5,0.03,0.25,tight,0.5268979040361281,0.5527138366770383,0.014070915705183304,0.004690305235061101,0.010243626633373446
5,0.03,0.5,spare,0.5340274177349732,0.6432961331459418,0.009380610470122203,0.009380610470122203,0.008780251400034383
5,0.03,0.5,tight,0.532526885849843,0.58,0.009380610470122203,0.009380610470122203,0.020487253266746892
5,0.03,0.75,spare,0.5392055441486412,0.7036325876167742,0.004690305235061101,0.014070915705183304,0.013170377100051577
5,0.03,0.75,tight,0.5371493861803751,0.58,0.004690305235061101,0.014070915705183304,0.030730879900120342
5,0.03,1.0,spare,0.5434578035893093,0.7523957049251075,0.0,0.018761220940244405,0.017560502800068767
5,0.03,1.0,tight,0.5409453674098239,0.58,0.0,0.018761220940244405,0.040974506533493785
6,0.0,0.0,spare,0.6547321618557104,0.483902730514449,0.0,0.0,0.0
6,0.0,0.0,tight,0.58,0.483902730514449,0.0,0.0,0.0
6,0.0,0.25,spare,0.6547321618557104,0.483902730514449,0.0,0.0,0.0
6,0.0,0.25,tight,0.58,0.483902730514449,0.0,0.0,0.0
6,0.0,0.5,spare,0.6547321618557104,0.483902730514449,0.0,0.0,0.0
6,0.0,0.5,tight,0.58,0.483902730514449,0.0,0.0,0.0
6,0.0,0.75,spare,0.6547321618557104,0.483902730514449,0.0,0.0,0.0
6,0.0,0.75,tight,0.58,0.483902730514449,0.0,0.0,0.0
6,0.0,1.0,spare,0.6547321618557104,0.483902730514449,0.0,0.0,0.0
6,0.0,1.0,tight,0.58,0.483902730514449,0.0,0.0,0.0
6,0.0025,0.0,spare,0.6394888095906122,0.5097773115741597,0.0016483552729171446,0.0,0.0
6,0.0025,0.0,tight,0.58,0.5097773115741597,0.0016483552729171446,0.0,0.0
6,0.0025,0.25,spare,0.6402256776124765,0.5186024467136009,0.0012362664546878585,0.00041208881822928615,0.000385715133862612
6,0.0025,0.25,tight,0.58,0.517099812298141,0.0012362664546878585,0.00041208881822928615,0.000900001979012761
6,0.0025,0.5,spare,0.6409499018544962,0.5272695346049847,0.0008241776364585723,0.0008241776364585723,0.000771430267725224
6,0.0025,0.5,tight,0.58,0.5242812246441991,0.0008241776364585723,0.0008241776364585723,0.001800003958025522
6,0.0025,0.75,spare,0.6416616992689125,0.5357812871513252,0.00041208881822928615,0.0012362664546878585,0.001157145401587836
6,0.0025,0.75,tight,0.58,0.5313239695212842,0.00041208881822928615,0.0012362664546878585,0.0027000059370382835
6,0.0025,1.0,spare,0.6423612830853236,0.5441403697226024,0.0,0.0016483552729171446,0.001542860535450448
6,0.0025,1.0,tight,0.58,0.5382304262984247,0.0,0.0016483552729171446,0.003600007916051044
6,0.005,0.0,spare,0.6318434233389545,0.4779933601616214,0.0032504079941402444,0.0,0.0
6,0.005,0.0,tight,0.58,0.4779933601616214,0.0032504079941402444,0.0,0.0
6,0.005,0.25,spare,0.6332843426723919,0.4952442563589603,0.0024378059956051833,0.0008126019985350611,0.0007605954706288175
6,0.005,0.25,tight,0.58,0.49229745037612427,0.0024378059956051833,0.0008126019985350611,0.0017747227648005738
6,0.005,0.5,spare,0.6346769141918047,0.5118908048809913,0.0016252039970701222,0.0016252039970701222,0.001521190941257635
6,0.005,0.5,tight,0.58,0.5060620409520141,0.0016252039970701222,0.0016252039970701222,0.0035494455296011477
6,0.005,0.75,spare,0.636022760133127,0.5279532836768915,0.0008126019985350611,0.0024378059956051833,0.002281786411886452
6,0.005,0.75,tight,0.58,0.5193052339631464,0.0008126019985350611,0.0024378059956051833,0.0053241682944017215
6,0.005,1.0,spare,0.6373234483006817,0.5434512903006958,0.0,0.0032504079941402444,0.00304238188251527
6,0.005,1.0,tight,0.58,0.5320445240963569,0.0,0.0032504079941402444,0.007098891059202295
6,0.01,0.0,spare,0.6009340201475661,0.504604022580752,0.006350917015205993,0.0,0.0
6,0.01,0.0,tight,0.58,0.504604022580752,0.006350917015205993,0.0,0.0
6,0.01,0.25,spare,0.603704329788394,0.5377467785095412,0.0047631877614044945,0.0015877292538014982,0.0014861145815582028
6,0.01,0.25,tight,0.58,0.5320495268616836,0.0047631877614044945,0.0015877292538014982,0.0034676006903024727
6,0.01,0.5,spare,0.6062959272574151,0.5686556322907477,0.0031754585076029965,0.0031754585076029965,0.0029722291631164056
6,0.01,0.5,tight,0.58,0.5575008323551309,0.0031754585076029965,0.0031754585076029965,0.006935201380604945
6,0.01,0.75,spare,0.6087203412443766,0.5974746925462073,0.0015877292538014982,0.0047631877614044945,0.004458343744674608
6,0.01,0.75,tight,0.58,0.58,0.0015877292538014982,0.0047631877614044945,0.010402802070907416
6,0.01,1.0,spare,0.6109883567253432,0.6243387714767329,0.0,0.006350917015205993,0.005944458326232811
6,0.01,1.0,tight,0.58,0.58,0.0,0.006350917015205993,0.01387040276120989
6,0.02,0.0,spare,0.553188956679665,0.4867857331414742,0.01255059833010187,0.0,0.0
6,0.02,0.0,tight,0.553188956679665,0.4867857331414742,0.01255059833010187,0.0,0.0
6,0.02,0.25,spare,0.5584911369612718,0.550126146652317,0.009412948747576403,0.0031376495825254677,0.0029368400092438384
6,0.02,0.25,tight,0.5579221995838118,0.5390986427550746,0.009412948747576403,0.0031376495825254677,0.006852626688235622
6,0.02,0.5,spare,0.5631386712914382,0.6052834857701535,0.006275299165050935,0.006275299165050935,0.005873680018487677
6,0.02,0.5,tight,0.5620710417056741,0.58,0.006275299165050935,0.006275299165050935,0.013705253376471244
6,0.02,0.75,spare,0.5672123870466349,0.6532680927008684,0.0031376495825254677,0.009412948747576403,0.008810520027731516
6,0.02,0.75,tight,0.5657076374394489,0.58,0.0031376495825254677,0.009412948747576403,0.02055788006470687
6,0.02,1.0,spare,0.5707831320643578,0.6949655654131605,0.0,0.01255059833010187,0.011747360036975353
6,0.02,1.0,tight,0.5688952324701732,0.58,0.0,0.01255059833010187,0.027410506752942487
6,0.03,0.0,spare,0.5104444659266577,0.48358094595129303,0.01857843690483378,0.0,0.0
6,0.03,0.0,tight,0.5104444659266577,0.48358094595129303,0.01857843690483378,0.0,0.0
6,0.03,0.25,spare,0.5180552545494881,0.5743684495009417,0.013933827678625336,0.004644609226208445,0.004347354235731106
6,0.03,0.25,tight,0.5172385976480816,0.5583637659190518,0.013933827678625336,0.004644609226208445,0.010143826550039245
6,0.03,0.5,spare,0.5243172143845622,0.648295593203637,0.00928921845241689,0.00928921845241689,0.008694708471462212
6,0.03,0.5,tight,0.5228286333279764,0.58,0.00928921845241689,0.00928921845241689,0.02028765310007849
6,0.03,0.75,spare,0.5294693928143317,0.7083504693400244,0.004644609226208445,0.013933827678625336,0.013042062707193318
6,0.03,0.75,tight,0.5274279699590224,0.58,0.004644609226208445,0.013933827678625336,0.030431479650117735
6,0.03,1.0,spare,0.5337084718361261,0.7569916028767234,0.0,0.01857843690483378,0.017389416942924424
6,0.03,1.0,tight,0.5312121850619357,0.58,0.0,0.01857843690483378,0.04057530620015698
7,0.0,0.0,spare,0.6654782236145458,0.509210166211963,0.0,0.0,0.0
7,0.0,0.0,tight,0.58,0.509210166211963,0.0,0.0,0.0
7,0.0,0.25,spare,0.6654782236145458,0.509210166211963,0.0,0.0,0.0
7,0.0,0.25,tight,0.58,0.509210166211963,0.0,0.0,0.0
7,0.0,0.5,spare,0.6654782236145458,0.509210166211963,0.0,0.0,0.0
7,0.0,0.5,tight,0.58,0.509210166211963,0.0,0.0,0.0
7,0.0,0.75,spare,0.6654782236145458,0.509210166211963,0.0,0.0,0.0
7,0.0,0.75,tight,0.58,0.509210166211963,0.0,0.0,0.0
7,0.0,1.0,spare,0.6654782236145458,0.509210166211963,0.0,0.0,0.0
7,0.0,1.0,tight,0.58,0.509210166211963,0.0,0.0,0.0
7,0.0025,0.0,spare,0.6800639037508512,0.48372617342626373,0.0016805415928613347,0.0,0.0
7,0.0025,0.0,tight,0.58,0.48372617342626373,0.0016805415928613347,0.0,0.0
7,0.0025,0.25,spare,0.6808150335313184,0.4927220489493741,0.001260406194646001,0.0004201353982153337,0.0003932467327295524
7,0.0025,0.25,tight,0.58,0.49119024336670764,0.001260406194646001,0.0004201353982153337,0.0009175757097022888
7,0.0025,0.5,spare,0.6815530253659234,0.5015537001492073,0.0008402707964306674,0.0008402707964306674,0.0007864934654591048
7,0.0025,0.5,tight,0.58,0.49850771066982974,0.0008402707964306674,0.0008402707964306674,0.0018351514194045776
7,0.0025,0.75,spare,0.6822781090493383,0.5102239994591626,0.0004201353982153337,0.001260406194646001,0.0011797401981886574
7,0.0025,0.75,tight,0.58,0.5056811395496479,0.0004201353982153337,0.001260406194646001,0.0027527271291068666
7,0.0025,1.0,spare,0.682990510356916,0.5187357690711557,0.0,0.0016805415928613347,0.0015729869309182097
7,0.0025,1.0,tight,0.58,0.5127130493697352,0.0,0.0016805415928613347,0.0036703028388091552
7,0.005,0.0,spare,0.645981901960687,0.500864107673665,0.0032966769948060367,0.0,0.0
7,0.005,0.0,tight,0.58,0.500864107673665,0.0032966769948060367,0.0,0.0
7,0.005,0.25,spare,0.6474429796107293,0.5183561558824084,0.0024725077461045276,0.0008241692487015092,0.0007714224167846128
7,0.005,0.25,tight,0.58,0.5153678759908218,0.0024725077461045276,0.0008241692487015092,0.0017999856391640963
7,0.005,0.5,spare,0.6488543472221293,0.5352268286081235,0.0016483384974030184,0.0016483384974030184,0.0015428448335692256
7,0.005,0.5,tight,0.58,0.5293169439885539,0.0016483384974030184,0.0016483384974030184,0.0035999712783281925
7,0.005,0.75,spare,0.6502176960725147,0.5514972668211566,0.0008241692487015092,0.0024725077461045276,0.0023142672503538384
7,0.005,0.75,tight,0.58,0.542730184157528,0.0008241692487015092,0.0024725077461045276,0.005399956917492289
7,0.005,1.0,spare,0.6515346598974132,0.5671878922156037,0.0,0.0032966769948060367,0.0030856896671384512
7,0.005,1.0,tight,0.58,0.5556258268923249,0.0,0.0032966769948060367,0.007199942556656385
7,0.01,0.0,spare,0.6009128198077199,0.4946227930803136,0.006475790044429406,0.0,0.0
7,0.01,0.0,tight,0.58,0.4946227930803136,0.006475790044429406,0.0,0.0
7,0.01,0.25,spare,0.6037357693404743,0.5283943273693469,0.004856842533322054,0.0016189475111073515,0.0015153348703964814
7,0.01,0.25,tight,0.58,0.5225875104142643,0.004856842533322054,0.0016189475111073515,0.003535781364258456
7,0.01,0.5,spare,0.6063731505967646,0.5598462582025777,0.003237895022214703,0.003237895022214703,0.0030306697407929627
7,0.01,0.5,tight,0.58,0.54848152362001,0.003237895022214703,0.003237895022214703,0.007071562728516912
7,0.01,0.75,spare,0.6088371620182667,0.5891310661009574,0.0016189475111073515,0.004856842533322054,0.004546004611189444
7,0.01,0.75,tight,0.58,0.5724409516722896,0.0016189475111073515,0.004856842533322054,0.010607344092775368
7,0.01,1.0,spare,0.6111392001747951,0.616391208187166,0.0,0.006475790044429406,0.0060613394815859254
7,0.01,1.0,tight,0.58,0.58,0.0,0.006475790044429406,0.014143125457033823
7,0.02,0.0,spare,0.5594235772755061,0.4889578119505768,0.012473379405656366,0.0,0.0
7,0.02,0.0,tight,0.5594235772755061,0.4889578119505768,0.012473379405656366,0.0,0.0
7,0.02,0.25,spare,0.5646952252422601,0.5519346407540808,0.009355034554242275,0.0031183448514140915,0.0029187707809235903
7,0.02,0.25,tight,0.5641295640595385,0.540972181595494,0.009355034554242275,0.0031183448514140915,0.0068104651554883764
7,0.02,0.5,spare,0.5693197450354539,0.6068223673880782,0.006236689702828183,0.006236689702828183,0.005837541561847181
7,0.02,0.5,tight,0.5682578611625533,0.58,0.006236689702828183,0.006236689702828183,0.013620930310976753
7,0.02,0.75,spare,0.5733765757366904,0.6546139803726122,0.0031183448514140915,0.009355034554242275,0.008756312342770772
7,0.02,0.75,tight,0.5718793836514366,0.58,0.0031183448514140915,0.009355034554242275,0.020431395466465135
7,0.02,1.0,spare,0.5769354047772146,0.6961805725982392,0.0,0.012473379405656366,0.011675083123694361
7,0.02,1.0,tight,0.5750563413195051,0.58,0.0,0.012473379405656366,0.027241860621953506
7,0.03,0.0,spare,0.5165051778863631,0.5085665726936549,0.01887149777807746,0.0,0.0
7,0.03,0.0,tight,0.5165051778863631,0.5085665726936549,0.01887149777807746,0.0,0.0
7,0.03,0.25,spare,0.5242245246080423,0.6006424762345749,0.014153623333558095,0.004717874444519365,0.004415930480070127
7,0.03,0.25,tight,0.5233962191475938,0.58,0.014153623333558095,0.004717874444519365,0.010303837786830295
7,0.03,0.5,spare,0.5305562895066612,0.6753736069872418,0.00943574888903873,0.00943574888903873,0.008831860960140254
7,0.03,0.5,tight,0.5290485696308618,0.58,0.00943574888903873,0.00943574888903873,0.02060767557366059
7,0.03,0.75,spare,0.5357498956726843,0.73587775358246,0.004717874444519365,0.014153623333558095,0.01324779144021038
7,0.03,0.75,tight,0.533684888697103,0.58,0.004717874444519365,0.014153623333558095,0.030911513360490885
7,0.03,1.0,spare,0.540009931450961,0.7847122703308478,0.0,0.01887149777807746,0.01766372192028051
7,0.03,1.0,tight,0.5374878118434333,0.58,0.0,0.01887149777807746,0.04121535114732118
8,0.0,0.0,spare,0.6779980437302017,0.47612852016615925,0.0,0.0,0.0
8,0.0,0.0,tight,0.58,0.47612852016615925,0.0,0.0,0.0
8,0.0,0.25,spare,0.6779980437302017,0.47612852016615925,0.0,0.0,0.0
8,0.0,0.25,tight,0.58,0.47612852016615925,0.0,0.0,0.0
8,0.0,0.5,spare,0.6779980437302017,0.47612852016615925,0.0,0.0,0.0
8,0.0,0.5,tight,0.58,0.47612852016615925,0.0,0.0,0.0
8,0.0,0.75,spare,0.6779980437302017,0.47612852016615925,0.0,0.0,0.0
8,0.0,0.75,tight,0.58,0.47612852016615925,0.0,0.0,0.0
8,0.0,1.0,spare,0.6779980437302017,0.47612852016615925,0.0,0.0,0.0
8,0.0,1.0,tight,0.58,0.47612852016615925,0.0,0.0,0.0
8,0.0025,0.0,spare,0.6505159579636121,0.508304399525016,0.0016292838799029938,0.0,0.0
8,0.0025,0.0,tight,0.58,0.508304399525016,0.0016292838799029938,0.0,0.0
8,0.0025,0.25,spare,0.6512443731767482,0.5170283372613202,0.0012219629099272454,0.00040732096997574845,0.0003812524278973007
8,0.0025,0.25,tight,0.58,0.5155429907178807,0.0012219629099272454,0.00040732096997574845,0.0008895889984270347
8,0.0025,0.5,spare,0.651960433026557,0.5255978329560331,0.0008146419399514969,0.0008146419399514969,0.0007625048557946014
8,0.0025,0.5,tight,0.58,0.5226437118915006,0.0008146419399514969,0.0008146419399514969,0.0017791779968540694
8,0.0025,0.75,spare,0.6526643470844481,0.534015506251774,0.00040732096997574845,0.0012219629099272454,0.001143757283691902
8,0.0025,0.75,tight,0.58,0.529608901594205,0.00040732096997574845,0.0012219629099272454,0.0026687669952811044
8,0.0025,1.0,spare,0.6533563213670851,0.5422839323568395,0.0,0.0016292838799029938,0.0015250097115892028
8,0.0025,1.0,tight,0.58,0.5364408587079162,0.0,0.0016292838799029938,0.003558355993708139
8,0.005,0.0,spare,0.594965821747687,0.4840522411868246,0.0031998823667448053,0.0,0.0
8,0.005,0.0,tight,0.58,0.4840522411868246,0.0031998823667448053,0.0,0.0
8,0.005,0.25,spare,0.59638471706307,0.501039660155294,0.002399911775058604,0.0007999705916862013,0.0007487724738182846
8,0.005,0.25,tight,0.58,0.4981381585799028,0.002399911775058604,0.0007999705916862013,0.001747135772242664
8,0.005,0.5,spare,0.5977567312328677,0.5174410648039469,0.0015999411833724027,0.0015999411833724027,0.0014975449476365692
8,0.005,0.5,tight,0.58,0.5117009424743669,0.0015999411833724027,0.0015999411833724027,0.003494271544485328
8,0.005,0.75,spare,0.5990834132380285,0.533275817394639,0.0007999705916862013,0.002399911775058604,0.002246317421454854
8,0.005,0.75,tight,0.58,0.5247578775123207,0.0007999705916862013,0.002399911775058604,0.005241407316727992
8,0.005,1.0,spare,0.6003662608802487,0.5485626404485725,0.0,0.0031998823667448053,0.0029950898952731384
8,0.005,1.0,tight,0.58,0.5373256772410068,0.0,0.0031998823667448053,0.006988543088970656
8,0.01,0.0,spare,0.592013702015816,0.4855531514716806,0.006432179191212964,0.0,0.0
8,0.01,0.0,tight,0.58,0.4855531514716806,0.006432179191212964,0.0,0.0
8,0.01,0.25,spare,0.5948182753524835,0.5191051882492812,0.004824134393409723,0.001608044797803241,0.0015051299307438342
8,0.01,0.25,tight,0.58,0.5133366255353622,0.004824134393409723,0.001608044797803241,0.003511969838402279
8,0.01,0.5,spare,0.5974396884898046,0.5503677225350476,0.003216089595606482,0.003216089595606482,0.0030102598614876685
8,0.01,0.5,tight,0.58,0.5390762665251113,0.003216089595606482,0.003216089595606482,0.007023939676804558
8,0.01,0.75,spare,0.5998899031968599,0.5794902764424956,0.001608044797803241,0.004824134393409723,0.0045153897922315025
8,0.01,0.75,tight,0.58,0.5629055524528446,0.001608044797803241,0.004824134393409723,0.010535909515206837
8,0.01,1.0,spare,0.6021801000472526,0.6066126071416613,0.0,0.006432179191212964,0.006020519722975337
8,0.01,1.0,tight,0.58,0.58,0.0,0.006432179191212964,0.014047879353609115
8,0.02,0.0,spare,0.536877789005818,0.5070634850271211,0.012533677475204232,0.0,0.0
8,0.02,0.0,tight,0.536877789005818,0.5070634850271211,0.012533677475204232,0.0,0.0
8,0.02,0.25,spare,0.5421732809097038,0.5703242532964954,0.009400258106403174,0.003133419368801058,0.002932880529197791
8,0.02,0.25,tight,0.5416050612121185,0.5593109997044147,0.009400258106403174,0.003133419368801058,0.006843387901461512
8,0.02,0.5,spare,0.5468157774125063,0.6254225790523289,0.006266838737602116,0.006266838737602116,0.005865761058395582
8,0.02,0.5,tight,0.5457494060782565,0.58,0.006266838737602116,0.006266838737602116,0.013686775802923023
8,0.02,0.75,spare,0.5508858003999305,0.6733649858659326,0.003133419368801058,0.009400258106403174,0.008798641587593374
8,0.02,0.75,tight,0.5493827052875965,0.58,0.003133419368801058,0.009400258106403174,0.020530163704384537
8,0.02,1.0,spare,0.554453942477832,0.7150338813105055,0.0,0.012533677475204232,0.011731522116791165
8,0.02,1.0,tight,0.552567976680537,0.58,0.0,0.012533677475204232,0.027373551605846046
8,0.03,0.0,spare,0.489831370548761,0.4997803190450728,0.01853307674836398,0.0,0.0
8,0.03,0.0,tight,0.489831370548761,0.4997803190450728,0.01853307674836398,0.0,0.0
8,0.03,0.25,spare,0.4974253266034232,0.5903680297692324,0.013899807561272987,0.004633269187090995,0.004336739959117173
8,0.03,0.25,tight,0.4966104758792269,0.5744000757712899,0.013899807561272987,0.004633269187090995,0.010119059904606735
8,0.03,0.5,spare,0.5036764136062937,0.6641698773459968,0.00926653837418199,0.00926653837418199,0.008673479918234346
8,0.03,0.5,tight,0.5021908054093602,0.58,0.00926653837418199,0.00926653837418199,0.02023811980921347
8,0.03,0.75,spare,0.5088220963619197,0.7241541718322044,0.004633269187090995,0.013899807561272987,0.013010219877351518
8,0.03,0.75,tight,0.5067843433685554,0.58,0.004633269187090995,0.013899807561272987,0.030357179713820206
8,0.03,1.0,spare,0.5130578478415244,0.7727643253681467,0.0,0.01853307674836398,0.01734695983646869
8,0.03,1.0,tight,0.5105655879829865,0.58,0.0,0.01853307674836398,0.04047623961842694
9,0.0,0.0,spare,0.6671457409971535,0.4957210991667953,0.0,0.0,0.0
9,0.0,0.0,tight,0.58,0.4957210991667953,0.0,0.0,0.0
9,0.0,0.25,spare,0.6671457409971535,0.4957210991667953,0.0,0.0,0.0
9,0.0,0.25,tight,0.58,0.4957210991667953,0.0,0.0,0.0
9,0.0,0.5,spare,0.6671457409971535,0.4957210991667953,0.0,0.0,0.0
9,0.0,0.5,tight,0.58,0.4957210991667953,0.0,0.0,0.0
9,0.0,0.75,spare,0.6671457409971535,0.4957210991667953,0.0,0.0,0.0
9,0.0,0.75,tight,0.58,0.4957210991667953,0.0,0.0,0.0
9,0.0,1.0,spare,0.6671457409971535,0.4957210991667953,0.0,0.0,0.0
9,0.0,1.0,tight,0.58,0.4957210991667953,0.0,0.0,0.0
9,0.0025,0.0,spare,0.6223928015367256,0.5025201635842532,0.0016253090567626435,0.0,0.0
9,0.0025,0.0,tight,0.58,0.5025201635842532,0.0016253090567626435,0.0,0.0
9,0.0025,0.25,spare,0.6231194548185197,0.5112230072873973,0.0012189817925719827,0.0004063272641906609,0.00038032231928245876
9,0.0025,0.25,tight,0.58,0.5097412641349889,0.0012189817925719827,0.0004063272641906609,0.0008874187449924034
9,0.0025,0.5,spare,0.6238338124363808,0.5197721551913779,0.0008126545283813218,0.0008126545283813218,0.0007606446385649175
9,0.0025,0.5,tight,0.58,0.5168251608352044,0.0008126545283813218,0.0008126545283813218,0.0017748374899848069
9,0.0025,0.75,spare,0.6245360824446248,0.5281702079751457,0.0004063272641906609,0.0012189817925719827,0.0011409669578473763
9,0.0025,0.75,tight,0.58,0.5237741753044105,0.0004063272641906609,0.0012189817925719827,0.002662256234977211
9,0.0025,1.0,spare,0.6252264693770911,0.5364197223116928,0.0,0.0016253090567626435,0.001521289277129835
9,0.0025,1.0,tight,0.58,0.5305905898781094,0.0,0.0016253090567626435,0.0035496749799696138
9,0.005,0.0,spare,0.6348807062727082,0.49430202701496867,0.003238034279146481,0.0,0.0
9,0.005,0.0,tight,0.58,0.49430202701496867,0.003238034279146481,0.0,0.0
9,0.005,0.25,spare,0.6363162330092782,0.5114884112007737,0.0024285257093598607,0.0008095085697866202,0.0007577000213202767
9,0.005,0.25,tight,0.58,0.5085526988083432,0.0024285257093598607,0.0008095085697866202,0.0017679667164139789
9,0.005,0.5,spare,0.6377037731351132,0.5280749627523903,0.0016190171395732405,0.0016190171395732405,0.0015154000426405535
9,0.005,0.5,tight,0.58,0.5222679015288727,0.0016190171395732405,0.0016190171395732405,0.0035359334328279577
9,0.005,0.75,spare,0.6390449307407194,0.5440817328011484,0.0008095085697866202,0.0024285257093598607,0.0022731000639608302
9,0.005,0.75,tight,0.58,0.5354655347706957,0.0008095085697866202,0.0024285257093598607,0.005303900149241937
9,0.005,1.0,spare,0.6403412562952638,0.5595281022116328,0.0,0.003238034279146481,0.003030800085281107
9,0.005,1.0,tight,0.58,0.5481628997825249,0.0,0.003238034279146481,0.0070718668656559154
9,0.01,0.0,spare,0.6256633504673533,0.5038757772837494,0.006412439429204678,0.0,0.0
9,0.01,0.0,tight,0.58,0.5038757772837494,0.006412439429204678,0.0,0.0
9,0.01,0.25,spare,0.6284596033431106,0.5373284274042806,0.004809329571903508,0.0016031098573011694,0.001500510826433895
9,0.01,0.25,tight,0.58,0.5315771835778061,0.004809329571903508,0.0016031098573011694,0.0035011919283457543
9,0.01,0.5,spare,0.6310737811875436,0.568505139633261,0.003206219714602339,0.003206219714602339,0.00300102165286779
9,0.01,0.5,tight,0.58,0.557246865882237,0.003206219714602339,0.003206219714602339,0.007002383856691509
9,0.01,0.75,spare,0.6335177396226243,0.5975541092453341,0.0016031098573011694,0.004809329571903508,0.004501532479301685
9,0.01,0.75,tight,0.58,0.58,0.0016031098573011694,0.004809329571903508,0.010503575785037264
9,0.01,1.0,spare,0.6358025623041111,0.6246138819374868,0.0,0.006412439429204678,0.00600204330573558
9,0.01,1.0,tight,0.58,0.58,0.0,0.006412439429204678,0.014004767713383017
9,0.02,0.0,spare,0.5440610988009982,0.49066624970915307,0.012564646905191369,0.0,0.0
9,0.02,0.0,tight,0.5440610988009982,0.49066624970915307,0.012564646905191369,0.0,0.0
9,0.02,0.25,spare,0.5493688312193707,0.5540727775629947,0.009423485178893527,0.003141161726297842,0.002940127375814781
9,0.02,0.25,tight,0.5487992980835692,0.5430334435310559,0.009423485178893527,0.003141161726297842,0.006860297210234488
9,0.02,0.5,spare,0.5540205459536653,0.6092790843658622,0.006282323452595684,0.006282323452595684,0.005880254751629562
9,0.02,0.5,tight,0.5529518720416056,0.58,0.006282323452595684,0.006282323452595684,0.013720594420468976
9,0.02,0.75,spare,0.5580973245596013,0.6572986895642459,0.003141161726297842,0.009423485178893527,0.008820382127444345
9,0.02,0.75,tight,0.5565912019744754,0.58,0.003141161726297842,0.009423485178893527,0.02058089163070347
9,0.02,1.0,spare,0.5616702271882352,0.6990198450463556,0.0,0.012564646905191369,0.011760509503259124
9,0.02,1.0,tight,0.5597807230989937,0.58,0.0,0.012564646905191369,0.027441188840937953
9,0.03,0.0,spare,0.4973298432631541,0.49092741006753704,0.01815038196066837,0.0,0.0
9,0.03,0.0,tight,0.4973298432631541,0.49092741006753704,0.01815038196066837,0.0,0.0
9,0.03,0.25,spare,0.5047814666275368,0.5798255127435233,0.013612786470501279,0.004537595490167093,0.004247189378796401
9,0.03,0.25,tight,0.5039818885616119,0.5641678677477348,0.013612786470501279,0.004537595490167093,0.009910108550524932
9,0.03,0.5,spare,0.5109400876920728,0.652561086671427,0.009075190980334186,0.009075190980334186,0.008494378757592801
9,0.03,0.5,tight,0.5094796739828594,0.58,0.009075190980334186,0.009075190980334186,0.019820217101049864
9,0.03,0.75,spare,0.5160300676282351,0.7119386464946608,0.004537595490167093,0.013612786470501279,0.012741568136389202
9,0.03,0.75,tight,0.5140234861762444,0.58,0.004537595490167093,0.013612786470501279,0.0297303256515748
9,0.03,1.0,spare,0.5202368365589825,0.7602760687502057,0.0,0.01815038196066837,0.016988757515185603
9,0.03,1.0,tight,0.5177788581427386,0.58,0.0,0.01815038196066837,0.03964043420209973
10,0.0,0.0,spare,0.6528786149023736,0.4831711549871709,0.0,0.0,0.0
10,0.0,0.0,tight,0.58,0.4831711549871709,0.0,0.0,0.0
10,0.0,0.25,spare,0.6528786149023736,0.4831711549871709,0.0,0.0,0.0
10,0.0,0.25,tight,0.58,0.4831711549871709,0.0,0.0,0.0
10,0.0,0.5,spare,0.6528786149023736,0.4831711549871709,0.0,0.0,0.0
10,0.0,0.5,tight,0.58,0.4831711549871709,0.0,0.0,0.0
10,0.0,0.75,spare,0.6528786149023736,0.4831711549871709,0.0,0.0,0.0
10,0.0,0.75,tight,0.58,0.4831711549871709,0.0,0.0,0.0
10,0.0,1.0,spare,0.6528786149023736,0.4831711549871709,0.0,0.0,0.0
10,0.0,1.0,tight,0.58,0.4831711549871709,0.0,0.0,0.0
10,0.0025,0.0,spare,0.6426271692662501,0.4799659774491595,0.0016101752139007317,0.0,0.0
10,0.0025,0.0,tight,0.58,0.4799659774491595,0.0016101752139007317,0.0,0.0
10,0.0025,0.25,spare,0.6433471134527443,0.4885884987802846,0.0012076314104255488,0.0004025438034751829,0.00037678100005277134
10,0.0025,0.25,tight,0.58,0.4871204761733914,0.0012076314104255488,0.0004025438034751829,0.0008791556667897995
10,0.0025,0.5,spare,0.6440549879756845,0.4970601493169836,0.0008050876069503658,0.0008050876069503658,0.0007535620001055427
10,0.0025,0.5,tight,0.58,0.49414029292167505,0.0008050876069503658,0.0008050876069503658,0.001758311333579599
10,0.0025,0.75,spare,0.6447509951796148,0.5053834583660597,0.0004025438034751829,0.0012076314104255488,0.001130343000158314
10,0.0025,0.75,tight,0.58,0.5010276855997857,0.0004025438034751829,0.0012076314104255488,0.0026374670003693986
10,0.0025,1.0,spare,0.6454353340168296,0.5135609128311929,0.0,0.0016101752139007317,0.0015071240002110854
10,0.0025,1.0,tight,0.58,0.5077848742603377,0.0,0.0016101752139007317,0.003516622667159198
10,0.005,0.0,spare,0.6503700770570762,0.4802543809069382,0.0032902266963832356,0.0,0.0
10,0.005,0.0,tight,0.58,0.4802543809069382,0.0032902266963832356,0.0,0.0
10,0.005,0.25,spare,0.6518283450510727,0.49771281778494153,0.0024676700222874266,0.0008225566740958089,0.0007699130469536774
10,0.005,0.25,tight,0.58,0.4947303189266135,0.0024676700222874266,0.0008225566740958089,0.0017964637762252467
10,0.005,0.5,spare,0.6532370940076644,0.514552266695384,0.0016451133481916178,0.0016451133481916178,0.0015398260939073548
10,0.005,0.5,tight,0.58,0.5086536879558731,0.0016451133481916178,0.0016451133481916178,0.0035929275524504934
10,0.005,0.75,spare,0.654598005466236,0.5307937468805756,0.0008225566740958089,0.0024676700222874266,0.002309739140861032
10,0.005,0.75,tight,0.58,0.5220432518190741,0.0008225566740958089,0.0024676700222874266,0.00538939132867574
10,0.005,1.0,spare,0.6559127038654118,0.5464575638233183,0.0,0.0032902266963832356,0.0030796521878147095
10,0.005,1.0,tight,0.58,0.5349171371692693,0.0,0.0032902266963832356,0.007185855104900987
10,0.01,0.0,spare,0.6111763552787302,0.4828032011297278,0.006451666619293615,0.0,0.0
10,0.01,0.0,tight,0.58,0.4828032011297278,0.006451666619293615,0.0,0.0
10,0.01,0.25,spare,0.6139891410241639,0.516453332958735,0.004838749964470211,0.0016129166548234037,0.0015096899889147065
10,0.01,0.25,tight,0.58,0.5106676750139172,0.004838749964470211,0.0016129166548234037,0.003522609974134314
10,0.01,0.5,spare,0.616617692332896,0.5478005343289716,0.0032258333096468073,0.0032258333096468073,0.003019379977829413
10,0.01,0.5,tight,0.58,0.5364763287121102,0.0032258333096468073,0.0032258333096468073,0.007045219948268628
10,0.01,0.75,spare,0.6190740763620933,0.5769956447050232,0.0016129166548234037,0.004838749964470211,0.004529069966744119
10,0.01,0.75,tight,0.58,0.5603638162321857,0.0016129166548234037,0.004838749964470211,0.010567829922402943
10,0.01,1.0,spare,0.6213695698831256,0.6041796237290122,0.0,0.006451666619293615,0.006038759955658826
10,0.01,1.0,tight,0.58,0.58,0.0,0.006451666619293615,0.014090439896537256
10,0.02,0.0,spare,0.5554469844380824,0.4801148713873512,0.01263587736492651,0.0,0.0
10,0.02,0.0,tight,0.5554469844380824,0.4801148713873512,0.01263587736492651,0.0,0.0
10,0.02,0.25,spare,0.5607828552432613,0.5438564611486953,0.009476908023694882,0.0031589693412316273,0.002956795303392804
10,0.02,0.25,tight,0.5602103027872659,0.5327571617108963,0.009476908023694882,0.0031589693412316273,0.006899189041249875
10,0.02,0.5,spare,0.5654557343092087,0.5993106541696446,0.006317938682463255,0.006317938682463255,0.005913590606785608
10,0.02,0.5,tight,0.5643817700905484,0.5780013139606761,0.006317938682463255,0.006317938682463255,0.01379837808249975
10,0.02,0.75,spare,0.5695479995761591,0.6475071747031333,0.0031589693412316273,0.009476908023694882,0.008870385910178412
10,0.02,0.75,tight,0.5680349249264699,0.58,0.0031589693412316273,0.009476908023694882,0.020697567123749625
10,0.02,1.0,spare,0.5731317933741044,0.6893478018740542,0.0,0.01263587736492651,0.011827181213571215
10,0.02,1.0,tight,0.571234168570239,0.58,0.0,0.01263587736492651,0.0275967561649995
10,0.03,0.0,spare,0.49671247572931837,0.48933690344838193,0.01805642877254979,0.0,0.0
10,0.03,0.0,tight,0.49671247572931837,0.48933690344838193,0.01805642877254979,0.0,0.0
10,0.03,0.25,spare,0.5041290682870906,0.5778191060877574,0.013542321579412344,0.004514107193137448,0.004225204332776652
10,0.03,0.25,tight,0.5033332491154667,0.562237760665424,0.013542321579412344,0.004514107193137448,0.009858810109812186
10,0.03,0.5,spare,0.5102647870285438,0.6502903860231458,0.009028214386274895,0.009028214386274895,0.008450408665553305
10,0.03,0.5,tight,0.508810589690922,0.58,0.009028214386274895,0.009028214386274895,0.019717620219624372
10,0.03,0.75,spare,0.5153408437460951,0.70951589065976,0.004514107193137448,0.013542321579412344,0.012675612998329958
10,0.03,0.75,tight,0.5133419726623277,0.58,0.004514107193137448,0.013542321579412344,0.029576430329436562
10,0.03,1.0,spare,0.5195402461120671,0.7577832159016333,0.0,0.01805642877254979,0.01690081733110661
10,0.03,1.0,tight,0.5170907685151105,0.58,0.0,0.01805642877254979,0.039435240439248745
11,0.0,0.0,spare,0.6628223391433055,0.4750289950356111,0.0,0.0,0.0
11,0.0,0.0,tight,0.58,0.4750289950356111,0.0,0.0,0.0
11,0.0,0.25,spare,0.6628223391433055,0.4750289950356111,0.0,0.0,0.0
11,0.0,0.25,tight,0.58,0.4750289950356111,0.0,0.0,0.0
11,0.0,0.5,spare,0.6628223391433055,0.4750289950356111,0.0,0.0,0.0
11,0.0,0.5,tight,0.58,0.4750289950356111,0.0,0.0,0.0
11,0.0,0.75,spare,0.6628223391433055,0.4750289950356111,0.0,0.0,0.0
11,0.0,0.75,tight,0.58,0.4750289950356111,0.0,0.0,0.0
11,0.0,1.0,spare,0.6628223391433055,0.4750289950356111,0.0,0.0,0.0
11,0.0,1.0,tight,0.58,0.4750289950356111,0.0,0.0,0.0
11,0.0025,0.0,spare,0.6341041514523043,0.5141045880919501,0.0016455070310718114,0.0,0.0
11,0.0025,0.0,tight,0.58,0.5141045880919501,0.0016455070310718114,0.0,0.0
11,0.0025,0.25,spare,0.6348397571860389,0.522914611118362,0.0012341302733038587,0.00041137675776795285,0.000385048645270804
11,0.0025,0.25,tight,0.58,0.5214145584382873,0.0012341302733038587,0.00041137675776795285,0.0008984468389652092
11,0.0025,0.5,spare,0.6355627624215548,0.5315671279170403,0.0008227535155359057,0.0008227535155359057,0.000770097290541608
11,0.0025,0.5,tight,0.58,0.5285839233741738,0.0008227535155359057,0.0008227535155359057,0.0017968936779304183
11,0.0025,0.75,spare,0.6362733829980551,0.5400648364780236,0.00041137675776795285,0.0012341302733038587,0.0011551459358124122
11,0.0025,0.75,tight,0.58,0.5356150913884817,0.00041137675776795285,0.0012341302733038587,0.0026953405168956275
11,0.0025,1.0,spare,0.636971831057543,0.548410388576351,0.0,0.0016455070310718114,0.001540194581083216
11,0.0025,1.0,tight,0.58,0.54251042971407,0.0,0.0016455070310718114,0.0035937873558608367
11,0.005,0.0,spare,0.6685005667641032,0.5035325413816373,0.0033127088590728638,0.0,0.0
11,0.005,0.0,tight,0.58,0.5035325413816373,0.0033127088590728638,0.0,0.0
11,0.005,0.25,spare,0.6699686268365327,0.5211081184139831,0.0024845316443046477,0.0008281772147682159,0.0007751738730230504
11,0.005,0.25,tight,0.58,0.5181054711855909,0.0024845316443046477,0.0008281772147682159,0.0018087390370537838
11,0.005,0.5,spare,0.6713865006110799,0.5380563667227991,0.0016563544295364319,0.0016563544295364319,0.0015503477460461009
11,0.005,0.5,tight,0.58,0.5321183862274068,0.0016563544295364319,0.0016563544295364319,0.0036174780741075677
11,0.005,0.75,spare,0.6727559037290473,0.5543987318243689,0.0008281772147682159,0.0024845316443046477,0.002325521619069151
11,0.005,0.75,tight,0.58,0.5455904308651387,0.0008281772147682159,0.0024845316443046477,0.005426217111161351
11,0.005,1.0,spare,0.6740784931817635,0.5701559261102986,0.0,0.0033127088590728638,0.0031006954920922017
11,0.005,1.0,tight,0.58,0.5585400949982976,0.0,0.0033127088590728638,0.007234956148215135
11,0.01,0.0,spare,0.6279887961324052,0.4747134264913618,0.006501904697481883,0.0,0.0
11,0.01,0.0,tight,0.58,0.4747134264913618,0.006501904697481883,0.0,0.0
11,0.01,0.25,spare,0.6308227455037786,0.508616347934319,0.004876428523111412,0.0016254761743704708,0.0015214456992107613
11,0.01,0.25,tight,0.58,0.5027866293255808,0.004876428523111412,0.0016254761743704708,0.0035500399648251083
11,0.01,0.5,spare,0.6334696776192023,0.5401815536779037,0.0032509523487409416,0.0032509523487409416,0.0030428913984215226
11,0.01,0.5,tight,0.58,0.5287729592776476,0.0032509523487409416,0.0032509523487409416,0.007100079929650217
11,0.01,0.75,spare,0.635941934073193,0.5695633136535775,0.0016254761743704708,0.004876428523111412,0.004564337097632283
11,0.01,0.75,tight,0.58,0.5528101327245303,0.0016254761743704708,0.004876428523111412,0.010650119894475327
11,0.01,1.0,spare,0.6382510420169458,0.5969057172512763,0.0,0.006501904697481883,0.006085782796843045
11,0.01,1.0,tight,0.58,0.5750267778995691,0.0,0.006501904697481883,0.014200159859300433
11,0.02,0.0,spare,0.562866767036962,0.48733487085163035,0.012567191265957352,0.0,0.0
11,0.02,0.0,tight,0.562866767036962,0.48733487085163035,0.012567191265957352,0.0,0.0
11,0.02,0.25,spare,0.568175504924451,0.5507533716890081,0.009425393449468014,0.003141797816489338,0.0029407227562340214
11,0.02,0.25,tight,0.5676058638992658,0.5397118951992156,0.009425393449468014,0.003141797816489338,0.0068616864312127145
11,0.02,0.5,spare,0.5728279765591908,0.6059685443670211,0.006283595632978676,0.006283595632978676,0.005881445512468043
11,0.02,0.5,tight,0.5717591135404121,0.58,0.006283595632978676,0.006283595632978676,0.013723372862425429
11,0.02,0.75,spare,0.5769053095846297,0.653994484428775,0.003141797816489338,0.009425393449468014,0.008822168268702064
11,0.02,0.75,tight,0.5753989384021676,0.58,0.003141797816489338,0.009425393449468014,0.020585059293638144
11,0.02,1.0,spare,0.5804786026437858,0.6957199249119911,0.0,0.012567191265957352,0.011762891024936085
11,0.02,1.0,tight,0.5785888080630239,0.58,0.0,0.012567191265957352,0.027446745724850858
11,0.03,0.0,spare,0.47486903507623507,0.49779957776278455,0.01764673103462881,0.0,0.0
11,0.03,0.0,tight,0.47486903507623507,0.49779957776278455,0.01764673103462881,0.0,0.0
11,0.03,0.25,spare,0.48213246569832274,0.5844631254767767,0.013235048275971606,0.004411682758657202,0.0041293350621031425
11,0.03,0.25,tight,0.48135308119043846,0.5692150390454198,0.013235048275971606,0.004411682758657202,0.00963511514490733
11,0.03,0.5,spare,0.48816737954503125,0.65577021349853,0.008823365517314405,0.008823365517314405,0.008258670124206285
11,0.03,0.5,tight,0.4867404334917476,0.58,0.008823365517314405,0.008823365517314405,0.01927023028981466
11,0.03,0.75,spare,0.49318156458129253,0.7143181913896939,0.004411682758657202,0.013235048275971606,0.012388005186309427
11,0.03,0.75,tight,0.4912165837700196,0.58,0.004411682758657202,0.013235048275971606,0.02890534543472199
11,0.03,1.0,spare,0.49734766408436665,0.7622651001160168,0.0,0.01764673103462881,0.01651734024841257
11,0.03,1.0,tight,0.4949356502414673,0.58,0.0,0.01764673103462881,0.03854046057962932
12,0.0,0.0,spare,0.6557828490112745,0.4955746706193815,0.0,0.0,0.0
12,0.0,0.0,tight,0.58,0.4955746706193815,0.0,0.0,0.0
12,0.0,0.25,spare,0.6557828490112745,0.4955746706193815,0.0,0.0,0.0
12,0.0,0.25,tight,0.58,0.4955746706193815,0.0,0.0,0.0
12,0.0,0.5,spare,0.6557828490112745,0.4955746706193815,0.0,0.0,0.0
12,0.0,0.5,tight,0.58,0.4955746706193815,0.0,0.0,0.0
12,0.0,0.75,spare,0.6557828490112745,0.4955746706193815,0.0,0.0,0.0
12,0.0,0.75,tight,0.58,0.4955746706193815,0.0,0.0,0.0
12,0.0,1.0,spare,0.6557828490112745,0.4955746706193815,0.0,0.0,0.0
12,0.0,1.0,tight,0.58,0.4955746706193815,0.0,0.0,0.0
12,0.0025,0.0,spare,0.667659156243648,0.4841815405622858,0.0016735045620487469,0.0,0.0
12,0.0025,0.0,tight,0.58,0.4841815405622858,0.0016735045620487469,0.0,0.0
12,0.0025,0.25,spare,0.6684071683273932,0.493140091541581,0.00125512842153656,0.0004183761405121867,0.00039160006751940687
12,0.0025,0.25,tight,0.58,0.4916146632219913,0.00125512842153656,0.0004183761405121867,0.000913733490878616
12,0.0025,0.5,spare,0.6691421513016602,0.5019357786523996,0.0008367522810243734,0.0008367522810243734,0.0007832001350388137
12,0.0025,0.5,tight,0.58,0.49890239771892864,0.0008367522810243734,0.0008367522810243734,0.001827466981757232
12,0.0025,0.75,spare,0.6698643321115714,0.5105714387087699,0.0004183761405121867,0.00125512842153656,0.0011748002025582206
12,0.0025,0.75,tight,0.58,0.5060472764697935,0.0004183761405121867,0.00125512842153656,0.0027412004726358476
12,0.0025,1.0,spare,0.6705739337492476,0.5190498591122018,0.0,0.0016735045620487469,0.0015664002700776275
12,0.0025,1.0,tight,0.58,0.513051787780852,0.0,0.0016735045620487469,0.003654933963514464
12,0.005,0.0,spare,0.6382775509580607,0.49378931718050134,0.0033776240366885806,0.0,0.0
12,0.005,0.0,tight,0.58,0.49378931718050134,0.0033776240366885806,0.0,0.0
12,0.005,0.25,spare,0.6397738717870732,0.5117029635185733,0.0025332180275164356,0.0008444060091721452,0.0007903640245851281
12,0.005,0.25,tight,0.58,0.5086421571200037,0.0025332180275164356,0.0008444060091721452,0.0018441827240319652
12,0.005,0.5,spare,0.6412180555067496,0.5289648959899416,0.0016888120183442903,0.0016888120183442903,0.0015807280491702562
12,0.005,0.5,tight,0.58,0.5229132137418379,0.0016888120183442903,0.0016888120183442903,0.0036883654480639304
12,0.005,0.75,spare,0.6426119187583588,0.5455978226104716,0.0008444060091721452,0.0025332180275164356,0.0023710920737553846
12,0.005,0.75,tight,0.58,0.5366227584342351,0.0008444060091721452,0.0025332180275164356,0.005532548172095896
12,0.005,1.0,spare,0.6439572148849638,0.5616236601684499,0.0,0.0033776240366885806,0.0031614560983405124
12,0.005,1.0,tight,0.58,0.5497903562585719,0.0,0.0033776240366885806,0.007376730896127861
12,0.01,0.0,spare,0.6197375100537488,0.5298356765107687,0.006529859304280706,0.0,0.0
12,0.01,0.0,tight,0.58,0.5298356765107687,0.006529859304280706,0.0,0.0
12,0.01,0.25,spare,0.6225832309347181,0.5638792004456841,0.0048973944782105296,0.0016324648260701766,0.0015279870772016858
12,0.01,0.25,tight,0.58,0.5580249710895854,0.0048973944782105296,0.0016324648260701766,0.0035653031801372663
12,0.01,0.5,spare,0.6252403776881637,0.595565547786551,0.003264929652140353,0.003264929652140353,0.0030559741544033715
12,0.01,0.5,tight,0.58,0.58,0.003264929652140353,0.003264929652140353,0.007130606360274533
12,0.01,0.75,spare,0.6277214463398934,0.6250509188559715,0.0016324648260701766,0.0048973944782105296,0.004583961231605057
12,0.01,0.75,tight,0.58,0.58,0.0016324648260701766,0.0048973944782105296,0.010695909540411799
12,0.01,1.0,spare,0.6300381048558802,0.6524811632286049,0.0,0.006529859304280706,0.006111948308806743
12,0.01,1.0,tight,0.58,0.58,0.0,0.006529859304280706,0.014261212720549065
12,0.02,0.0,spare,0.5470922459354253,0.5003275673497117,0.012485758947361933,0.0,0.0
12,0.02,0.0,tight,0.5470922459354253,0.5003275673497117,0.012485758947361933,0.0,0.0
12,0.02,0.25,spare,0.5523687904316925,0.5633627059593684,0.00936431921052145,0.0031214397368404833,0.002921667593682693
12,0.02,0.25,tight,0.5518026038389485,0.5523898167584913,0.00936431921052145,0.0031214397368404833,0.006817224385259617
12,0.02,0.5,spare,0.5569970040360752,0.6182937084204693,0.006242879473680967,0.006242879473680967,0.005843335187365386
12,0.02,0.5,tight,0.5559341983978534,0.58,0.006242879473680967,0.006242879473680967,0.013634448770519234
12,0.02,0.75,spare,0.5610565473949811,0.6661163328131104,0.0031214397368404833,0.00936431921052145,0.00876500278104808
12,0.02,0.75,tight,0.5595581424693656,0.58,0.0031214397368404833,0.00936431921052145,0.02045167315577885
12,0.02,1.0,spare,0.5646172932229678,0.7077039880692619,0.0,0.012485758947361933,0.011686670374730772
12,0.02,1.0,tight,0.5627368112487456,0.58,0.0,0.012485758947361933,0.027268897541038468
12,0.03,0.0,spare,0.5207318753763858,0.4958497599911226,0.019119939568191538,0.0,0.0
12,0.03,0.0,tight,0.5207318753763858,0.4958497599911226,0.019119939568191538,0.0,0.0
12,0.03,0.25,spare,0.5285429907475193,0.5890146362713357,0.014339954676143653,0.0047799848920478845,0.004474065858956822
12,0.03,0.25,tight,0.5277048382784857,0.5725723092631386,0.014339954676143653,0.0047799848920478845,0.01043948700423258
12,0.03,0.5,spare,0.5349333366667817,0.6644198944031581,0.009559969784095769,0.009559969784095769,0.008948131717913643
12,0.03,0.5,tight,0.533409483890465,0.58,0.009559969784095769,0.009559969784095769,0.02087897400846516
12,0.03,0.75,spare,0.5401613379223702,0.725295844239057,0.0047799848920478845,0.014339954676143653,0.013422197576870463
12,0.03,0.75,tight,0.5380765073660201,0.58,0.0047799848920478845,0.014339954676143653,0.031318461012697744
12,0.03,1.0,spare,0.5444384142299372,0.7742852322246879,0.0,0.019119939568191538,0.017896263435827287
12,0.03,1.0,tight,0.5418946425496753,0.58,0.0,0.019119939568191538,0.04175794801693032
13,0.0,0.0,spare,0.6735248167331125,0.48108843143723656,0.0,0.0,0.0
13,0.0,0.0,tight,0.58,0.48108843143723656,0.0,0.0,0.0
13,0.0,0.25,spare,0.6735248167331125,0.48108843143723656,0.0,0.0,0.0
13,0.0,0.25,tight,0.58,0.48108843143723656,0.0,0.0,0.0
13,0.0,0.5,spare,0.6735248167331125,0.48108843143723656,0.0,0.0,0.0
13,0.0,0.5,tight,0.58,0.48108843143723656,0.0,0.0,0.0
13,0.0,0.75,spare,0.6735248167331125,0.48108843143723656,0.0,0.0,0.0
13,0.0,0.75,tight,0.58,0.48108843143723656,0.0,0.0,0.0
13,0.0,1.0,spare,0.6735248167331125,0.48108843143723656,0.0,0.0,0.0
13,0.0,1.0,tight,0.58,0.48108843143723656,0.0,0.0,0.0
13,0.0025,0.0,spare,0.6544802956642681,0.4880084250902933,0.0016800042796202327,0.0,0.0
13,0.0025,0.0,tight,0.58,0.4880084250902933,0.0016800042796202327,0.0,0.0
13,0.0025,0.25,spare,0.6552311874007914,0.49700145079540314,0.0012600032097151745,0.0004200010699050582,0.0003931210014311346
13,0.0025,0.25,tight,0.58,0.4954701321384464,0.0012600032097151745,0.0004200010699050582,0.0009172823366726472
13,0.0025,0.5,spare,0.655968949517345,0.5058303562508918,0.0008400021398101163,0.0008400021398101163,0.0007862420028622692
13,0.0025,0.5,tight,0.58,0.5027853294555664,0.0008400021398101163,0.0008400021398101163,0.0018345646733452944
13,0.0025,0.75,spare,0.6566938115901942,0.5144980111600759,0.0004200010699050582,0.0012600032097151745,0.0011793630042934036
13,0.0025,0.75,tight,0.58,0.509956578818534,0.0004200010699050582,0.0012600032097151745,0.0027518470100179413
13,0.0025,1.0,spare,0.6574059991813784,0.5230072350484475,0.0,0.0016800042796202327,0.0015724840057245383
13,0.0025,1.0,tight,0.58,0.5169863972106121,0.0,0.0016800042796202327,0.0036691293466905887
13,0.005,0.0,spare,0.6524645700681638,0.4871997132257112,0.0032606153214928537,0.0,0.0
13,0.005,0.0,tight,0.58,0.4871997132257112,0.0032606153214928537,0.0,0.0
13,0.005,0.25,spare,0.6539099373363093,0.5045038200923,0.00244546149111964,0.0008151538303732134,0.000762983985229328
13,0.005,0.25,tight,0.58,0.5015478634900407,0.00244546149111964,0.0008151538303732134,0.0017802959655350984
13,0.005,0.5,spare,0.6553066578426294,0.5211998424360724,0.0016303076607464269,0.0016303076607464269,0.001525967970458656
13,0.005,0.5,tight,0.58,0.5153531782414534,0.0016303076607464269,0.0016303076607464269,0.0035605919310701967
13,0.005,0.75,spare,0.6566563688923879,0.5373082465728244,0.0008151538303732134,0.00244546149111964,0.0022889519556879836
13,0.005,0.75,tight,0.58,0.5286339277082087,0.0008151538303732134,0.00244546149111964,0.005340887896605295
13,0.005,1.0,spare,0.6579606526840248,0.5528488099830561,0.0,0.0032606153214928537,0.003051935940917312
13,0.005,1.0,tight,0.58,0.5414077671970419,0.0,0.0032606153214928537,0.0071211838621403935
13,0.01,0.0,spare,0.584994039908958,0.48890595368302103,0.00624621823886514,0.0,0.0
13,0.01,0.0,tight,0.58,0.48890595368302103,0.00624621823886514,0.0,0.0
13,0.01,0.25,spare,0.5877201608347602,0.5215208501876542,0.004684663679148855,0.001561554559716285,0.0014616150678944432
13,0.01,0.25,tight,0.58,0.5159155340714621,0.004684663679148855,0.001561554559716285,0.0034104351584203665
13,0.01,0.5,spare,0.5902732253312103,0.5519725413253859,0.00312310911943257,0.00312310911943257,0.0029232301357888864
13,0.01,0.5,tight,0.58,0.5409940265094204,0.00312310911943257,0.00312310911943257,0.006820870316840733
13,0.01,0.75,spare,0.5926642191647344,0.5803983491765423,0.001561554559716285,0.004684663679148855,0.00438484520368333
13,0.01,0.75,tight,0.58,0.5642640180700932,0.001561554559716285,0.004684663679148855,0.0102313054752611
13,0.01,1.0,spare,0.5949034307161462,0.6069268785012941,0.0,0.00624621823886514,0.005846460271577773
13,0.01,1.0,tight,0.58,0.58,0.0,0.00624621823886514,0.013641740633681466
13,0.02,0.0,spare,0.5396430043349,0.48588548836084183,0.012273090632427998,0.0,0.0
13,0.02,0.0,tight,0.5396430043349,0.48588548836084183,0.012273090632427998,0.0,0.0
13,0.02,0.25,spare,0.5448353427693174,0.5479178155830716,0.009204817974320998,0.0030682726581069994,0.002871903207988152
13,0.02,0.25,tight,0.5442781917003486,0.5371242229436441,0.009204817974320998,0.0030682726581069994,0.0067011074853056875
13,0.02,0.5,spare,0.5493998780550405,0.6021026034466224,0.006136545316213999,0.006136545316213999,0.005743806415976304
13,0.02,0.5,tight,0.5483529407855171,0.58,0.006136545316213999,0.006136545316213999,0.013402214970611375
13,0.02,0.75,spare,0.5534125175695427,0.6493886941699106,0.0030682726581069994,0.009204817974320998,0.008615709623964456
13,0.02,0.75,tight,0.5519350139139624,0.58,0.0030682726581069994,0.009204817974320998,0.02010332245591706
13,0.02,1.0,spare,0.556939990765709,0.6906102059140018,0.0,0.012273090632427998,0.011487612831952609
13,0.02,1.0,tight,0.5550839802992137,0.58,0.0,0.012273090632427998,0.02680442994122275
13,0.03,0.0,spare,0.5342351087336795,0.4995640204746253,0.01887473543337393,0.0,0.0
13,0.03,0.0,tight,0.5342351087336795,0.4995640204746253,0.01887473543337393,0.0,0.0
13,0.03,0.25,spare,0.5419556529104999,0.5916541345934694,0.014156051575030448,0.004718683858343483,0.004416688091409502
13,0.03,0.25,tight,0.541127218960081,0.5754097927580208,0.014156051575030448,0.004718683858343483,0.010305605546622168
13,0.03,0.5,spare,0.548288184736672,0.6663940943292117,0.009437367716686965,0.009437367716686965,0.008833376182819003
13,0.03,0.5,tight,0.5467802540776325,0.58,0.009437367716686965,0.009437367716686965,0.020611211093244337
13,0.03,0.75,spare,0.5534822433951121,0.7269031394683041,0.004718683858343483,0.014156051575030448,0.013250064274228502
13,0.03,0.75,tight,0.551416977082708,0.58,0.004718683858343483,0.014156051575030448,0.0309168166398665
13,0.03,1.0,spare,0.5577425054968859,0.7757397276490662,0.0,0.01887473543337393,0.017666752365638007
13,0.03,1.0,tight,0.5552201022674509,0.58,0.0,0.01887473543337393,0.04122242218648867
14,0.0,0.0,spare,0.6495468778477042,0.4729391767345606,0.0,0.0,0.0
14,0.0,0.0,tight,0.58,0.4729391767345606,0.0,0.0,0.0
14,0.0,0.25,spare,0.6495468778477042,0.4729391767345606,0.0,0.0,0.0
14,0.0,0.25,tight,0.58,0.4729391767345606,0.0,0.0,0.0
14,0.0,0.5,spare,0.6495468778477042,0.4729391767345606,0.0,0.0,0.0
14,0.0,0.5,tight,0.58,0.4729391767345606,0.0,0.0,0.0
14,0.0,0.75,spare,0.6495468778477042,0.4729391767345606,0.0,0.0,0.0
14,0.0,0.75,tight,0.58,0.4729391767345606,0.0,0.0,0.0
14,0.0,1.0,spare,0.6495468778477042,0.4729391767345606,0.0,0.0,0.0
14,0.0,1.0,tight,0.58,0.4729391767345606,0.0,0.0,0.0
14,0.0025,0.0,spare,0.644881649277949,0.4923343121006915,0.0016386281134302882,0.0,0.0
14,0.0025,0.0,tight,0.58,0.4923343121006915,0.0016386281134302882,0.0,0.0
14,0.0025,0.25,spare,0.6456142062468675,0.5011078352336302,0.0012289710850727162,0.00040965702835757205,0.0003834389785426875
14,0.0025,0.25,tight,0.58,0.4996140180282212,0.0012289710850727162,0.00040965702835757205,0.0008946909499329374
14,0.0025,0.5,spare,0.6463342669482584,0.5097251550224724,0.0008193140567151441,0.0008193140567151441,0.000766877957085375
14,0.0025,0.5,tight,0.58,0.5067542816262219,0.0008193140567151441,0.0008193140567151441,0.0017893818998658748
14,0.0025,0.75,spare,0.6470420445487538,0.5181889360501232,0.00040965702835757205,0.0012289710850727162,0.0011503169356280626
14,0.0025,0.75,tight,0.58,0.5137574815611026,0.00040965702835757205,0.0012289710850727162,0.002684072849798812
14,0.0025,1.0,spare,0.6477377485786995,0.5265017974459024,0.0,0.0016386281134302882,0.00153375591417075
14,0.0025,1.0,tight,0.58,0.520625955922971,0.0,0.0016386281134302882,0.0035787637997317496
14,0.005,0.0,spare,0.6413663858092756,0.4893267712130973,0.0032505949966821846,0.0,0.0
14,0.005,0.0,tight,0.58,0.4893267712130973,0.0032505949966821846,0.0,0.0
14,0.005,0.25,spare,0.6428073866350397,0.5065786423059241,0.0024379462475116387,0.0008126487491705461,0.0007606392292236314
14,0.005,0.25,tight,0.58,0.5036316686741311,0.0024379462475116387,0.0008126487491705461,0.0017748248681884729
14,0.005,0.5,spare,0.644200034177927,0.5232260973627932,0.0016252974983410923,0.0016252974983410923,0.0015212784584472628
14,0.005,0.5,tight,0.58,0.5173970054711732,0.0016252974983410923,0.0016252974983410923,0.0035496497363769457
14,0.005,0.75,spare,0.6455459509491281,0.539289417773583,0.0008126487491705461,0.0024379462475116387,0.0022819176876708947
14,0.005,0.75,tight,0.58,0.5306408867495838,0.0008126487491705461,0.0024379462475116387,0.0053244746045654195
14,0.005,1.0,spare,0.6468467050159069,0.5547882043790944,0.0,0.0032505949966821846,0.0030425569168945257
14,0.005,1.0,tight,0.58,0.5433808101302868,0.0,0.0032505949966821846,0.0070992994727538915
14,0.01,0.0,spare,0.6002334315451209,0.4905893478639459,0.006440566737864603,0.0,0.0
14,0.01,0.0,tight,0.58,0.4905893478639459,0.006440566737864603,0.0,0.0
14,0.01,0.25,spare,0.6030415397749224,0.5241836081198049,0.004830425053398452,0.0016101416844661507,0.0015070926166603175
14,0.01,0.25,tight,0.58,0.5184076872039676,0.004830425053398452,0.0016101416844661507,0.0035165494388740733
14,0.01,0.5,spare,0.6056660258030129,0.5554825908542758,0.0032202833689323014,0.0032202833689323014,0.003014185233320635
14,0.01,0.5,tight,0.58,0.5441770381158052,0.0032202833689323014,0.0032202833689323014,0.0070330988777481465
14,0.01,0.75,spare,0.6081188966854607,0.584636384268213,0.0016101416844661507,0.004830425053398452,0.004521277849980952
14,0.01,0.75,tight,0.58,0.5680313839561084,0.0016101416844661507,0.004830425053398452,0.01054964831662222
14,0.01,1.0,spare,0.6104113743369183,0.6117852622947727,0.0,0.006440566737864603,0.00602837046664127
14,0.01,1.0,tight,0.58,0.58,0.0,0.006440566737864603,0.014066197755496293
14,0.02,0.0,spare,0.5951913881600592,0.4905801528422979,0.012965207126562545,0.0,0.0
14,0.02,0.0,tight,0.58,0.4905801528422979,0.012965207126562545,0.0,0.0
14,0.02,0.25,spare,0.6006570818748433,0.5558674658094848,0.009723905344921908,0.003241301781640636,0.0030338584676156363
14,0.02,0.25,tight,0.58,0.544491286397166,0.009723905344921908,0.003241301781640636,0.00707900309110315
14,0.02,0.5,spare,0.605427129916569,0.6124592078634381,0.006482603563281272,0.006482603563281272,0.0060677169352312725
14,0.02,0.5,tight,0.58,0.58,0.006482603563281272,0.006482603563281272,0.0141580061822063
14,0.02,0.75,spare,0.6095900705253381,0.661462107005437,0.003241301781640636,0.009723905344921908,0.00910157540284691
14,0.02,0.75,tight,0.58,0.58,0.003241301781640636,0.009723905344921908,0.02123700927330945
14,0.02,1.0,spare,0.6132231732447544,0.7038420325305251,0.0,0.012965207126562545,0.012135433870462545
14,0.02,1.0,tight,0.58,0.58,0.0,0.012965207126562545,0.0283160123644126
14,0.03,0.0,spare,0.46601189436002355,0.4892183084431497,0.017638059421559566,0.0,0.0
14,0.03,0.0,tight,0.46601189436002355,0.4892183084431497,0.017638059421559566,0.0,0.0
14,0.03,0.25,spare,0.4732720760492394,0.5758432736537026,0.013228544566169675,0.0044095148553898915,0.00412730590464494
14,0.03,0.25,tight,0.47249304016008353,0.5606022504997286,0.013228544566169675,0.0044095148553898915,0.009630380444171525
14,0.03,0.5,spare,0.4793048397485049,0.6471255139898772,0.008819029710779783,0.008819029710779783,0.00825461180928988
14,0.03,0.5,tight,0.4778784730302178,0.58,0.008819029710779783,0.008819029710779783,0.01926076088834305
14,0.03,0.75,spare,0.484317694716754,0.705658895188345,0.0044095148553898915,0.013228544566169675,0.012381917713934818
14,0.03,0.75,tight,0.482353435960145,0.58,0.0044095148553898915,0.013228544566169675,0.028891141332514577
14,0.03,1.0,spare,0.48848306836395283,0.7535987598736864,0.0,0.017638059421559566,0.01650922361857976
14,0.03,1.0,tight,0.48607185446189194,0.58,0.0,0.017638059421559566,0.0385215217766861
15,0.0,0.0,spare,0.6819146421731054,0.5061870317892062,0.0,0.0,0.0
15,0.0,0.0,tight,0.58,0.5061870317892062,0.0,0.0,0.0
15,0.0,0.25,spare,0.6819146421731054,0.5061870317892062,0.0,0.0,0.0
15,0.0,0.25,tight,0.58,0.5061870317892062,0.0,0.0,0.0
15,0.0,0.5,spare,0.6819146421731054,0.5061870317892062,0.0,0.0,0.0
15,0.0,0.5,tight,0.58,0.5061870317892062,0.0,0.0,0.0
15,0.0,0.75,spare,0.6819146421731054,0.5061870317892062,0.0,0.0,0.0
15,0.0,0.75,tight,0.58,0.5061870317892062,0.0,0.0,0.0
15,0.0,1.0,spare,0.6819146421731054,0.5061870317892062,0.0,0.0,0.0
15,0.0,1.0,tight,0.58,0.5061870317892062,0.0,0.0,0.0
15,0.0025,0.0,spare,0.6375493385397804,0.49317549712077924,0.0016466576551969275,0.0,0.0
15,0.0025,0.0,tight,0.58,0.49317549712077924,0.0016466576551969275,0.0,0.0
15,0.0025,0.25,spare,0.6382854542134001,0.5019916251497105,0.0012349932413976957,0.00041166441379923187,0.00038531789131608115
15,0.0025,0.25,tight,0.58,0.5004905295018884,0.0012349932413976957,0.00041166441379923187,0.0008990750797375225
15,0.0025,0.5,spare,0.6390089519127988,0.5106500285008787,0.0008233288275984637,0.0008233288275984637,0.0007706357826321623
15,0.0025,0.5,tight,0.58,0.5076647614627591,0.0008233288275984637,0.0008233288275984637,0.001798150159475045
15,0.0025,0.75,spare,0.6397200479263659,0.5191534107791509,0.00041166441379923187,0.0012349932413976957,0.0011559536739482435
15,0.0025,0.75,tight,0.58,0.5147006065046064,0.00041166441379923187,0.0012349932413976957,0.002697225239212568
15,0.0025,1.0,spare,0.6404189548350281,0.5275044292461122,0.0,0.0016466576551969275,0.0015412715652643246
15,0.0025,1.0,tight,0.58,0.521600436758115,0.0,0.0016466576551969275,0.00359630031895009
15,0.005,0.0,spare,0.618042673066736,0.49226565159217783,0.003186801338305838,0.0,0.0
15,0.005,0.0,tight,0.58,0.49226565159217783,0.003186801338305838,0.0,0.0
15,0.005,0.25,spare,0.6194558644841197,0.509184832796311,0.0023901010037293787,0.0007967003345764595,0.0007457115131635664
15,0.005,0.25,tight,0.58,0.506295063035622,0.0023901010037293787,0.0007967003345764595,0.0017399935307149878
15,0.005,0.5,spare,0.6208225509186848,0.5255227017152103,0.001593400669152919,0.001593400669152919,0.0014914230263271327
15,0.005,0.5,tight,0.58,0.519805538474811,0.001593400669152919,0.001593400669152919,0.0034799870614299756
15,0.005,0.75,spare,0.6221442627458639,0.5412983880417852,0.0007967003345764595,0.0023901010037293787,0.002237134539490699
15,0.005,0.75,tight,0.58,0.5328141549381398,0.0007967003345764595,0.0023901010037293787,0.005219980592144964
15,0.005,1.0,spare,0.6234224799798419,0.5565303919533475,0.0,0.003186801338305838,0.0029828460526542654
15,0.005,1.0,tight,0.58,0.5453374274870236,0.0,0.003186801338305838,0.006959974122859951
15,0.01,0.0,spare,0.5738015524394212,0.49098225165690945,0.006253391292898098,0.0,0.0
15,0.01,0.0,tight,0.5738015524394212,0.49098225165690945,0.006253391292898098,0.0,0.0
15,0.01,0.25,spare,0.5765307023438618,0.523633331899879,0.004690043469673573,0.0015633478232245244,0.0014632935625381554
15,0.01,0.25,tight,0.5762378576447267,0.5180217150773048,0.004690043469673573,0.0015633478232245244,0.003414351645922362
15,0.01,0.5,spare,0.5790864110411278,0.5541163970531655,0.003126695646449049,0.003126695646449049,0.002926587125076311
15,0.01,0.5,tight,0.578519332323806,0.5431257969198756,0.003126695646449049,0.003126695646449049,0.006828703291844724
15,0.01,0.75,spare,0.5814797009570292,0.5825692274393944,0.0015633478232245244,0.004690043469673573,0.004389880687614466
15,0.01,0.75,tight,0.58,0.566417493329559,0.0015633478232245244,0.004690043469673573,0.010243054937767086
15,0.01,1.0,spare,0.5837208940271481,0.6091208472533429,0.0,0.006253391292898098,0.005853174250152622
15,0.01,1.0,tight,0.58,0.58,0.0,0.006253391292898098,0.013657406583689448
15,0.02,0.0,spare,0.5632717213128002,0.4886857908404846,0.012964753402700407,0.0,0.0
15,0.02,0.0,tight,0.5632717213128002,0.4886857908404846,0.012964753402700407,0.0,0.0
15,0.02,0.25,spare,0.5687372364767396,0.5539709780934926,0.009723565052025304,0.0032411883506751017,0.0030337522962318965
15,0.02,0.25,tight,0.568150772852591,0.5425951797299943,0.009723565052025304,0.0032411883506751017,0.007078755357874423
15,0.02,0.5,spare,0.573507151416963,0.6105611625500538,0.006482376701350203,0.006482376701350203,0.006067504592463793
15,0.02,0.5,tight,0.5724088638349962,0.58,0.006482376701350203,0.006482376701350203,0.014157510715748845
15,0.02,0.75,spare,0.5776699956968732,0.6595629637526995,0.0032411883506751017,0.009723565052025304,0.009101256888695687
15,0.02,0.75,tight,0.5761250243769727,0.58,0.0032411883506751017,0.009723565052025304,0.021236266073623267
15,0.02,1.0,spare,0.5813030316557848,0.7019421609428619,0.0,0.012964753402700407,0.012135009184927586
15,0.02,1.0,tight,0.5793682263730799,0.58,0.0,0.012964753402700407,0.02831502143149769
15,0.03,0.0,spare,0.5295994463918544,0.49928524837934773,0.019018339028579696,0.0,0.0
15,0.03,0.0,tight,0.5295994463918544,0.49928524837934773,0.019018339028579696,0.0,0.0
15,0.03,0.25,spare,0.5373730618035776,0.5920051496931995,0.014263754271434772,0.004754584757144924,0.00445029133268765
15,0.03,0.25,tight,0.536538933175196,0.5756448200615124,0.014263754271434772,0.004754584757144924,0.010384013109604514
15,0.03,0.5,spare,0.5437395168071091,0.6671355459046563,0.009509169514289848,0.009509169514289848,0.0089005826653753
15,0.03,0.5,tight,0.5422222514272308,0.58,0.009509169514289848,0.009509169514289848,0.020768026219209028
15,0.03,0.75,spare,0.5489535320580909,0.7278604452092416,0.004754584757144924,0.014263754271434772,0.013350873998062951
15,0.03,0.75,tight,0.5468767896319076,0.58,0.004754584757144924,0.014263754271434772,0.031152039328813545
15,0.03,1.0,spare,0.5532237193165246,0.7767874946069739,0.0,0.019018339028579696,0.0178011653307506
15,0.03,1.0,tight,0.550688774978855,0.58,0.0,0.019018339028579696,0.041536052438418056
16,0.0,0.0,spare,0.6666269621303362,0.4888613375156328,0.0,0.0,0.0
16,0.0,0.0,tight,0.58,0.4888613375156328,0.0,0.0,0.0
16,0.0,0.25,spare,0.6666269621303362,0.4888613375156328,0.0,0.0,0.0
16,0.0,0.25,tight,0.58,0.4888613375156328,0.0,0.0,0.0
16,0.0,0.5,spare,0.6666269621303362,0.4888613375156328,0.0,0.0,0.0
16,0.0,0.5,tight,0.58,0.4888613375156328,0.0,0.0,0.0
16,0.0,0.75,spare,0.6666269621303362,0.4888613375156328,0.0,0.0,0.0
16,0.0,0.75,tight,0.58,0.4888613375156328,0.0,0.0,0.0
16,0.0,1.0,spare,0.6666269621303362,0.4888613375156328,0.0,0.0,0.0
16,0.0,1.0,tight,0.58,0.4888613375156328,0.0,0.0,0.0
16,0.0025,0.0,spare,0.6641123522114886,0.46975038684674203,0.0016430545459721064,0.0,0.0
16,0.0025,0.0,tight,0.58,0.46975038684674203,0.0016430545459721064,0.0,0.0
16,0.0025,0.25,spare,0.6648468710189193,0.47854739717586814,0.0012322909094790798,0.0004107636364930266,0.000384474763757473
16,0.0025,0.25,tight,0.58,0.47704956754547173,0.0012322909094790798,0.0004107636364930266,0.0008971077821007702
16,0.0025,0.5,spare,0.6655688265374512,0.4871873663937594,0.0008215272729860532,0.0008215272729860532,0.000768949527514946
16,0.0025,0.5,tight,0.58,0.4842085580420708,0.0008215272729860532,0.0008215272729860532,0.0017942155642015404
16,0.0025,0.75,spare,0.6662784336509325,0.4956729805485191,0.0004107636364930266,0.0012322909094790798,0.001153424291272419
16,0.0025,0.75,tight,0.58,0.4912297561648759,0.0004107636364930266,0.0012322909094790798,0.002691323346302311
16,0.0025,1.0,spare,0.6669759035678151,0.5040068797457938,0.0,0.0016430545459721064,0.001537899055029892
16,0.0025,1.0,tight,0.58,0.4981155187295087,0.0,0.0016430545459721064,0.0035884311284030807
16,0.005,0.0,spare,0.6454216486122297,0.518412453771545,0.0032947394079987057,0.0,0.0
16,0.005,0.0,tight,0.58,0.518412453771545,0.0032947394079987057,0.0,0.0
16,0.005,0.25,spare,0.6468818822976746,0.5358944058181346,0.0024710545559990292,0.0008236848519996764,0.0007709690214716974
16,0.005,0.25,tight,0.58,0.5329078624478757,0.0024710545559990292,0.0008236848519996764,0.0017989277167672936
16,0.005,0.5,spare,0.6482924633560678,0.5527557000265778,0.0016473697039993528,0.0016473697039993528,0.0015419380429433948
16,0.005,0.5,tight,0.58,0.5468492114445496,0.0016473697039993528,0.0016473697039993528,0.003597855433534587
16,0.005,0.75,spare,0.6496550801359235,0.569017440753302,0.0008236848519996764,0.0024710545559990292,0.002312907064415092
16,0.005,0.75,tight,0.58,0.5602553405670807,0.0008236848519996764,0.0024710545559990292,0.005396783150301881
16,0.005,1.0,spare,0.6509713635764932,0.5847000147389512,0.0,0.0032947394079987057,0.0030838760858867896
16,0.005,1.0,tight,0.58,0.5731444490071919,0.0,0.0032947394079987057,0.007195710867069174
16,0.01,0.0,spare,0.5968255557907394,0.4806634336513411,0.006517240516153147,0.0,0.0
16,0.01,0.0,tight,0.58,0.4806634336513411,0.006517240516153147,0.0,0.0
16,0.01,0.25,spare,0.5996659634069909,0.5146434945737053,0.00488793038711486,0.0016293101290382867,0.0015250342807798366
16,0.01,0.25,tight,0.58,0.5088003288640718,0.00488793038711486,0.0016293101290382867,0.0035584133218196186
16,0.01,0.5,spare,0.6023185004143923,0.5462751728854429,0.0032586202580765734,0.0032586202580765734,0.0030500685615596733
16,0.01,0.5,tight,0.58,0.5348408288699987,0.0032586202580765734,0.0032586202580765734,0.007116826643639237
16,0.01,0.75,spare,0.604795592975114,0.5757137956136845,0.0016293101290382867,0.00488793038711486,0.00457510284233951
16,0.01,0.75,tight,0.58,0.5589235937127155,0.0016293101290382867,0.00488793038711486,0.010675239965458855
16,0.01,1.0,spare,0.607108845358497,0.6031044161251924,0.0,0.006517240516153147,0.006100137123119347
16,0.01,1.0,tight,0.58,0.58,0.0,0.006517240516153147,0.014233653287278474
16,0.02,0.0,spare,0.5581243950291943,0.4985278420219276,0.012321738057617847,0.0,0.0
16,0.02,0.0,tight,0.5581243950291943,0.4985278420219276,0.012321738057617847,0.0,0.0
16,0.02,0.25,spare,0.5633360120113551,0.5607897675934541,0.009241303543213385,0.0030804345144044617,0.002883286705482577
16,0.02,0.25,tight,0.5627767923053706,0.5499551389946716,0.009241303543213385,0.0030804345144044617,0.006727668979459345
16,0.02,0.5,spare,0.5679151552703239,0.6151457716250838,0.006160869028808923,0.006160869028808923,0.005766573410965154
16,0.02,0.5,tight,0.5668645818912459,0.58,0.006160869028808923,0.006160869028808923,0.01345533795891869
16,0.02,0.75,spare,0.5719385808324742,0.6625553044464777,0.0030804345144044617,0.009241303543213385,0.008649860116447732
16,0.02,0.75,tight,0.5704562836970999,0.58,0.0030804345144044617,0.009241303543213385,0.020183006938378035
16,0.02,1.0,spare,0.575473729732316,0.7038613789890198,0.0,0.012321738057617847,0.011533146821930308
16,0.02,1.0,tight,0.5736121021635756,0.58,0.0,0.012321738057617847,0.02691067591783738
16,0.03,0.0,spare,0.517104100446109,0.4859855501733408,0.018285095598566663,0.0,0.0
16,0.03,0.0,tight,0.517104100446109,0.4859855501733408,0.018285095598566663,0.0,0.0
16,0.03,0.25,spare,0.5246058920461424,0.5754792328036938,0.013713821698924997,0.004571273899641666,0.0042787123700646
16,0.03,0.25,tight,0.5238009308014294,0.5597122674180288,0.013713821698924997,0.004571273899641666,0.0099836621968174
16,0.03,0.5,spare,0.530797212399661,0.6485920248526119,0.009142547799283331,0.009142547799283331,0.0085574247401292
16,0.03,0.5,tight,0.529327906795107,0.58,0.009142547799283331,0.009142547799283331,0.0199673243936348
16,0.03,0.75,spare,0.5359069848065249,0.7081854675683456,0.004571273899641666,0.013713821698924997,0.012836137110193801
16,0.03,0.75,tight,0.5338893876769423,0.58,0.004571273899641666,0.013713821698924997,0.029950986590452196
16,0.03,1.0,spare,0.540124142465813,0.7566212259393819,0.0,0.018285095598566663,0.0171148494802584
16,0.03,1.0,tight,0.5376540336350847,0.58,0.0,0.018285095598566663,0.0399346487872696
17,0.0,0.0,spare,0.6674558850617739,0.47470340017157825,0.0,0.0,0.0
17,0.0,0.0,tight,0.58,0.47470340017157825,0.0,0.0,0.0
17,0.0,0.25,spare,0.6674558850617739,0.47470340017157825,0.0,0.0,0.0
17,0.0,0.25,tight,0.58,0.47470340017157825,0.0,0.0,0.0
17,0.0,0.5,spare,0.6674558850617739,0.47470340017157825,0.0,0.0,0.0
17,0.0,0.5,tight,0.58,0.47470340017157825,0.0,0.0,0.0
17,0.0,0.75,spare,0.6674558850617739,0.47470340017157825,0.0,0.0,0.0
17,0.0,0.75,tight,0.58,0.47470340017157825,0.0,0.0,0.0
17,0.0,1.0,spare,0.6674558850617739,0.47470340017157825,0.0,0.0,0.0
17,0.0,1.0,tight,0.58,0.47470340017157825,0.0,0.0,0.0
17,0.0025,0.0,spare,0.6809695514544865,0.48479112545634645,0.001694953623794389,0.0,0.0
17,0.0025,0.0,tight,0.58,0.48479112545634645,0.001694953623794389,0.0,0.0
17,0.0025,0.25,spare,0.6817270656438599,0.4938634336755461,0.0012712152178457918,0.0004237384059485973,0.00039661914796788715
17,0.0025,0.25,tight,0.58,0.49231856824859427,0.0012712152178457918,0.0004237384059485973,0.0009254446785917366
17,0.0025,0.5,spare,0.682471217599927,0.502768713978418,0.0008474768118971946,0.0008474768118971946,0.0007932382959357743
17,0.0025,0.5,tight,0.58,0.49969690564310704,0.0008474768118971946,0.0008474768118971946,0.0018508893571834732
17,0.0025,0.75,spare,0.6832022430268919,0.5115099126675109,0.0004237384059485973,0.0012712152178457918,0.0011898574439036613
17,0.0025,0.75,tight,0.58,0.5069287677967049,0.0004237384059485973,0.0012712152178457918,0.0027763340357752093
17,0.0025,1.0,spare,0.6839203734712348,0.5200899240738288,0.0,0.001694953623794389,0.0015864765918715486
17,0.0025,1.0,tight,0.58,0.5140167384713431,0.0,0.001694953623794389,0.0037017787143669464
17,0.005,0.0,spare,0.6469210523938129,0.4974691601813866,0.0032156477963476266,0.0,0.0
17,0.005,0.0,tight,0.58,0.4974691601813866,0.0032156477963476266,0.0,0.0
17,0.005,0.25,spare,0.6483468210819853,0.5145388071991962,0.00241173584726072,0.0008039119490869066,0.0007524615843453448
17,0.005,0.25,tight,0.58,0.5116231676808414,0.00241173584726072,0.0008039119490869066,0.0017557436968058042
17,0.005,0.5,spare,0.6497252533238049,0.5310167486375964,0.0016078238981738133,0.0016078238981738133,0.0015049231686906897
17,0.005,0.5,tight,0.58,0.5252489611086623,0.0016078238981738133,0.0016078238981738133,0.0035114873936116084
17,0.005,0.75,spare,0.6510579207200314,0.5469226295060817,0.0008039119490869066,0.00241173584726072,0.0022573847530360344
17,0.005,0.75,tight,0.58,0.5383640775150541,0.0008039119490869066,0.00241173584726072,0.005267231090417413
17,0.005,1.0,spare,0.6523463426932584,0.5622754425870742,0.0,0.0032156477963476266,0.0030098463373813794
17,0.005,1.0,tight,0.58,0.5509854717087659,0.0,0.0032156477963476266,0.007022974787223217
17,0.01,0.0,spare,0.5829401716288131,0.48524425589961445,0.006389326475570873,0.0,0.0
17,0.01,0.0,tight,0.58,0.48524425589961445,0.006389326475570873,0.0,0.0
17,0.01,0.25,spare,0.585726680025507,0.5185805084630047,0.004791994856678155,0.0015973316188927183,0.0014951023952835848
17,0.01,0.25,tight,0.58,0.5128495459692072,0.004791994856678155,0.0015973316188927183,0.0034885722556616972
17,0.01,0.5,spare,0.5883323801825202,0.5496566580303869,0.0031946632377854367,0.0031946632377854367,0.0029902047905671697
17,0.01,0.5,tight,0.58,0.5384372478203067,0.0031946632377854367,0.0031946632377854367,0.0069771445113233944
17,0.01,0.75,spare,0.5907690042086006,0.5786193559611074,0.0015973316188927183,0.004791994856678155,0.004485307185850754
17,0.01,0.75,tight,0.58,0.5621382767498557,0.0015973316188927183,0.004791994856678155,0.01046571676698509
17,0.01,1.0,spare,0.5930475229508634,0.6056057378441091,0.0,0.006389326475570873,0.005980409581134339
17,0.01,1.0,tight,0.58,0.58,0.0,0.006389326475570873,0.013954289022646789
17,0.02,0.0,spare,0.572635422273126,0.4868636037504478,0.012987513019157234,0.0,0.0
17,0.02,0.0,tight,0.572635422273126,0.4868636037504478,0.012987513019157234,0.0,0.0
17,0.02,0.25,spare,0.578109892824334,0.5522554075940653,0.009740634764367925,0.0032468782547893085,0.0030390780464827935
17,0.02,0.25,tight,0.5775224682644429,0.5408604965334486,0.009740634764367925,0.0032468782547893085,0.007091182108459851
17,0.02,0.5,spare,0.582886481766562,0.608923691325431,0.006493756509578617,0.006493756509578617,0.006078156092965587
17,0.02,0.5,tight,0.58,0.58,0.006493756509578617,0.006493756509578617,0.014182364216919702
17,0.02,0.75,spare,0.5870541545505501,0.6579805230787983,0.0032468782547893085,0.009740634764367925,0.00911723413944838
17,0.02,0.75,tight,0.58,0.58,0.0032468782547893085,0.009740634764367925,0.02127354632537955
17,0.02,1.0,spare,0.5906905353747063,0.7003962053342692,0.0,0.012987513019157234,0.012156312185931174
17,0.02,1.0,tight,0.58,0.58,0.0,0.012987513019157234,0.028364728433839404
17,0.03,0.0,spare,0.5382108420258152,0.48962064658852733,0.019029836107393654,0.0,0.0
17,0.03,0.0,tight,0.5382108420258152,0.48962064658852733,0.019029836107393654,0.0,0.0
17,0.03,0.25,spare,0.545988702926454,0.5823909261973818,0.01427237708054524,0.004757459026848414,0.004452981649130117
17,0.03,0.25,tight,0.5451541187463556,0.5660213150806456,0.01427237708054524,0.004757459026848414,0.010390290514636937
17,0.03,0.5,spare,0.5523578659836295,0.6575524827629456,0.009514918053696827,0.009514918053696827,0.008905963298260234
17,0.03,0.5,tight,0.5508398544710175,0.58,0.009514918053696827,0.009514918053696827,0.020780581029273874
17,0.03,0.75,spare,0.5575734694210165,0.7182945440811531,0.004757459026848414,0.01427237708054524,0.013358944947390348
17,0.03,0.75,tight,0.5554958104456744,0.58,0.004757459026848414,0.01427237708054524,0.031170871543910808
17,0.03,1.0,spare,0.5618444417562963,0.7672287166230212,0.0,0.019029836107393654,0.017811926596520467
17,0.03,1.0,tight,0.5593084966287335,0.58,0.0,0.019029836107393654,0.04156116205854775
18,0.0,0.0,spare,0.6876261558670912,0.5092595283146216,0.0,0.0,0.0
18,0.0,0.0,tight,0.58,0.5092595283146216,0.0,0.0,0.0
18,0.0,0.25,spare,0.6876261558670912,0.5092595283146216,0.0,0.0,0.0
18,0.0,0.25,tight,0.58,0.5092595283146216,0.0,0.0,0.0
18,0.0,0.5,spare,0.6876261558670912,0.5092595283146216,0.0,0.0,0.0
18,0.0,0.5,tight,0.58,0.5092595283146216,0.0,0.0,0.0
18,0.0,0.75,spare,0.6876261558670912,0.5092595283146216,0.0,0.0,0.0
18,0.0,0.75,tight,0.58,0.5092595283146216,0.0,0.0,0.0
18,0.0,1.0,spare,0.6876261558670912,0.5092595283146216,0.0,0.0,0.0
18,0.0,1.0,tight,0.58,0.5092595283146216,0.0,0.0,0.0
18,0.0025,0.0,spare,0.6724685547540113,0.471632642891218,0.0016754052284323562,0.0,0.0
18,0.0025,0.0,tight,0.58,0.471632642891218,0.0016754052284323562,0.0,0.0
18,0.0025,0.25,spare,0.6732174089345591,0.4806012753246112,0.0012565539213242672,0.00041885130710808905,0.00039204482345317146
18,0.0025,0.25,tight,0.58,0.479074124508105,0.0012565539213242672,0.00041885130710808905,0.0009147712547240666
18,0.0025,0.5,spare,0.6739532046533024,0.4894066769854508,0.0008377026142161781,0.0008377026142161781,0.0007840896469063429
18,0.0025,0.5,tight,0.58,0.4863698904278837,0.0008377026142161781,0.0008377026142161781,0.0018295425094481332
18,0.0025,0.75,spare,0.6746761696226977,0.49805169427943763,0.00041885130710808905,0.0012565539213242672,0.0011761344703595145
18,0.0025,0.75,tight,0.58,0.4935224816297118,0.00041885130710808905,0.0012565539213242672,0.0027443137641722003
18,0.0025,1.0,spare,0.6753865275843683,0.506539123976868,0.0,0.0016754052284323562,0.0015681792938126858
18,0.0025,1.0,tight,0.58,0.5005343947833474,0.0,0.0016754052284323562,0.0036590850188962664
18,0.005,0.0,spare,0.6518712721267802,0.47508482862372386,0.0033582644391662955,0.0,0.0
18,0.005,0.0,tight,0.58,0.47508482862372386,0.0033582644391662955,0.0,0.0
18,0.005,0.25,spare,0.6533591667903408,0.4928976780394663,0.0025186983293747217,0.0008395661097915739,0.0007858338787649134
18,0.005,0.25,tight,0.58,0.4898542136965858,0.0025186983293747217,0.0008395661097915739,0.0018336123837847977
18,0.005,0.5,spare,0.6547955098860491,0.5100661328570544,0.0016791322195831477,0.0016791322195831477,0.0015716677575298267
18,0.005,0.5,tight,0.58,0.5040483493442695,0.0016791322195831477,0.0016791322195831477,0.0036672247675695953
18,0.005,0.75,spare,0.656182087537757,0.5266125196246393,0.0008395661097915739,0.0025186983293747217,0.0023575016362947405
18,0.005,0.75,tight,0.58,0.5176871664197449,0.0008395661097915739,0.0025186983293747217,0.005500837151354393
18,0.005,1.0,spare,0.6575206239849058,0.5425583913352346,0.0,0.0033582644391662955,0.0031433355150596535
18,0.005,1.0,tight,0.58,0.5307899052252698,0.0,0.0033582644391662955,0.007334449535139191
18,0.01,0.0,spare,0.6398655150878648,0.4941252476644534,0.006712845337288488,0.0,0.0
18,0.01,0.0,tight,0.58,0.4941252476644534,0.006712845337288488,0.0,0.0
18,0.01,0.25,spare,0.6427882049656137,0.529088065327389,0.005034634002966366,0.001678211334322122,0.0015708058089255066
18,0.01,0.25,tight,0.58,0.5230735072245186,0.005034634002966366,0.001678211334322122,0.0036652135541595148
18,0.01,0.5,spare,0.6455119819306974,0.5615644715820093,0.003356422668644244,0.003356422668644244,0.0031416116178510133
18,0.01,0.5,tight,0.58,0.5498021536197837,0.003356422668644244,0.003356422668644244,0.0073304271083190296
18,0.01,0.75,spare,0.6480503836311318,0.5917236870285143,0.001678211334322122,0.005034634002966366,0.00471241742677652
18,0.01,0.75,tight,0.58,0.5744622496513215,0.001678211334322122,0.005034634002966366,0.010995640662478545
18,0.01,1.0,spare,0.6504160263674381,0.6197234154234171,0.0,0.006712845337288488,0.006283223235702027
18,0.01,1.0,tight,0.58,0.58,0.0,0.006712845337288488,0.014660854216638059
18,0.02,0.0,spare,0.5918034958778694,0.4824398026700931,0.012925005840336706,0.0,0.0
18,0.02,0.0,tight,0.58,0.4824398026700931,0.012925005840336706,0.0,0.0
18,0.02,0.25,spare,0.5972533661540035,0.547538729755131,0.00969375438025253,0.0032312514600841766,0.00302445136663879
18,0.02,0.25,tight,0.58,0.5361963168323189,0.00969375438025253,0.0032312514600841766,0.007057053188823843
18,0.02,0.5,spare,0.6020116127801122,0.6039923612148514,0.006462502920168353,0.006462502920168353,0.00604890273327758
18,0.02,0.5,tight,0.58,0.58,0.006462502920168353,0.006462502920168353,0.014114106377647685
18,0.02,0.75,spare,0.6061660072533207,0.6528978407633197,0.0032312514600841766,0.00969375438025253,0.00907335409991637
18,0.02,0.75,tight,0.58,0.58,0.0032312514600841766,0.00969375438025253,0.021171159566471528
18,0.02,1.0,spare,0.6097931823022821,0.6952130775086969,0.0,0.012925005840336706,0.01209780546655516
18,0.02,1.0,tight,0.58,0.58,0.0,0.012925005840336706,0.02822821275529537
18,0.03,0.0,spare,0.5222276429398368,0.4768046497450233,0.018657835957831548,0.0,0.0
18,0.03,0.0,tight,0.5222276429398368,0.4768046497450233,0.018657835957831548,0.0,0.0
18,0.03,0.25,spare,0.5298678762340854,0.567941632308998,0.01399337696837366,0.004664458989457887,0.004365933614132584
18,0.03,0.25,tight,0.5290480598448367,0.5518726826245455,0.01399337696837366,0.004664458989457887,0.010187178432976026
18,0.03,0.5,spare,0.5361488238355586,0.6420875437132808,0.009328917978915774,0.009328917978915774,0.008731867228265168
18,0.03,0.5,tight,0.5346550458556898,0.58,0.009328917978915774,0.009328917978915774,0.020374356865952053
18,0.03,0.75,spare,0.5413123183589719,0.7022652916418143,0.004664458989457887,0.01399337696837366,0.01309780084239775
18,0.03,0.75,tight,0.5392644843348621,0.58,0.004664458989457887,0.01399337696837366,0.03056153529892808
18,0.03,1.0,spare,0.5455571676054559,0.7509599736087312,0.0,0.018657835957831548,0.017463734456530336
18,0.03,1.0,tight,0.5430538505027367,0.58,0.0,0.018657835957831548,0.040748713731904106
19,0.0,0.0,spare,0.6796709375353711,0.5136497288781063,0.0,0.0,0.0
19,0.0,0.0,tight,0.58,0.5136497288781063,0.0,0.0,0.0
19,0.0,0.25,spare,0.6796709375353711,0.5136497288781063,0.0,0.0,0.0
19,0.0,0.25,tight,0.58,0.5136497288781063,0.0,0.0,0.0
19,0.0,0.5,spare,0.6796709375353711,0.5136497288781063,0.0,0.0,0.0
19,0.0,0.5,tight,0.58,0.5136497288781063,0.0,0.0,0.0
19,0.0,0.75,spare,0.6796709375353711,0.5136497288781063,0.0,0.0,0.0
19,0.0,0.75,tight,0.58,0.5136497288781063,0.0,0.0,0.0
19,0.0,1.0,spare,0.6796709375353711,0.5136497288781063,0.0,0.0,0.0
19,0.0,1.0,tight,0.58,0.5136497288781063,0.0,0.0,0.0
19,0.0025,0.0,spare,0.6375409967284756,0.49197050955282,0.0016453529287204173,0.0,0.0
19,0.0025,0.0,tight,0.58,0.49197050955282,0.0016453529287204173,0.0,0.0
19,0.0025,0.25,spare,0.6382765341658205,0.5007797149343107,0.001234014696540313,0.0004113382321801043,0.00038501258532057777
19,0.0025,0.25,tight,0.58,0.49927980193886534,0.001234014696540313,0.0004113382321801043,0.0008983626990813479
19,0.0025,0.5,spare,0.638999473444593,0.5094314433336455,0.0008226764643602086,0.0008226764643602086,0.0007700251706411555
19,0.0025,0.5,tight,0.58,0.506448515021913,0.0008226764643602086,0.0008226764643602086,0.0017967253981626958
19,0.0025,0.75,spare,0.6397100303438836,0.5179283919894587,0.0004113382321801043,0.001234014696540313,0.0011550377559617331
19,0.0025,0.75,tight,0.58,0.5134790566200583,0.0004113382321801043,0.001234014696540313,0.0026950880972440435
19,0.0025,1.0,spare,0.6404084169469563,0.526273211942545,0.0,0.0016453529287204173,0.001540050341282311
19,0.0025,1.0,tight,0.58,0.5203737933107023,0.0,0.0016453529287204173,0.0035934507963253917
19,0.005,0.0,spare,0.6469118452059438,0.508848022093638,0.003351102870343752,0.0,0.0
19,0.005,0.0,tight,0.58,0.508848022093638,0.003351102870343752,0.0,0.0
19,0.005,0.25,spare,0.648396622399404,0.5266235789402293,0.002513327152757814,0.000837775717585938,0.0007841580716604382
19,0.005,0.25,tight,0.58,0.5235865304123212,0.002513327152757814,0.000837775717585938,0.0018297021672076888
19,0.005,0.5,spare,0.6498300638226931,0.5437574386596842,0.001675551435171876,0.001675551435171876,0.0015683161433208764
19,0.005,0.5,tight,0.58,0.5377521973313699,0.001675551435171876,0.001675551435171876,0.0036594043344153776
19,0.005,0.75,spare,0.6512139443961905,0.560271787756741,0.000837775717585938,0.002513327152757814,0.0023524742149813147
19,0.005,0.75,tight,0.58,0.551364828687354,0.000837775717585938,0.002513327152757814,0.005489106501623066
19,0.005,1.0,spare,0.6525499776728828,0.5761880456437333,0.0,0.003351102870343752,0.0031366322866417527
19,0.005,1.0,tight,0.58,0.5644435455353967,0.0,0.003351102870343752,0.007318808668830755
19,0.01,0.0,spare,0.6110902756921966,0.4922616010013864,0.006568171852133967,0.0,0.0
19,0.01,0.0,tight,0.58,0.4922616010013864,0.006568171852133967,0.0,0.0
19,0.01,0.25,spare,0.6139521241350312,0.5264977543234189,0.004926128889100476,0.0016420429630334917,0.0015369522133993488
19,0.01,0.25,tight,0.58,0.5206099398492922,0.004926128889100476,0.0016420429630334917,0.0035862218312651462
19,0.01,0.5,spare,0.6166232549803026,0.5583499376759113,0.0032840859260669835,0.0032840859260669835,0.0030739044267986976
19,0.01,0.5,tight,0.58,0.5468301147452537,0.0032840859260669835,0.0032840859260669835,0.0071724436625302925
19,0.01,0.75,spare,0.6191163779164329,0.5879770221641423,0.0016420429630334917,0.004926128889100476,0.0046108566401980465
19,0.01,0.75,tight,0.58,0.5710639495224484,0.0016420429630334917,0.004926128889100476,0.01075866549379544
19,0.01,1.0,spare,0.621443355640367,0.6155272914999189,0.0,0.006568171852133967,0.006147808853597395
19,0.01,1.0,tight,0.58,0.58,0.0,0.006568171852133967,0.014344887325060585
19,0.02,0.0,spare,0.5739050894943821,0.5021943440016661,0.012661825297256938,0.0,0.0
19,0.02,0.0,tight,0.5739050894943821,0.5021943440016661,0.012661825297256938,0.0,0.0
19,0.02,0.25,spare,0.5792512053623572,0.566057925231795,0.009496368972942704,0.0031654563243142344,0.0029628671195581244
19,0.02,0.25,tight,0.5786775535851675,0.5549367885241814,0.009496368972942704,0.0031654563243142344,0.006913356612302289
19,0.02,0.5,spare,0.5839317811112511,0.6216022549734117,0.006330912648628469,0.006330912648628469,0.005925734239116249
19,0.02,0.5,tight,0.58,0.58,0.006330912648628469,0.006330912648628469,0.013826713224604577
19,0.02,0.75,spare,0.5880296700987252,0.6698630001972783,0.0031654563243142344,0.009496368972942704,0.008888601358674374
19,0.02,0.75,tight,0.58,0.58,0.0031654563243142344,0.009496368972942704,0.020740069836906867
19,0.02,1.0,spare,0.5916174112345519,0.7117468972755557,0.0,0.012661825297256938,0.011851468478232497
19,0.02,1.0,tight,0.58,0.58,0.0,0.012661825297256938,0.027653426449209154
19,0.03,0.0,spare,0.49985633825705844,0.47272403630002585,0.018770422431443865,0.0,0.0
19,0.03,0.0,tight,0.49985633825705844,0.47272403630002585,0.018770422431443865,0.0,0.0
19,0.03,0.25,spare,0.5075382815218481,0.5643560482609384,0.0140778168235829,0.004692605607860966,0.004392278848957866
19,0.03,0.25,tight,0.5067139895470868,0.5481960267778114,0.0140778168235829,0.004692605607860966,0.010248650647568353
19,0.03,0.5,spare,0.5138460572120418,0.6388109655394022,0.009385211215721933,0.009385211215721933,0.008784557697915732
19,0.03,0.5,tight,0.5123449249247709,0.58,0.009385211215721933,0.009385211215721933,0.020497301295136706
19,0.03,0.75,spare,0.5190254802807032,0.6991614750487108,0.004692605607860966,0.0140778168235829,0.013176836546873598
19,0.03,0.75,tight,0.5169685827759305,0.58,0.004692605607860966,0.0140778168235829,0.030745951942705057
19,0.03,1.0,spare,0.5232783936120834,0.747930612842006,0.0,0.018770422431443865,0.017569115395831465
19,0.03,1.0,tight,0.5207651477319615,0.58,0.0,0.018770422431443865,0.04099460259027341
20,0.0,0.0,spare,0.6548781127759842,0.5021004960204745,0.0,0.0,0.0
20,0.0,0.0,tight,0.58,0.5021004960204745,0.0,0.0,0.0
20,0.0,0.25,spare,0.6548781127759842,0.5021004960204745,0.0,0.0,0.0
20,0.0,0.25,tight,0.58,0.5021004960204745,0.0,0.0,0.0
20,0.0,0.5,spare,0.6548781127759842,0.5021004960204745,0.0,0.0,0.0
20,0.0,0.5,tight,0.58,0.5021004960204745,0.0,0.0,0.0
20,0.0,0.75,spare,0.6548781127759842,0.5021004960204745,0.0,0.0,0.0
20,0.0,0.75,tight,0.58,0.5021004960204745,0.0,0.0,0.0
20,0.0,1.0,spare,0.6548781127759842,0.5021004960204745,0.0,0.0,0.0
20,0.0,1.0,tight,0.58,0.5021004960204745,0.0,0.0,0.0
20,0.0025,0.0,spare,0.6225464515932542,0.4972740293085587,0.0016237133938581463,0.0,0.0
20,0.0025,0.0,tight,0.58,0.4972740293085587,0.0016237133938581463,0.0,0.0
20,0.0025,0.25,spare,0.6232723975402549,0.5059684047119052,0.0012177850453936098,0.0004059283484645366,0.00037994893416280637
20,0.0025,0.25,tight,0.58,0.5044881081415152,0.0012177850453936098,0.0004059283484645366,0.000886547513046548
20,0.0025,0.5,spare,0.6239860717492255,0.5145093833898748,0.0008118566969290732,0.0008118566969290732,0.0007598978683256127
20,0.0025,0.5,tight,0.58,0.5115652501063633,0.0008118566969290732,0.0008118566969290732,0.001773095026093096
20,0.0025,0.75,spare,0.624687681667504,0.5228995584341932,0.0004059283484645366,0.0012177850453936098,0.0011398468024884192
20,0.0025,0.75,tight,0.58,0.518507770049517,0.0004059283484645366,0.0012177850453936098,0.002659642539139644
20,0.0025,1.0,spare,0.6253774312356393,0.5311414791017218,0.0,0.0016237133938581463,0.0015197957366512255
20,0.0025,1.0,tight,0.58,0.5253179436861174,0.0,0.0016237133938581463,0.003546190052186192
20,0.005,0.0,spare,0.6286177198744242,0.48447567848329715,0.003323519907623101,0.0,0.0
20,0.005,0.0,tight,0.58,0.48447567848329715,0.003323519907623101,0.0,0.0
20,0.005,0.25,spare,0.630090487862839,0.5021075746800994,0.0024926399307173257,0.0008308799769057752,0.0007777036583838058
20,0.005,0.25,tight,0.58,0.49909523976314835,0.0024926399307173257,0.0008308799769057752,0.0018146418695622133
20,0.005,0.5,spare,0.6315127471527698,0.519108112145851,0.0016617599538115504,0.0016617599538115504,0.0015554073167676117
20,0.005,0.5,tight,0.58,0.5131511887033583,0.0016617599538115504,0.0016617599538115504,0.0036292837391244267
20,0.005,0.75,spare,0.6328862299441576,0.5354989433798134,0.0008308799769057752,0.0024926399307173257,0.0023331109751514177
20,0.005,0.75,tight,0.58,0.5266628544351603,0.0008308799769057752,0.0024926399307173257,0.00544392560868664
20,0.005,1.0,spare,0.6342126090310046,0.5513009783070175,0.0,0.003323519907623101,0.0031108146335352234
20,0.005,1.0,tight,0.58,0.5396489031956535,0.0,0.003323519907623101,0.007258567478248853
20,0.01,0.0,spare,0.6217927410213187,0.4982104729150631,0.006552759779816234,0.0,0.0
20,0.01,0.0,tight,0.58,0.4982104729150631,0.006552759779816234,0.0,0.0
20,0.01,0.25,spare,0.6246481025745975,0.5323691465425715,0.004914569834862176,0.0016381899449540585,0.0015333457884769994
20,0.01,0.25,tight,0.58,0.5264948413810586,0.004914569834862176,0.0016381899449540585,0.003577806839779664
20,0.01,0.5,spare,0.6273136101412905,0.5641546453377565,0.003276379889908117,0.003276379889908117,0.0030666915769539988
20,0.01,0.5,tight,0.58,0.552660682686754,0.003276379889908117,0.003276379889908117,0.007155613679559328
20,0.01,0.75,spare,0.6298018871792505,0.5937247625237796,0.0016381899449540585,0.004914569834862176,0.0046000373654309975
20,0.01,0.75,tight,0.58,0.5768488584426904,0.0016381899449540585,0.004914569834862176,0.010733420519338994
20,0.01,1.0,spare,0.6321247178082104,0.6212267995973022,0.0,0.006552759779816234,0.0061333831539079975
20,0.01,1.0,tight,0.58,0.58,0.0,0.006552759779816234,0.014311227359118656
20,0.02,0.0,spare,0.5325023800796099,0.49078646529084097,0.012156949042065717,0.0,0.0
20,0.02,0.0,tight,0.5325023800796099,0.49078646529084097,0.012156949042065717,0.0,0.0
20,0.02,0.25,spare,0.5376486527823258,0.552270147998945,0.009117711781549288,0.0030392372605164294,0.0028447260758433786
20,0.02,0.25,tight,0.5370964446830774,0.5415745786572181,0.009117711781549288,0.0030392372605164294,0.006637694176967883
20,0.02,0.5,spare,0.5421782124929887,0.6060449183063884,0.006078474521032859,0.006078474521032859,0.005689452151686757
20,0.02,0.5,tight,0.5411399711610015,0.58,0.006078474521032859,0.006078474521032859,0.013275388353935765
20,0.02,0.75,spare,0.5461649641397938,0.6530345878156102,0.0030392372605164294,0.009117711781549288,0.008534178227530137
20,0.02,0.75,tight,0.5446989342555416,0.58,0.0030392372605164294,0.009117711781549288,0.019913082530903646
20,0.02,1.0,spare,0.549673956118835,0.6940522614777809,0.0,0.012156949042065717,0.011378904303373514
20,0.02,1.0,tight,0.547831402505088,0.58,0.0,0.012156949042065717,0.02655077670787153
20,0.03,0.0,spare,0.5002522672515741,0.4834474030281478,0.018233734684890184,0.0,0.0
20,0.03,0.0,tight,0.5002522672515741,0.4834474030281478,0.018233734684890184,0.0,0.0
20,0.03,0.25,spare,0.5077349400826299,0.572714119500081,0.013675301013667637,0.004558433671222546,0.004266693916264304
20,0.03,0.25,tight,0.5069320303302662,0.5569888223738495,0.013675301013667637,0.004558433671222546,0.009955619137950041
20,0.03,0.5,spare,0.5139138127856906,0.6456833343720756,0.009116867342445092,0.009116867342445092,0.008533387832528608
20,0.03,0.5,tight,0.5124478943379166,0.58,0.009116867342445092,0.009116867342445092,0.019911238275900082
20,0.03,0.75,spare,0.5190160628429394,0.7051947661714221,0.004558433671222546,0.013675301013667637,0.012800081748792913
20,0.03,0.75,tight,0.5170026600373087,0.58,0.004558433671222546,0.013675301013667637,0.029866857413850124
20,0.03,1.0,spare,0.5232292837487207,0.7535933335774222,0.0,0.018233734684890184,0.017066775665057217
20,0.03,1.0,tight,0.5207637916655693,0.58,0.0,0.018233734684890184,0.039822476551800164
21,0.0,0.0,spare,0.6787608639672881,0.49077886960451617,0.0,0.0,0.0
21,0.0,0.0,tight,0.58,0.49077886960451617,0.0,0.0,0.0
21,0.0,0.25,spare,0.6787608639672881,0.49077886960451617,0.0,0.0,0.0
21,0.0,0.25,tight,0.58,0.49077886960451617,0.0,0.0,0.0
21,0.0,0.5,spare,0.6787608639672881,0.49077886960451617,0.0,0.0,0.0
21,0.0,0.5,tight,0.58,0.49077886960451617,0.0,0.0,0.0
21,0.0,0.75,spare,0.6787608639672881,0.49077886960451617,0.0,0.0,0.0
21,0.0,0.75,tight,0.58,0.49077886960451617,0.0,0.0,0.0
21,0.0,1.0,spare,0.6787608639672881,0.49077886960451617,0.0,0.0,0.0
21,0.0,1.0,tight,0.58,0.49077886960451617,0.0,0.0,0.0
21,0.0025,0.0,spare,0.622453714075392,0.49741856764468256,0.0016756783644576668,0.0,0.0
21,0.0025,0.0,tight,0.58,0.49741856764468256,0.0016756783644576668,0.0,0.0
21,0.0025,0.25,spare,0.6232026892684175,0.5063886488202191,0.00125675877334325,0.0004189195911144167,0.0003921087372830942
21,0.0025,0.25,tight,0.58,0.5048612504734546,0.00125675877334325,0.0004189195911144167,0.0009149203869938861
21,0.0025,0.5,spare,0.6239386017788852,0.5151954464637815,0.0008378391822288334,0.0008378391822288334,0.0007842174745661884
21,0.0025,0.5,tight,0.58,0.5121581705069174,0.0008378391822288334,0.0008378391822288334,0.0018298407739877722
21,0.0025,0.75,spare,0.6246616794296617,0.5238418083612041,0.0004189195911144167,0.00125675877334325,0.0011763262118492826
21,0.0025,0.75,tight,0.58,0.5193118699562704,0.0004189195911144167,0.00125675877334325,0.0027447611609816586
21,0.0025,1.0,spare,0.625372146070214,0.5323305326308259,0.0,0.0016756783644576668,0.0015684349491323767
21,0.0025,1.0,tight,0.58,0.5263248466946655,0.0,0.0016756783644576668,0.0036596815479755444
21,0.005,0.0,spare,0.6260363816724174,0.4863582978467018,0.003195085932042662,0.0,0.0
21,0.005,0.0,tight,0.58,0.4863582978467018,0.003195085932042662,0.0,0.0
21,0.005,0.25,spare,0.6274531856243799,0.503320697138135,0.0023963144490319966,0.0007987714830106655,0.0007476501080979832
21,0.005,0.25,tight,0.58,0.5004234971577903,0.0023963144490319966,0.0007987714830106655,0.0017445169188952938
21,0.005,0.5,spare,0.628823246528692,0.5196988083339387,0.001597542966021331,0.001597542966021331,0.0014953002161959665
21,0.005,0.5,tight,0.58,0.5139671039662231,0.001597542966021331,0.001597542966021331,0.0034890338377905877
21,0.005,0.75,spare,0.6301481065270881,0.5355119082057918,0.0007987714830106655,0.0023963144490319966,0.0022429503242939494
21,0.005,0.75,tight,0.58,0.5270063265972394,0.0007987714830106655,0.0023963144490319966,0.005233550756685881
21,0.005,1.0,spare,0.6314292568831238,0.55077863754814,0.0,0.003195085932042662,0.002990600432391933
21,0.005,1.0,tight,0.58,0.539557805640814,0.0,0.003195085932042662,0.006978067675581175
21,0.01,0.0,spare,0.5765747508816791,0.4798497533215334,0.006460201424088926,0.0,0.0
21,0.01,0.0,tight,0.5765747508816791,0.4798497533215334,0.006460201424088926,0.0,0.0
21,0.01,0.25,spare,0.5793911328428107,0.5135428407024422,0.0048451510680666944,0.0016150503560222315,0.001511687133236809
21,0.01,0.25,tight,0.5790889279229874,0.5077496963603343,0.0048451510680666944,0.0016150503560222315,0.003527269977552554
21,0.01,0.5,spare,0.582022808969577,0.5449271051537834,0.003230100712044463,0.003230100712044463,0.003023374266473618
21,0.01,0.5,tight,0.58,0.5335885590193873,0.003230100712044463,0.003230100712044463,0.007054539955105108
21,0.01,0.75,spare,0.5844818927628167,0.5741539654360425,0.0016150503560222315,0.0048451510680666944,0.004535061399710427
21,0.01,0.75,tight,0.58,0.5575015124425531,0.0016150503560222315,0.0048451510680666944,0.01058180993265766
21,0.01,1.0,spare,0.5867797032877023,0.6013649098638773,0.0,0.006460201424088926,0.006046748532947236
21,0.01,1.0,tight,0.58,0.5796148628898617,0.0,0.006460201424088926,0.014109079910210216
21,0.02,0.0,spare,0.5587575517826764,0.47173944881542323,0.012636745746733676,0.0,0.0
21,0.02,0.0,tight,0.5587575517826764,0.47173944881542323,0.012636745746733676,0.0,0.0
21,0.02,0.25,spare,0.5640937654975515,0.5354851217466271,0.009477559310050256,0.003159186436683419,0.002956998504735681
21,0.02,0.25,tight,0.5635211762464771,0.5243850914352144,0.009477559310050256,0.003159186436683419,0.006899663177716587
21,0.02,0.5,spare,0.568766902256139,0.5909423327242338,0.006318372873366838,0.006318372873366838,0.005913997009471362
21,0.02,0.5,tight,0.5676928735913263,0.5696316450681136,0.006318372873366838,0.006318372873366838,0.013799326355433175
21,0.02,0.75,spare,0.5728593558817472,0.6391410045395999,0.003159186436683419,0.009477559310050256,0.008870995514207043
21,0.02,0.75,tight,0.5713461965745443,0.58,0.003159186436683419,0.009477559310050256,0.020698989533149765
21,0.02,1.0,spare,0.5764432819560219,0.6809830819632986,0.0,0.012636745746733676,0.011827994018942724
21,0.02,1.0,tight,0.5745455583010579,0.58,0.0,0.012636745746733676,0.02759865271086635
21,0.03,0.0,spare,0.5178753336400284,0.4594722464454426,0.018883342894759597,0.0,0.0
21,0.03,0.0,tight,0.5178753336400284,0.4594722464454426,0.018883342894759597,0.0,0.0
21,0.03,0.25,spare,0.5255990611106227,0.5516001375904978,0.014162507171069698,0.004720835723689899,0.004418702237373747
21,0.03,0.25,tight,0.5247702855847168,0.5353488405335103,0.014162507171069698,0.004720835723689899,0.010310305220538742
21,0.03,0.5,spare,0.5319336313988396,0.626363563955836,0.009441671447379799,0.009441671447379799,0.008837404474747493
21,0.03,0.5,tight,0.5304251404321714,0.58,0.009441671447379799,0.009441671447379799,0.020620610441077485
21,0.03,0.75,spare,0.5371288924808925,0.6868856252441227,0.004720835723689899,0.014162507171069698,0.013256106712121242
21,0.03,0.75,tight,0.5350629368377595,0.58,0.004720835723689899,0.014162507171069698,0.030930915661616227
21,0.03,1.0,spare,0.5413897557253811,0.7357277135628557,0.0,0.018883342894759597,0.017674808949494986
21,0.03,1.0,tight,0.5388665986610809,0.58,0.0,0.018883342894759597,0.04124122088215497
22,0.0,0.0,spare,0.6396161365544382,0.4908888555843042,0.0,0.0,0.0
22,0.0,0.0,tight,0.58,0.4908888555843042,0.0,0.0,0.0
22,0.0,0.25,spare,0.6396161365544382,0.4908888555843042,0.0,0.0,0.0
22,0.0,0.25,tight,0.58,0.4908888555843042,0.0,0.0,0.0
22,0.0,0.5,spare,0.6396161365544382,0.4908888555843042,0.0,0.0,0.0
22,0.0,0.5,tight,0.58,0.4908888555843042,0.0,0.0,0.0
22,0.0,0.75,spare,0.6396161365544382,0.4908888555843042,0.0,0.0,0.0
22,0.0,0.75,tight,0.58,0.4908888555843042,0.0,0.0,0.0
22,0.0,1.0,spare,0.6396161365544382,0.4908888555843042,0.0,0.0,0.0
22,0.0,1.0,tight,0.58,0.4908888555843042,0.0,0.0,0.0
22,0.0025,0.0,spare,0.6391910258820135,0.4931499003837473,0.0016040453066529453,0.0,0.0
22,0.0025,0.0,tight,0.58,0.4931499003837473,0.0016040453066529453,0.0,0.0
22,0.0025,0.25,spare,0.6399082522708139,0.5017398836419963,0.001203033979989709,0.00040101132666323634,0.00037534660175678934
22,0.0025,0.25,tight,0.58,0.5002774188983916,0.001203033979989709,0.00040101132666323634,0.0008758087374325082
22,0.0025,0.5,spare,0.6406134999503001,0.510180133033817,0.0008020226533264727,0.0008020226533264727,0.0007506932035135787
22,0.0025,0.5,tight,0.58,0.5072712703698308,0.0008020226533264727,0.0008020226533264727,0.0017516174748650165
22,0.0025,0.75,spare,0.641306968982097,0.518473149329522,0.00040101132666323634,0.001203033979989709,0.001126039805270368
22,0.0025,0.75,tight,0.58,0.5141336872293872,0.00040101132666323634,0.001203033979989709,0.0026274262122975246
22,0.0025,1.0,spare,0.6419888560865137,0.5266213915329728,0.0,0.0016040453066529453,0.0015013864070271574
22,0.0025,1.0,tight,0.58,0.5208668646235781,0.0,0.0016040453066529453,0.003503234949730033
22,0.005,0.0,spare,0.6118871057881108,0.4961004993535311,0.0032339542870878624,0.0,0.0
22,0.005,0.0,tight,0.58,0.4961004993535311,0.0032339542870878624,0.0,0.0
22,0.005,0.25,spare,0.6133208542670574,0.5132656100371857,0.0024254657153158967,0.0008084885717719656,0.0007567453031785601
22,0.005,0.25,tight,0.58,0.5103335557466308,0.0024254657153158967,0.0008084885717719656,0.0017657390407499732
22,0.005,0.5,spare,0.6147067349483867,0.5298323732506228,0.0016169771435439312,0.0016169771435439312,0.0015134906063571203
22,0.005,0.5,tight,0.58,0.5240324688689997,0.0016169771435439312,0.0016169771435439312,0.0035314780814999463
22,0.005,0.75,spare,0.6160463459687887,0.5458207657024698,0.0008084885717719656,0.0024254657153158967,0.00227023590953568
22,0.005,0.75,tight,0.58,0.5372150718778179,0.0008084885717719656,0.0024254657153158967,0.005297217122249919
22,0.005,1.0,spare,0.6173412321088144,0.5612500971496126,0.0,0.0032339542870878624,0.0030269812127142405
22,0.005,1.0,tight,0.58,0.5498986025441358,0.0,0.0032339542870878624,0.007062956162999893
22,0.01,0.0,spare,0.5791968371925557,0.4891198646896306,0.006463233587310561,0.0,0.0
22,0.01,0.0,tight,0.5791968371925557,0.4891198646896306,0.006463233587310561,0.0,0.0
22,0.01,0.25,spare,0.5820144967049697,0.5228282119353759,0.004847425190482921,0.0016158083968276402,0.0015123966594306716
22,0.01,0.25,tight,0.58,0.5170324080022264,0.004847425190482921,0.0016158083968276402,0.0035289255386715666
22,0.01,0.5,spare,0.5846472827745769,0.5542256411460355,0.0032316167936552805,0.0032316167936552805,0.003024793318861343
22,0.01,0.5,tight,0.58,0.542882000639686,0.0032316167936552805,0.0032316167936552805,0.007057851077343133
22,0.01,0.75,spare,0.5871073253942685,0.5834637772327486,0.0016158083968276402,0.004847425190482921,0.004537189978292016
22,0.01,0.75,tight,0.58,0.5668039977760371,0.0016158083968276402,0.004847425190482921,0.0105867766160147
22,0.01,1.0,spare,0.5894059586788184,0.6106842966301927,0.0,0.006463233587310561,0.006049586637722686
22,0.01,1.0,tight,0.58,0.58,0.0,0.006463233587310561,0.014115702154686266
22,0.02,0.0,spare,0.5352574562527475,0.49952714920076446,0.012312984196170306,0.0,0.0
22,0.02,0.0,tight,0.5352574562527475,0.49952714920076446,0.012312984196170306,0.0,0.0
22,0.02,0.25,spare,0.5404656048829561,0.5617477687764691,0.00923473814712773,0.0030782460490425766,0.002881238301903853
22,0.02,0.25,tight,0.5399067573399234,0.5509205234193538,0.00923473814712773,0.0030782460490425766,0.006722889371108988
22,0.02,0.5,spare,0.5450421213374397,0.6160729861556085,0.006156492098085153,0.006156492098085153,0.005762476603807706
22,0.02,0.5,tight,0.5439922019840897,0.58,0.006156492098085153,0.006156492098085153,0.013445778742217977
22,0.02,0.75,spare,0.549063608500205,0.6634603373882705,0.0030782460490425766,0.00923473814712773,0.008643714905711558
22,0.02,0.75,tight,0.5475821733857236,0.58,0.0030782460490425766,0.00923473814712773,0.020168668113326963
22,0.02,1.0,spare,0.5525973790353118,0.704751230775204,0.0,0.012312984196170306,0.011524953207615412
22,0.02,1.0,tight,0.5507367613894927,0.58,0.0,0.012312984196170306,0.026891557484435953
22,0.03,0.0,spare,0.5281843543853627,0.49517662578544064,0.018529949961702145,0.0,0.0
22,0.03,0.0,tight,0.5281843543853627,0.49517662578544064,0.018529949961702145,0.0,0.0
22,0.03,0.25,spare,0.5357771498344909,0.5857505606085046,0.013897462471276609,0.004632487490425536,0.004336008291038303
22,0.03,0.25,tight,0.5349624236462089,0.5697851388669284,0.013897462471276609,0.004632487490425536,0.010117352679089373
22,0.03,0.5,spare,0.5420274866693237,0.6595437627528762,0.009264974980851073,0.009264974980851073,0.008672016582076607
22,0.03,0.5,tight,0.5405420835032355,0.58,0.009264974980851073,0.009264974980851073,0.020234705358178746
22,0.03,0.75,spare,0.5471727208338175,0.7195231815180106,0.004632487490425536,0.013897462471276609,0.01300802487311491
22,0.03,0.75,tight,0.5451352210062634,0.58,0.004632487490425536,0.013897462471276609,0.030352058037268117
22,0.03,1.0,spare,0.5514082421036376,0.7681311890997238,0.0,0.018529949961702145,0.017344033164153214
22,0.03,1.0,tight,0.5489162601130031,0.58,0.0,0.018529949961702145,0.04046941071635749
23,0.0,0.0,spare,0.6518149840382733,0.4911633987548079,0.0,0.0,0.0
23,0.0,0.0,tight,0.58,0.4911633987548079,0.0,0.0,0.0
23,0.0,0.25,spare,0.6518149840382733,0.4911633987548079,0.0,0.0,0.0
23,0.0,0.25,tight,0.58,0.4911633987548079,0.0,0.0,0.0
23,0.0,0.5,spare,0.6518149840382733,0.4911633987548079,0.0,0.0,0.0
23,0.0,0.5,tight,0.58,0.4911633987548079,0.0,0.0,0.0
23,0.0,0.75,spare,0.6518149840382733,0.4911633987548079,0.0,0.0,0.0
23,0.0,0.75,tight,0.58,0.4911633987548079,0.0,0.0,0.0
23,0.0,1.0,spare,0.6518149840382733,0.4911633987548079,0.0,0.0,0.0
23,0.0,1.0,tight,0.58,0.4911633987548079,0.0,0.0,0.0
23,0.0025,0.0,spare,0.6546918332433315,0.4948264898000191,0.0016610845392525486,0.0,0.0
23,0.0025,0.0,tight,0.58,0.4948264898000191,0.0016610845392525486,0.0,0.0
23,0.0025,0.25,spare,0.6554343421793668,0.5037191577182762,0.0012458134044394113,0.00041527113481313715,0.0003886937821850965
23,0.0025,0.25,tight,0.58,0.5022049857169447,0.0012458134044394113,0.00041527113481313715,0.0009069521584318917
23,0.0025,0.5,spare,0.6561640130118233,0.5124513493417969,0.0008305422696262743,0.0008305422696262743,0.000777387564370193
23,0.0025,0.5,tight,0.58,0.5094402248521309,0.0008305422696262743,0.0008305422696262743,0.0018139043168637833
23,0.0025,0.75,spare,0.6568810677136571,0.5210258393325333,0.00041527113481313715,0.0012458134044394113,0.0011660813465552895
23,0.0025,0.75,tight,0.58,0.5165346841392728,0.00041527113481313715,0.0012458134044394113,0.0027208564752956746
23,0.0025,1.0,spare,0.6575857244198746,0.5294453543780686,0.0,0.0016610845392525486,0.001554775128740386
23,0.0025,1.0,tight,0.58,0.5234907976854676,0.0,0.0016610845392525486,0.0036278086337275667
23,0.005,0.0,spare,0.6480849910348434,0.4961208079618794,0.003283266071625397,0.0,0.0
23,0.005,0.0,tight,0.58,0.4961208079618794,0.003283266071625397,0.0,0.0
23,0.005,0.25,spare,0.6495402268685966,0.5135429716230341,0.002462449553719048,0.0008208165179063492,0.000768284260760343
23,0.005,0.25,tight,0.58,0.5105667114605827,0.002462449553719048,0.0008208165179063492,0.001792663275107467
23,0.005,0.5,spare,0.6509461493796076,0.5303487187499117,0.0016416330358126985,0.0016416330358126985,0.001536568521520686
23,0.005,0.5,tight,0.58,0.5244623414808481,0.0016416330358126985,0.0016416330358126985,0.003585326550214934
23,0.005,0.75,spare,0.6523044296398385,0.5465589377420373,0.0008208165179063492,0.002462449553719048,0.0023048527822810295
23,0.005,0.75,tight,0.58,0.53782634504401,0.0008208165179063492,0.002462449553719048,0.005377989825322401
23,0.005,1.0,spare,0.6536166820939273,0.5621938091573864,0.0,0.003283266071625397,0.003073137043041372
23,0.005,1.0,tight,0.58,0.5506767372830448,0.0,0.003283266071625397,0.007170653100429868
23,0.01,0.0,spare,0.5904584266535926,0.4945440156666311,0.00624007444743551,0.0,0.0
23,0.01,0.0,tight,0.58,0.4945440156666311,0.00624007444743551,0.0,0.0
23,0.01,0.25,spare,0.5931819530479712,0.5271279181756637,0.004680055835576632,0.0015600186118588774,0.0014601774206999096
23,0.01,0.25,tight,0.58,0.5215279989198363,0.004680055835576632,0.0015600186118588774,0.0034070806482997887
23,0.01,0.5,spare,0.595732752262281,0.5575527309338357,0.003120037223717755,0.003120037223717755,0.002920354841399819
23,0.01,0.5,tight,0.58,0.5465845682225711,0.003120037223717755,0.003120037223717755,0.006814161296599577
23,0.01,0.75,spare,0.5981217787263361,0.5859553843138254,0.0015600186118588774,0.004680055835576632,0.004380532262099729
23,0.01,0.75,tight,0.58,0.5698359609716083,0.0015600186118588774,0.004680055835576632,0.010221241944899366
23,0.01,1.0,spare,0.6003592921354425,0.6124641245069546,0.0,0.00624007444743551,0.005840709682799638
23,0.01,1.0,tight,0.58,0.58,0.0,0.00624007444743551,0.013628322593199155
23,0.02,0.0,spare,0.5651336145140988,0.4857333305373216,0.012809632520309863,0.0,0.0
23,0.02,0.0,tight,0.5651336145140988,0.4857333305373216,0.012809632520309863,0.0,0.0
23,0.02,0.25,spare,0.5705380361336971,0.5502911467725469,0.009607224390232396,0.0032024081300774656,0.002997454009752509
23,0.02,0.25,tight,0.5699581280016388,0.5390456897754823,0.009607224390232396,0.0032024081300774656,0.0069940593560891854
23,0.02,0.5,spare,0.5752623214585304,0.6063472593232118,0.006404816260154931,0.006404816260154931,0.005994908019505018
23,0.02,0.5,tight,0.5741754855419894,0.58,0.006404816260154931,0.006404816260154931,0.013988118712178371
23,0.02,0.75,spare,0.5793920643619155,0.6549715916057716,0.0032024081300774656,0.009607224390232396,0.008992362029257525
23,0.02,0.75,tight,0.5778620965690051,0.58,0.0032024081300774656,0.009607224390232396,0.020982178068267555
23,0.02,1.0,spare,0.5830020868892192,0.697099419187315,0.0,0.012809632520309863,0.011989816039010035
23,0.02,1.0,tight,0.58,0.58,0.0,0.012809632520309863,0.027976237424356742
23,0.03,0.0,spare,0.48819753871043353,0.47513890551651594,0.018531663586618806,0.0,0.0
23,0.03,0.0,tight,0.48819753871043353,0.47513890551651594,0.018531663586618806,0.0,0.0
23,0.03,0.25,spare,0.49579097023024127,0.5657203902348439,0.013898747689964104,0.0046329158966547015,0.004336409279268802
23,0.03,0.25,tight,0.49497617578996383,0.5497535806923509,0.013898747689964104,0.0046329158966547015,0.01011828831829387
23,0.03,0.5,spare,0.5020417182029642,0.6395183306146118,0.009265831793309403,0.009265831793309403,0.008672818558537604
23,0.03,0.5,tight,0.5005562026687432,0.58,0.009265831793309403,0.009265831793309403,0.02023657663658774
23,0.03,0.75,spare,0.5071871982295608,0.6995004216678008,0.0046329158966547015,0.013898747689964104,0.013009227837806406
23,0.03,0.75,tight,0.5051495596522476,0.58,0.0046329158966547015,0.013898747689964104,0.030354864954881607
23,0.03,1.0,spare,0.5114228456784167,0.7481096054992301,0.0,0.018531663586618806,0.017345637117075208
23,0.03,1.0,tight,0.5089307113986926,0.58,0.0,0.018531663586618806,0.04047315327317548
24,0.0,0.0,spare,0.6758960102622569,0.4913777172205459,0.0,0.0,0.0
24,0.0,0.0,tight,0.58,0.4913777172205459,0.0,0.0,0.0
24,0.0,0.25,spare,0.6758960102622569,0.4913777172205459,0.0,0.0,0.0
24,0.0,0.25,tight,0.58,0.4913777172205459,0.0,0.0,0.0
24,0.0,0.5,spare,0.6758960102622569,0.4913777172205459,0.0,0.0,0.0
24,0.0,0.5,tight,0.58,0.4913777172205459,0.0,0.0,0.0
24,0.0,0.75,spare,0.6758960102622569,0.4913777172205459,0.0,0.0,0.0
24,0.0,0.75,tight,0.58,0.4913777172205459,0.0,0.0,0.0
24,0.0,1.0,spare,0.6758960102622569,0.4913777172205459,0.0,0.0,0.0
24,0.0,1.0,tight,0.58,0.4913777172205459,0.0,0.0,0.0
24,0.0025,0.0,spare,0.6314560762514859,0.47270010283443925,0.0016183989881446387,0.0,0.0
24,0.0025,0.0,tight,0.58,0.47270010283443925,0.0016183989881446387,0.0,0.0
24,0.0025,0.25,spare,0.6321796663121461,0.48136627322946446,0.0012137992411084789,0.00040459974703615966,0.0003787053632258456
24,0.0025,0.25,tight,0.58,0.47989079466082046,0.0012137992411084789,0.00040459974703615966,0.0008836458475269728
24,0.0025,0.5,spare,0.6328910641555956,0.4898800409093588,0.0008091994940723193,0.0008091994940723193,0.0007574107264516911
24,0.0025,0.5,tight,0.58,0.4869454369695216,0.0008091994940723193,0.0008091994940723193,0.0017672916950539456
24,0.0025,0.75,spare,0.6335904752160559,0.4982439738018863,0.00040459974703615966,0.0012137992411084789,0.0011361160896775366
24,0.0025,0.75,tight,0.58,0.49386632214315135,0.00040459974703615966,0.0012137992411084789,0.002650937542580918
24,0.0025,1.0,spare,0.6342781014662594,0.5064605965662046,0.0,0.0016183989881446387,0.0015148214529033823
24,0.0025,1.0,tight,0.58,0.5006557039385438,0.0,0.0016183989881446387,0.0035345833901078913
24,0.005,0.0,spare,0.6384871762507991,0.49329427656684643,0.0032600808446695603,0.0,0.0
24,0.005,0.0,tight,0.58,0.49329427656684643,0.0032600808446695603,0.0,0.0
24,0.005,0.25,spare,0.6399323106276884,0.5105955973603102,0.00244506063350217,0.0008150202111673901,0.0007628589176526773
24,0.005,0.25,tight,0.58,0.5076401198875925,0.00244506063350217,0.0008150202111673901,0.0017800041411895802
24,0.005,0.5,spare,0.641328813918343,0.5272890295758393,0.0016300404223347801,0.0016300404223347801,0.0015257178353053546
24,0.005,0.5,tight,0.58,0.5214433026149213,0.0016300404223347801,0.0016300404223347801,0.0035600082823791603
24,0.005,0.75,spare,0.6426783226366996,0.5433950296376435,0.0008150202111673901,0.00244506063350217,0.002288576752958032
24,0.005,0.75,tight,0.58,0.5347220861468982,0.0008150202111673901,0.00244506063350217,0.005340012423568741
24,0.005,1.0,spare,0.64398241822538,0.558933365578497,0.0,0.0032600808446695603,0.0030514356706107092
24,0.005,1.0,tight,0.58,0.5474941173562975,0.0,0.0032600808446695603,0.007120016564758321
24,0.01,0.0,spare,0.6252984857130384,0.47555450732857885,0.006513782650523957,0.0,0.0
24,0.01,0.0,tight,0.58,0.47555450732857885,0.006513782650523957,0.0,0.0
24,0.01,0.25,spare,0.6281374372381026,0.5095171762516578,0.004885336987892968,0.0016284456626309892,0.0015242251402226065
24,0.01,0.25,tight,0.58,0.503677042424519,0.004885336987892968,0.0016284456626309892,0.0035565253271860812
24,0.01,0.5,spare,0.6307887107228896,0.541133869671272,0.0032568913252619784,0.0032568913252619784,0.003048450280445213
24,0.01,0.5,tight,0.58,0.52970533113212,0.0032568913252619784,0.0032568913252619784,0.0071130506543721625
24,0.01,0.75,spare,0.6332647132291229,0.5705596758589684,0.0016284456626309892,0.004885336987892968,0.004572675420667819
24,0.01,0.75,tight,0.58,0.5537778203584712,0.0016284456626309892,0.004885336987892968,0.010669575981558243
24,0.01,1.0,spare,0.6355770316097247,0.5979394304762666,0.0,0.006513782650523957,0.006096900560890426
24,0.01,1.0,tight,0.58,0.5760238045316651,0.0,0.006513782650523957,0.014226101308744325
24,0.02,0.0,spare,0.563044437419844,0.49221523243364496,0.012827190260029582,0.0,0.0
24,0.02,0.0,tight,0.563044437419844,0.49221523243364496,0.012827190260029582,0.0,0.0
24,0.02,0.25,spare,0.5684557790580853,0.5568554403908146,0.009620392695022186,0.0032067975650073954,0.003001562520846923
24,0.02,0.25,tight,0.5678751283904946,0.5455952236848014,0.009620392695022186,0.0032067975650073954,0.007003645881976153
24,0.02,0.5,spare,0.5731852415438079,0.6129721589415,0.006413595130014791,0.006413595130014791,0.006003125041693846
24,0.02,0.5,tight,0.5720971075692545,0.58,0.006413595130014791,0.006413595130014791,0.014007291763952306
24,0.02,0.75,spare,0.5773187479640618,0.6616394266738259,0.0032067975650073954,0.009620392695022186,0.009004687562540768
24,0.02,0.75,tight,0.5757870782782442,0.58,0.0032067975650073954,0.009620392695022186,0.021010937645928457
24,0.02,1.0,spare,0.5809313943013272,0.7037959433687957,0.0,0.012827190260029582,0.012006250083387692
24,0.02,1.0,tight,0.5790120785107655,0.58,0.0,0.012827190260029582,0.02801458352790461
24,0.03,0.0,spare,0.5046325892677931,0.4784643624662283,0.018196652238129777,0.0,0.0
24,0.03,0.0,tight,0.5046325892677931,0.4784643624662283,0.018196652238129777,0.0,0.0
24,0.03,0.25,spare,0.512101451986275,0.5675671298235297,0.013647489178597334,0.004549163059532444,0.00425801662372237
24,0.03,0.25,tight,0.5113000240939789,0.5518719256715318,0.013647489178597334,0.004549163059532444,0.00993537212201886
24,0.03,0.5,spare,0.5182713227546002,0.6404324978038726,0.009098326119064888,0.009098326119064888,0.00851603324744474
24,0.03,0.5,tight,0.5168078520972975,0.58,0.009098326119064888,0.009098326119064888,0.01987074424403772
24,0.03,0.75,spare,0.5233681235303911,0.6998844908775359,0.004549163059532444,0.013647489178597334,0.01277404987116711
24,0.03,0.75,tight,0.5213577532369379,0.58,0.004549163059532444,0.013647489178597334,0.02980611636605658
24,0.03,1.0,spare,0.5275784837021898,0.7482559764012987,0.0,0.018196652238129777,0.01703206649488948
24,0.03,1.0,tight,0.5251163310952204,0.58,0.0,0.018196652238129777,0.03974148848807544
25,0.0,0.0,spare,0.635997181582411,0.4897772335324183,0.0,0.0,0.0
25,0.0,0.0,tight,0.58,0.4897772335324183,0.0,0.0,0.0
25,0.0,0.25,spare,0.635997181582411,0.4897772335324183,0.0,0.0,0.0
25,0.0,0.25,tight,0.58,0.4897772335324183,0.0,0.0,0.0
25,0.0,0.5,spare,0.635997181582411,0.4897772335324183,0.0,0.0,0.0
25,0.0,0.5,tight,0.58,0.4897772335324183,0.0,0.0,0.0
25,0.0,0.75,spare,0.635997181582411,0.4897772335324183,0.0,0.0,0.0
25,0.0,0.75,tight,0.58,0.4897772335324183,0.0,0.0,0.0
25,0.0,1.0,spare,0.635997181582411,0.4897772335324183,0.0,0.0,0.0
25,0.0,1.0,tight,0.58,0.4897772335324183,0.0,0.0,0.0
25,0.0025,0.0,spare,0.6242587094601955,0.49161672376425847,0.001595922136817623,0.0,0.0
25,0.0025,0.0,tight,0.58,0.49161672376425847,0.001595922136817623,0.0,0.0
25,0.0025,0.25,spare,0.6249723340352296,0.5001635851721701,0.0011969416026132173,0.00039898053420440576,0.0003734457800153239
25,0.0025,0.25,tight,0.58,0.4987084859043343,0.0011969416026132173,0.00039898053420440576,0.0008713734867024223
25,0.0025,0.5,spare,0.625674099909768,0.5085622128238839,0.0007979610684088115,0.0007979610684088115,0.0007468915600306478
25,0.0025,0.5,tight,0.58,0.5056679201458074,0.0007979610684088115,0.0007979610684088115,0.0017427469734048447
25,0.0025,0.75,spare,0.6263642041464991,0.516815070003008,0.00039898053420440576,0.0011969416026132173,0.0011203373400459717
25,0.0025,0.75,tight,0.58,0.5124972254557139,0.00039898053420440576,0.0011969416026132173,0.0026141204601072667
25,0.0025,1.0,spare,0.6270428405334103,0.5249245790593833,0.0,0.001595922136817623,0.0014937831200612956
25,0.0025,1.0,tight,0.58,0.5191985642596195,0.0,0.001595922136817623,0.0034854939468096893
25,0.005,0.0,spare,0.6268626888817351,0.5054522871414325,0.003276897189472042,0.0,0.0
25,0.005,0.0,tight,0.58,0.5054522871414325,0.003276897189472042,0.0,0.0
25,0.005,0.25,spare,0.6283151501336952,0.5228412588485973,0.0024576728921040314,0.0008192242973680105,0.0007667939423364582
25,0.005,0.25,tight,0.58,0.5198707072730766,0.0024576728921040314,0.0008192242973680105,0.0017891858654517352
25,0.005,0.5,spare,0.6297184859271875,0.5396161623249135,0.001638448594736021,0.001638448594736021,0.0015335878846729164
25,0.005,0.5,tight,0.58,0.5337409502508035,0.001638448594736021,0.001638448594736021,0.0035783717309034705
25,0.005,0.75,spare,0.6310743577940884,0.5557977667188385,0.0008192242973680105,0.0024576728921040314,0.002300381827009374
25,0.005,0.75,tight,0.58,0.5470815566408221,0.0008192242973680105,0.0024576728921040314,0.005367557596355205
25,0.005,1.0,spare,0.6323843710695842,0.5714061387202011,0.0,0.003276897189472042,0.003067175769345833
25,0.005,1.0,tight,0.58,0.559910439926303,0.0,0.003276897189472042,0.007156743461806941
25,0.01,0.0,spare,0.6189361416714214,0.4942594752300007,0.006512407381678326,0.0,0.0
25,0.01,0.0,tight,0.58,0.4942594752300007,0.006512407381678326,0.0,0.0
25,0.01,0.25,spare,0.6217745140624551,0.5282152267906085,0.004884305536258744,0.0016281018454195814,0.0015239033273127286
25,0.01,0.25,tight,0.58,0.5223762988292086,0.004884305536258744,0.0016281018454195814,0.0035557744303963664
25,0.01,0.5,spare,0.6244252849764446,0.559825959888165,0.003256203690839163,0.003256203690839163,0.0030478066546254573
25,0.01,0.5,tight,0.58,0.5483997303876299,0.003256203690839163,0.003256203690839163,0.007111548860792733
25,0.01,0.75,spare,0.6269008538836992,0.5892466679015353,0.0016281018454195814,0.004884305536258744,0.004571709981938186
25,0.01,0.75,tight,0.58,0.572468132101897,0.0016281018454195814,0.004884305536258744,0.010667323291189098
25,0.01,1.0,spare,0.6292128007147977,0.616622099962953,0.0,0.006512407381678326,0.0060956133092509145
25,0.01,1.0,tight,0.58,0.58,0.0,0.006512407381678326,0.014223097721585466
25,0.02,0.0,spare,0.5577848270648209,0.47792907066021795,0.012753439561216067,0.0,0.0
25,0.02,0.0,tight,0.5577848270648209,0.47792907066021795,0.012753439561216067,0.0,0.0
25,0.02,0.25,spare,0.5631670928188734,0.5422230877285482,0.00956507967091205,0.0031883598903040167,0.0029843048573245604
25,0.02,0.25,tight,0.5625895620673207,0.5310248801910418,0.00956507967091205,0.0031883598903040167,0.006963378000423973
25,0.02,0.5,spare,0.5678747873954098,0.5980849650779292,0.006376719780608033,0.006376719780608033,0.005968609714649121
25,0.02,0.5,tight,0.5667921090886998,0.5765933399578557,0.006376719780608033,0.006376719780608033,0.013926756000847945
25,0.02,0.75,spare,0.5719924562803518,0.6465715212823799,0.0031883598903040167,0.00956507967091205,0.008952914571973681
25,0.02,0.75,tight,0.5704679416700416,0.58,0.0031883598903040167,0.00956507967091205,0.020890134001271925
25,0.02,1.0,spare,0.5755940486883482,0.688607121525011,0.0,0.012753439561216067,0.011937219429298242
25,0.02,1.0,tight,0.5736830740879102,0.58,0.0,0.012753439561216067,0.02785351200169589
25,0.03,0.0,spare,0.49981089939123363,0.4889414334156779,0.01829480611750361,0.0,0.0
25,0.03,0.0,tight,0.49981089939123363,0.4889414334156779,0.01829480611750361,0.0,0.0
25,0.03,0.25,spare,0.5073163045105222,0.5784780127752889,0.013721104588127708,0.004573701529375903,0.004280984631495846
25,0.03,0.25,tight,0.5065109555260382,0.5627031709605775,0.013721104588127708,0.004573701529375903,0.009988964140156972
25,0.03,0.5,spare,0.5135099756039948,0.6516179168121996,0.009147403058751806,0.009147403058751806,0.008561969262991692
25,0.03,0.5,tight,0.512040030019317,0.58,0.009147403058751806,0.009147403058751806,0.019977928280313945
25,0.03,0.75,spare,0.5186211669393604,0.7112268238727755,0.004573701529375903,0.013721104588127708,0.012842953894487537
25,0.03,0.75,tight,0.5166027775750309,0.58,0.004573701529375903,0.013721104588127708,0.029966892420470917
25,0.03,1.0,spare,0.522839065576931,0.7596695722109112,0.0,0.01829480611750361,0.017123938525983384
25,0.03,1.0,tight,0.5203680850026088,0.58,0.0,0.01829480611750361,0.03995585656062789
26,0.0,0.0,spare,0.6551710627052197,0.5201386198831683,0.0,0.0,0.0
26,0.0,0.0,tight,0.58,0.5201386198831683,0.0,0.0,0.0
26,0.0,0.25,spare,0.6551710627052197,0.5201386198831683,0.0,0.0,0.0
26,0.0,0.25,tight,0.58,0.5201386198831683,0.0,0.0,0.0
26,0.0,0.5,spare,0.6551710627052197,0.5201386198831683,0.0,0.0,0.0
26,0.0,0.5,tight,0.58,0.5201386198831683,0.0,0.0,0.0
26,0.0,0.75,spare,0.6551710627052197,0.5201386198831683,0.0,0.0,0.0
26,0.0,0.75,tight,0.58,0.5201386198831683,0.0,0.0,0.0
26,0.0,1.0,spare,0.6551710627052197,0.5201386198831683,0.0,0.0,0.0
26,0.0,1.0,tight,0.58,0.5201386198831683,0.0,0.0,0.0
26,0.0025,0.0,spare,0.6355415322363805,0.4917231529322683,0.001672322190956063,0.0,0.0
26,0.0025,0.0,tight,0.58,0.4917231529322683,0.001672322190956063,0.0,0.0
26,0.0025,0.25,spare,0.6362890204580524,0.5006754323104817,0.0012542416432170472,0.00041808054773901575,0.0003913233926837189
26,0.0025,0.25,tight,0.58,0.4991510755372692,0.0012542416432170472,0.00041808054773901575,0.0009130879162620104
26,0.0025,0.5,spare,0.6370234978134438,0.5094650758601923,0.0008361610954780315,0.0008361610954780315,0.0007826467853674378
26,0.0025,0.5,tight,0.58,0.5064338135502086,0.0008361610954780315,0.0008361610954780315,0.0018261758325240208
26,0.0025,0.75,spare,0.6377451907711957,0.5180949144394064,0.00041808054773901575,0.0012542416432170472,0.0011739701780511566
26,0.0025,0.75,tight,0.58,0.5135738940708569,0.00041808054773901575,0.0012542416432170472,0.002739263748786032
26,0.0025,1.0,spare,0.638454321858009,0.5265677296318894,0.0,0.001672322190956063,0.0015652935707348755
26,0.0025,1.0,tight,0.58,0.520573800211994,0.0,0.001672322190956063,0.0036523516650480417
26,0.005,0.0,spare,0.6237142238395086,0.4945368709478068,0.003218291263318975,0.0,0.0
26,0.005,0.0,tight,0.58,0.4945368709478068,0.003218291263318975,0.0,0.0
26,0.005,0.25,spare,0.6251411449084563,0.5116203041540373,0.002413718447489231,0.0008045728158297437,0.0007530801556166404
26,0.005,0.25,tight,0.58,0.5087022942067775,0.002413718447489231,0.0008045728158297437,0.0017571870297721605
26,0.005,0.5,spare,0.6265206529805476,0.5281110748995609,0.0016091456316594875,0.0016091456316594875,0.0015061603112332808
26,0.005,0.5,tight,0.58,0.5223386491886044,0.0016091456316594875,0.0016091456316594875,0.003514374059544321
26,0.005,0.75,spare,0.6278543234703724,0.544028875866754,0.0008045728158297437,0.002413718447489231,0.002259240466849921
26,0.005,0.75,tight,0.58,0.535463515500953,0.0008045728158297437,0.002413718447489231,0.005271561089316481
26,0.005,1.0,spare,0.6291436794454578,0.5593927453997056,0.0,0.003218291263318975,0.0030123206224665616
26,0.005,1.0,tight,0.58,0.5480938886253574,0.0,0.003218291263318975,0.007028748119088642
26,0.01,0.0,spare,0.6060949407805585,0.49204168743653687,0.006620603024315184,0.0,0.0
26,0.01,0.0,tight,0.58,0.49204168743653687,0.006620603024315184,0.0,0.0
26,0.01,0.25,spare,0.6089788494694437,0.5265413249399117,0.0049654522682363875,0.001655150756078796,0.0015492211076897535
26,0.01,0.25,tight,0.58,0.5206075629364197,0.0049654522682363875,0.001655150756078796,0.0036148492512760905
26,0.01,0.5,spare,0.6116690889769338,0.5586200976758489,0.003310301512157592,0.003310301512157592,0.003098442215379507
26,0.01,0.5,tight,0.58,0.5470123385917495,0.003310301512157592,0.003310301512157592,0.007229698502552181
26,0.01,0.75,spare,0.6141786651766084,0.588440579064091,0.001655150756078796,0.0049654522682363875,0.00464766332306926
26,0.01,0.75,tight,0.58,0.5714011432824454,0.001655150756078796,0.0049654522682363875,0.010844547753828272
26,0.01,1.0,spare,0.6165197105312833,0.6161544248898386,0.0,0.006620603024315184,0.006196884430759014
26,0.01,1.0,tight,0.58,0.58,0.0,0.006620603024315184,0.014459397005104362
26,0.02,0.0,spare,0.5589193112180723,0.4707473580973114,0.012740339335831201,0.0,0.0
26,0.02,0.0,tight,0.5589193112180723,0.4707473580973114,0.012740339335831201,0.0,0.0
26,0.02,0.25,spare,0.5642964099113251,0.5349798523583882,0.009555254501873401,0.0031850848339578003,0.0029812394045845023
26,0.02,0.25,tight,0.5637194335984873,0.5237926625751355,0.009555254501873401,0.0031850848339578003,0.006956225277363837
26,0.02,0.5,spare,0.5690002320034934,0.5907963891059059,0.006370169667915601,0.006370169667915601,0.005962478809169005
26,0.02,0.5,tight,0.5679185236628818,0.5693250631027035,0.006370169667915601,0.006370169667915601,0.013912450554727673
26,0.02,0.75,spare,0.5731150797191457,0.6392507461469771,0.0031850848339578003,0.009555254501873401,0.008943718213753506
26,0.02,0.75,tight,0.5715918377935462,0.58,0.0031850848339578003,0.009555254501873401,0.02086867583209151
26,0.02,1.0,spare,0.5767146996433775,0.6812647557952897,0.0,0.012740339335831201,0.01192495761833801
26,0.02,1.0,tight,0.5748052093801556,0.58,0.0,0.012740339335831201,0.027824901109455347
26,0.03,0.0,spare,0.5308141431229001,0.5034911429295627,0.018936205586478308,0.0,0.0
26,0.03,0.0,tight,0.5308141431229001,0.5034911429295627,0.018936205586478308,0.0,0.0
26,0.03,0.25,spare,0.5385574144722911,0.5958509626897146,0.014202154189858731,0.004734051396619577,0.004431072107235925
26,0.03,0.25,tight,0.5377265418386754,0.5795569586265368,0.014202154189858731,0.004734051396619577,0.010339168250217157
26,0.03,0.5,spare,0.5449044895849483,0.6707583294906929,0.009468102793239154,0.009468102793239154,0.00886214421447185
26,0.03,0.5,tight,0.5433925597112262,0.58,0.009468102793239154,0.009468102793239154,0.020678336500434314
26,0.03,0.75,spare,0.5501071178628375,0.7313601108570731,0.004734051396619577,0.014202154189858731,0.013293216321707777
26,0.03,0.75,tight,0.5480369327938726,0.58,0.004734051396619577,0.014202154189858731,0.031017504750651476
26,0.03,1.0,spare,0.5543716555463315,0.780235759793512,0.0,0.018936205586478308,0.0177242884289437
26,0.03,1.0,tight,0.5518438747795847,0.58,0.0,0.018936205586478308,0.04135667300086863
27,0.0,0.0,spare,0.6524843325342193,0.496097087748766,0.0,0.0,0.0
27,0.0,0.0,tight,0.58,0.496097087748766,0.0,0.0,0.0
27,0.0,0.25,spare,0.6524843325342193,0.496097087748766,0.0,0.0,0.0
27,0.0,0.25,tight,0.58,0.496097087748766,0.0,0.0,0.0
27,0.0,0.5,spare,0.6524843325342193,0.496097087748766,0.0,0.0,0.0
27,0.0,0.5,tight,0.58,0.496097087748766,0.0,0.0,0.0
27,0.0,0.75,spare,0.6524843325342193,0.496097087748766,0.0,0.0,0.0
27,0.0,0.75,tight,0.58,0.496097087748766,0.0,0.0,0.0
27,0.0,1.0,spare,0.6524843325342193,0.496097087748766,0.0,0.0,0.0
27,0.0,1.0,tight,0.58,0.496097087748766,0.0,0.0,0.0
27,0.0025,0.0,spare,0.6379802807641318,0.5035906812148291,0.0016214790297224698,0.0,0.0
27,0.0025,0.0,tight,0.58,0.5035906812148291,0.0016214790297224698,0.0,0.0
27,0.0025,0.25,spare,0.6387052362292024,0.5122731984352561,0.0012161092722918524,0.00040536975743061745,0.0003794260929550581
27,0.0025,0.25,tight,0.58,0.510794927501733,0.0012161092722918524,0.00040536975743061745,0.0008853275502284686
27,0.0025,0.5,spare,0.6394179534205598,0.5208027372342692,0.0008107395148612349,0.0008107395148612349,0.0007588521859101162
27,0.0025,0.5,tight,0.58,0.5178626103394165,0.0008107395148612349,0.0008107395148612349,0.0017706551004569371
27,0.0025,0.75,spare,0.6401186389375757,0.5291818801040128,0.00040536975743061745,0.0012161092722918524,0.0011382782788651742
27,0.0025,0.75,tight,0.58,0.524796035112074,0.00040536975743061745,0.0012161092722918524,0.002655982650685406
27,0.0025,1.0,spare,0.640807495891932,0.5374131659405105,0.0,0.0016214790297224698,0.0015177043718202323
27,0.0025,1.0,tight,0.58,0.5315974682857535,0.0,0.0016214790297224698,0.0035413102009138743
27,0.005,0.0,spare,0.6323857343056336,0.4805210968870378,0.003269932953676329,0.0,0.0
27,0.005,0.0,tight,0.58,0.4805210968870378,0.003269932953676329,0.0,0.0
27,0.005,0.25,spare,0.6338351613996361,0.4978737712509086,0.002452449715257247,0.0008174832384190823,0.0007651643111602612
27,0.005,0.25,tight,0.58,0.49490946217740595,0.002452449715257247,0.0008174832384190823,0.001785383392707276
27,0.005,0.5,spare,0.6352356680646886,0.5146149402529046,0.0016349664768381645,0.0016349664768381645,0.0015303286223205224
27,0.005,0.5,tight,0.58,0.5087519381804968,0.0016349664768381645,0.0016349664768381645,0.003570766785414552
27,0.005,0.75,spare,0.6365889054416994,0.5307652431543805,0.0008174832384190823,0.002452449715257247,0.0022954929334807837
27,0.005,0.75,tight,0.58,0.5220669495126317,0.0008174832384190823,0.002452449715257247,0.0053561501781218285
27,0.005,1.0,spare,0.6378964689429919,0.5463446226093749,0.0,0.003269932953676329,0.003060657244641045
27,0.005,1.0,tight,0.58,0.5348722989305453,0.0,0.003269932953676329,0.007141533570829104
27,0.01,0.0,spare,0.6196698223119537,0.4951193517782451,0.0065225191916316065,0.0,0.0
27,0.01,0.0,tight,0.58,0.4951193517782451,0.0065225191916316065,0.0,0.0
27,0.01,0.25,spare,0.6225124526520281,0.5291259615383346,0.004891889393723705,0.0016306297979079016,0.0015262694908417963
27,0.01,0.25,tight,0.58,0.5232781675832324,0.004891889393723705,0.0016306297979079016,0.0035612954786308575
27,0.01,0.5,spare,0.6251669182368327,0.5607805118575498,0.0032612595958158032,0.0032612595958158032,0.0030525389816835925
27,0.01,0.5,tight,0.58,0.5493373058843694,0.0032612595958158032,0.0032612595958158032,0.007122590957261715
27,0.01,0.75,spare,0.6276456744231638,0.5902386946958454,0.0016306297979079016,0.004891889393723705,0.004578808472525389
27,0.01,0.75,tight,0.58,0.5734357524998567,0.0016306297979079016,0.004891889393723705,0.010683886435892572
27,0.01,1.0,spare,0.6299603520993208,0.6176458961569661,0.0,0.0065225191916316065,0.006105077963367185
27,0.01,1.0,tight,0.58,0.58,0.0,0.0065225191916316065,0.01424518191452343
27,0.02,0.0,spare,0.5334355487506407,0.5036698510302814,0.01210721482842916,0.0,0.0
27,0.02,0.0,tight,0.5334355487506407,0.5036698510302814,0.01210721482842916,0.0,0.0
27,0.02,0.25,spare,0.5385620779761259,0.5649183780789956,0.00908041112132187,0.00302680370710729,0.0028330882698524244
27,0.02,0.25,tight,0.5380119884020053,0.5542648073760178,0.00908041112132187,0.00302680370710729,0.006610539296322322
27,0.02,0.5,spare,0.5430766171238414,0.6185170291555847,0.00605360741421458,0.00605360741421458,0.005666176539704849
27,0.02,0.5,tight,0.5420421060614412,0.58,0.00605360741421458,0.00605360741421458,0.013221078592644644
27,0.02,0.75,spare,0.5470522237808627,0.6653790240984995,0.00302680370710729,0.00908041112132187,0.008499264809557271
27,0.02,0.75,tight,0.5455911200518374,0.58,0.00302680370710729,0.00908041112132187,0.019831617888966965
27,0.02,1.0,spare,0.550553234133016,0.7063085652305636,0.0,0.01210721482842916,0.011332353079409697
27,0.02,1.0,tight,0.5487164631232827,0.58,0.0,0.01210721482842916,0.026442157185289288
27,0.03,0.0,spare,0.5075024669295976,0.484531590020962,0.0186469747590148,0.0,0.0
27,0.03,0.0,tight,0.5075024669295976,0.484531590020962,0.0186469747590148,0.0,0.0
27,0.03,0.25,spare,0.5151386738613558,0.5756207845743306,0.0139852310692611,0.0046617436897537,0.004363392093609465
27,0.03,0.25,tight,0.5143192895110033,0.5595606240701106,0.0139852310692611,0.0046617436897537,0.010181248218422083
27,0.03,0.5,spare,0.5214170273955583,0.6497368116582528,0.0093234873795074,0.0093234873795074,0.00872678418721893
27,0.03,0.5,tight,0.519923959804576,0.58,0.0093234873795074,0.0093234873795074,0.020362496436844166
27,0.03,0.75,spare,0.5265789780148505,0.7098978023057967,0.0046617436897537,0.0139852310692611,0.013090176280828392
27,0.03,0.75,tight,0.5245320200444509,0.58,0.0046617436897537,0.0139852310692611,0.030543744655266245
27,0.03,1.0,spare,0.5308230420120202,0.7585852101768079,0.0,0.0186469747590148,0.01745356837443786
27,0.03,1.0,tight,0.5283206852222521,0.58,0.0,0.0186469747590148,0.04072499287368833
28,0.0,0.0,spare,0.6464318090992993,0.4844512517375419,0.0,0.0,0.0
28,0.0,0.0,tight,0.58,0.4844512517375419,0.0,0.0,0.0
28,0.0,0.25,spare,0.6464318090992993,0.4844512517375419,0.0,0.0,0.0
28,0.0,0.25,tight,0.58,0.4844512517375419,0.0,0.0,0.0
28,0.0,0.5,spare,0.6464318090992993,0.4844512517375419,0.0,0.0,0.0
28,0.0,0.5,tight,0.58,0.4844512517375419,0.0,0.0,0.0
28,0.0,0.75,spare,0.6464318090992993,0.4844512517375419,0.0,0.0,0.0
28,0.0,0.75,tight,0.58,0.4844512517375419,0.0,0.0,0.0
28,0.0,1.0,spare,0.6464318090992993,0.4844512517375419,0.0,0.0,0.0
28,0.0,1.0,tight,0.58,0.4844512517375419,0.0,0.0,0.0
28,0.0025,0.0,spare,0.6625662715511565,0.4779066595088515,0.0016967820226036659,0.0,0.0
28,0.0025,0.0,tight,0.58,0.4779066595088515,0.0016967820226036659,0.0,0.0
28,0.0025,0.25,spare,0.6633245956368201,0.48698866358635673,0.0012725865169527493,0.00042419550565091647,0.00039704699328925794
28,0.0025,0.25,tight,0.58,0.48544214139992853,0.0012725865169527493,0.00042419550565091647,0.0009264429843416016
28,0.0025,0.5,spare,0.66406952890144,0.4959032824008166,0.0008483910113018329,0.0008483910113018329,0.0007940939865785159
28,0.0025,0.5,tight,0.58,0.4928281988907609,0.0008483910113018329,0.0008483910113018329,0.0018528859686832032
28,0.0025,0.75,spare,0.6648013078060382,0.5046534717150047,0.00042419550565091647,0.0012725865169527493,0.0011911409798677738
28,0.0025,0.75,tight,0.58,0.500067470583288,0.00042419550565091647,0.0012725865169527493,0.0027793289530248047
28,0.0025,1.0,spare,0.6655201646361036,0.5132421350975327,0.0,0.0016967820226036659,0.0015881879731570318
28,0.0025,1.0,tight,0.58,0.5071625484858534,0.0,0.0016967820226036659,0.0037057719373664063
28,0.005,0.0,spare,0.6696073092358239,0.49147795493157415,0.0033831429914348865,0.0,0.0
28,0.005,0.0,tight,0.58,0.49147795493157415,0.0033831429914348865,0.0,0.0
28,0.005,0.25,spare,0.671106031847835,0.509420332121717,0.002537357243576165,0.0008457857478587216,0.0007916554599957636
28,0.005,0.25,tight,0.58,0.5063545823417575,0.002537357243576165,0.0008457857478587216,0.0018471960733234484
28,0.005,0.5,spare,0.6725524498429554,0.5267089016007261,0.0016915714957174432,0.0016915714957174432,0.0015833109199915273
28,0.005,0.5,tight,0.58,0.5206475572646545,0.0016915714957174432,0.0016915714957174432,0.003694392146646897
28,0.005,0.75,spare,0.6739483886243158,0.5433664809077362,0.0008457857478587216,0.002537357243576165,0.0023749663799872913
28,0.005,0.75,tight,0.58,0.5343772488596418,0.0008457857478587216,0.002537357243576165,0.005541588219970345
28,0.005,1.0,spare,0.675295609889455,0.5594150912619797,0.0,0.0033831429914348865,0.0031666218399830546
28,0.005,1.0,tight,0.58,0.5475633154133367,0.0,0.0033831429914348865,0.007388784293293794
28,0.01,0.0,spare,0.5986638260626274,0.4652379722252605,0.006497310995426382,0.0,0.0
28,0.01,0.0,tight,0.58,0.4652379722252605,0.006497310995426382,0.0,0.0
28,0.01,0.25,spare,0.6014958407243107,0.49911778472337237,0.004872983246569786,0.0016243277488565955,0.0015203707729297738
28,0.01,0.25,tight,0.58,0.493292094340318,0.004872983246569786,0.0016243277488565955,0.0035475318035028047
28,0.01,0.5,spare,0.6041410933926076,0.5306630723041532,0.003248655497713191,0.003248655497713191,0.0030407415458595477
28,0.01,0.5,tight,0.58,0.5192621919762677,0.003248655497713191,0.003248655497713191,0.007095063607005609
28,0.01,0.75,spare,0.6066119004028271,0.5600277891589671,0.0016243277488565955,0.004872983246569786,0.004561112318789321
28,0.01,0.75,tight,0.58,0.5432856996496926,0.0016243277488565955,0.004872983246569786,0.010642595410508415
28,0.01,1.0,spare,0.60891976586873,0.5873557367098237,0.0,0.006497310995426382,0.006081483091719095
28,0.01,1.0,tight,0.58,0.5654909885256951,0.0,0.006497310995426382,0.014190127214011219
28,0.02,0.0,spare,0.5697718086909059,0.4792608346135665,0.012421287902435477,0.0,0.0
28,0.02,0.0,tight,0.5697718086909059,0.4792608346135665,0.012421287902435477,0.0,0.0
28,0.02,0.25,spare,0.5750228457222909,0.5419922161367084,0.009315965926826607,0.003105321975608869,0.002906581369169902
28,0.02,0.25,tight,0.5744593961451528,0.5310736545969214,0.009315965926826607,0.003105321975608869,0.006782023194729771
28,0.02,0.5,spare,0.5796318049336086,0.5966976249090075,0.006210643951217738,0.006210643951217738,0.005813162738339804
28,0.02,0.5,tight,0.5785738023561501,0.5757217090396579,0.006210643951217738,0.006210643951217738,0.013564046389459542
28,0.02,0.75,spare,0.5836771972788964,0.6443584478559374,0.003105321975608869,0.009315965926826607,0.008719744107509707
28,0.02,0.75,tight,0.58,0.58,0.003105321975608869,0.009315965926826607,0.020346069584189313
28,0.02,1.0,spare,0.5872279336766345,0.6858360714584923,0.0,0.012421287902435477,0.011626325476679609
28,0.02,1.0,tight,0.58,0.58,0.0,0.012421287902435477,0.027128092778919085
28,0.03,0.0,spare,0.5081686040642298,0.5001846559094602,0.01827279683233405,0.0,0.0
28,0.03,0.0,tight,0.5081686040642298,0.5001846559094602,0.01827279683233405,0.0,0.0
28,0.03,0.25,spare,0.5156658184666499,0.5896240014809461,0.013704597624250537,0.0045681992080835124,0.004275834458766169
28,0.03,0.25,tight,0.5148613483668374,0.5738670126216003,0.013704597624250537,0.0045681992080835124,0.009976947070454392
28,0.03,0.5,spare,0.5218541602955824,0.6627024398838356,0.009136398416167025,0.009136398416167025,0.008551668917532338
28,0.03,0.5,tight,0.5203856654391631,0.58,0.009136398416167025,0.009136398416167025,0.019953894140908784
28,0.03,0.75,spare,0.5269621340757311,0.7222762776769276,0.0045681992080835124,0.013704597624250537,0.012827503376298508
28,0.03,0.75,tight,0.5249455406914866,0.58,0.0045681992080835124,0.013704597624250537,0.02993084121136318
28,0.03,1.0,spare,0.5311783517411323,0.7707031640356762,0.0,0.01827279683233405,0.017103337835064677
28,0.03,1.0,tight,0.5287093475194676,0.58,0.0,0.01827279683233405,0.03990778828181757
29,0.0,0.0,spare,0.6401933672399271,0.500324839058937,0.0,0.0,0.0
29,0.0,0.0,tight,0.58,0.500324839058937,0.0,0.0,0.0
29,0.0,0.25,spare,0.6401933672399271,0.500324839058937,0.0,0.0,0.0
29,0.0,0.25,tight,0.58,0.500324839058937,0.0,0.0,0.0
29,0.0,0.5,spare,0.6401933672399271,0.500324839058937,0.0,0.0,0.0
29,0.0,0.5,tight,0.58,0.500324839058937,0.0,0.0,0.0
29,0.0,0.75,spare,0.6401933672399271,0.500324839058937,0.0,0.0,0.0
29,0.0,0.75,tight,0.58,0.500324839058937,0.0,0.0,0.0
29,0.0,1.0,spare,0.6401933672399271,0.500324839058937,0.0,0.0,0.0
29,0.0,1.0,tight,0.58,0.500324839058937,0.0,0.0,0.0
29,0.0025,0.0,spare,0.6197152606644085,0.4846162143067069,0.0015918363592240465,0.0,0.0
29,0.0025,0.0,tight,0.58,0.4846162143067069,0.0015918363592240465,0.0,0.0
29,0.0025,0.25,spare,0.6204270734894026,0.49314138491107545,0.0011938772694180348,0.0003979590898060116,0.000372489708058427
29,0.0025,0.25,tight,0.58,0.49168999047296663,0.0011938772694180348,0.0003979590898060116,0.0008691426521363295
29,0.0025,0.5,spare,0.6211270877512023,0.5015190734755123,0.0007959181796120232,0.0007959181796120232,0.000744979416116854
29,0.0025,0.5,tight,0.58,0.4986321097958298,0.0007959181796120232,0.0007959181796120232,0.001738285304272659
29,0.0025,0.75,spare,0.6218154990153951,0.5097517245698636,0.0003979590898060116,0.0011938772694180348,0.001117469124175281
29,0.0025,0.75,tight,0.58,0.5054447545366048,0.0003979590898060116,0.0011938772694180348,0.0026074279564089883
29,0.0025,1.0,spare,0.6224924996059962,0.5178417422443186,0.0,0.0015918363592240465,0.001489958832233708
29,0.0025,1.0,tight,0.58,0.5121300707848044,0.0,0.0015918363592240465,0.003476570608545318
29,0.005,0.0,spare,0.6137715710422564,0.48567425100739003,0.0032028013623504495,0.0,0.0
29,0.005,0.0,tight,0.58,0.48567425100739003,0.0032028013623504495,0.0,0.0
29,0.005,0.25,spare,0.6151917390599155,0.5026768957093392,0.002402101021762837,0.0008007003405876124,0.0007494555187900053
29,0.005,0.25,tight,0.58,0.49977277635508577,0.002402101021762837,0.0008007003405876124,0.0017487295438433457
29,0.005,0.5,spare,0.61656494179259,0.5190924743489798,0.0016014006811752247,0.0016014006811752247,0.0014989110375800106
29,0.005,0.5,tight,0.58,0.5133472293163094,0.0016014006811752247,0.0016014006811752247,0.0034974590876866913
29,0.005,0.75,spare,0.6178927323931225,0.5349404013368453,0.0008007003405876124,0.002402101021762837,0.002248366556370016
29,0.005,0.75,tight,0.58,0.5264149410861572,0.0008007003405876124,0.002402101021762837,0.005246188631530036
29,0.005,1.0,spare,0.6191766126512317,0.5502394490444202,0.0,0.0032028013623504495,0.0029978220751600212
29,0.005,1.0,tight,0.58,0.5389926697130926,0.0,0.0032028013623504495,0.006994918175373383
29,0.01,0.0,spare,0.6291723003775469,0.4980205862329789,0.006503907841313172,0.0,0.0
29,0.01,0.0,tight,0.58,0.4980205862329789,0.006503907841313172,0.0,0.0
29,0.01,0.25,spare,0.6320070933751535,0.5319335842681934,0.004877930880984879,0.001625976960328293,0.0015219144348672827
29,0.01,0.25,tight,0.58,0.5261021091381778,0.004877930880984879,0.001625976960328293,0.003551133681356992
29,0.01,0.5,spare,0.6346547577555077,0.5635074745877552,0.003251953920656586,0.003251953920656586,0.0030438288697345653
29,0.01,0.5,tight,0.58,0.5520955165118178,0.003251953920656586,0.003251953920656586,0.007102267362713984
29,0.01,0.75,spare,0.6371276461381572,0.5928966649360052,0.001625976960328293,0.004877930880984879,0.004565743304601848
29,0.01,0.75,tight,0.58,0.5761386477560753,0.001625976960328293,0.004877930880984879,0.010653401044070976
29,0.01,1.0,spare,0.6394372957291011,0.6202453703879377,0.0,0.006503907841313172,0.006087657739469131
29,0.01,1.0,tight,0.58,0.58,0.0,0.006503907841313172,0.014204534725427967
29,0.02,0.0,spare,0.5296078512711038,0.4993276134829254,0.012094161395866578,0.0,0.0
29,0.02,0.0,tight,0.5296078512711038,0.4993276134829254,0.012094161395866578,0.0,0.0
29,0.02,0.25,spare,0.5347291968394119,0.5605143993201435,0.009070621046899933,0.0030235403489666446,0.0028300337666327803
29,0.02,0.25,tight,0.5341796634848393,0.5498718540324763,0.009070621046899933,0.0030235403489666446,0.006603412122143152
29,0.02,0.5,spare,0.5392397893239358,0.6140667716100592,0.006047080697933289,0.006047080697933289,0.005660067533265561
29,0.02,0.5,tight,0.5382062579680431,0.58,0.006047080697933289,0.006047080697933289,0.013206824244286304
29,0.02,0.75,spare,0.5432124649206276,0.6608951828020739,0.0030235403489666446,0.009070621046899933,0.00849010129989834
29,0.02,0.75,tight,0.541752655408309,0.58,0.0030235403489666446,0.009070621046899933,0.019810236366429455
29,0.02,1.0,spare,0.5467113736450802,0.7018015080910979,0.0,0.012094161395866578,0.011320135066531121
29,0.02,1.0,tight,0.5448761223620304,0.58,0.0,0.012094161395866578,0.026413648488572607
29,0.03,0.0,spare,0.530638114201378,0.4735803086056632,0.018589395653885968,0.0,0.0
29,0.03,0.0,tight,0.530638114201378,0.4735803086056632,0.018589395653885968,0.0,0.0
29,0.03,0.25,spare,0.53825296827217,0.5644160659075533,0.013942046740414476,0.004647348913471492,0.004349918583009317
29,0.03,0.25,tight,0.5374358751378971,0.5484025102851315,0.013942046740414476,0.004647348913471492,0.01014981002702174
29,0.03,0.5,spare,0.5445175521650684,0.6383734459857753,0.009294697826942984,0.009294697826942984,0.008699837166018635
29,0.03,0.5,tight,0.5430282533075637,0.58,0.009294697826942984,0.009294697826942984,0.02029962005404348
29,0.03,0.75,spare,0.5496712965423499,0.6984453321187847,0.004647348913471492,0.013942046740414476,0.013049755749027952
29,0.03,0.75,tight,0.5476289878559863,0.58,0.004647348913471492,0.013942046740414476,0.03044943008106522
29,0.03,1.0,spare,0.5539111760874974,0.7470939078501191,0.0,0.018589395653885968,0.01739967433203727
29,0.03,1.0,tight,0.5514139175840688,0.58,0.0,0.018589395653885968,0.04059924010808696
30,0.0,0.0,spare,0.6786070617482276,0.5023952156445997,0.0,0.0,0.0
30,0.0,0.0,tight,0.58,0.5023952156445997,0.0,0.0,0.0
30,0.0,0.25,spare,0.6786070617482276,0.5023952156445997,0.0,0.0,0.0
30,0.0,0.25,tight,0.58,0.5023952156445997,0.0,0.0,0.0
30,0.0,0.5,spare,0.6786070617482276,0.5023952156445997,0.0,0.0,0.0
30,0.0,0.5,tight,0.58,0.5023952156445997,0.0,0.0,0.0
30,0.0,0.75,spare,0.6786070617482276,0.5023952156445997,0.0,0.0,0.0
30,0.0,0.75,tight,0.58,0.5023952156445997,0.0,0.0,0.0
30,0.0,1.0,spare,0.6786070617482276,0.5023952156445997,0.0,0.0,0.0
30,0.0,1.0,tight,0.58,0.5023952156445997,0.0,0.0,0.0
30,0.0025,0.0,spare,0.6170804667406901,0.48858098547556583,0.0016047800785542483,0.0,0.0
30,0.0025,0.0,tight,0.58,0.48858098547556583,0.0016047800785542483,0.0,0.0
30,0.0025,0.25,spare,0.6177980189122245,0.4971748690813645,0.0012035850589156862,0.00040119501963856207,0.0003755185383816942
30,0.0025,0.25,tight,0.58,0.4957117381225173,0.0012035850589156862,0.00040119501963856207,0.0008762099228906196
30,0.0025,0.5,spare,0.6185035814898954,0.5056188827638696,0.0008023900392771241,0.0008023900392771241,0.0007510370767633884
30,0.0025,0.5,tight,0.58,0.5027087022686448,0.0008023900392771241,0.0008023900392771241,0.0017524198457812392
30,0.0025,0.75,spare,0.6191973548080711,0.5139155307026847,0.00040119501963856207,0.0012035850589156862,0.0011265556151450827
30,0.0025,0.75,tight,0.58,0.5095741133887361,0.00040119501963856207,0.0012035850589156862,0.002628629768671859
30,0.0025,1.0,spare,0.619879535853729,0.5220672752350259,0.0,0.0016047800785542483,0.0015020741535267767
30,0.0025,1.0,tight,0.58,0.5163101696049857,0.0,0.0016047800785542483,0.0035048396915624783
30,0.005,0.0,spare,0.6319679227137621,0.48505581746245663,0.0032219792246730014,0.0,0.0
30,0.005,0.0,tight,0.58,0.48505581746245663,0.0032219792246730014,0.0,0.0
30,0.005,0.25,spare,0.6333964514421001,0.5021584834281081,0.002416484418504751,0.0008054948061682503,0.0007539431385734825
30,0.005,0.25,tight,0.58,0.49923716651283545,0.002416484418504751,0.0008054948061682503,0.001759200656671459
30,0.005,0.5,spare,0.6347774602764439,0.5186671507188321,0.0016109896123365007,0.0016109896123365007,0.001507886277146965
30,0.005,0.5,tight,0.58,0.5128882544510212,0.0016109896123365007,0.0016109896123365007,0.003518401313342918
30,0.005,0.75,spare,0.6361125299622699,0.5346015786530836,0.0008054948061682503,0.002416484418504751,0.0022618294157204476
30,0.005,0.75,tight,0.58,0.5260267203705377,0.0008054948061682503,0.002416484418504751,0.005277601970014377
30,0.005,1.0,spare,0.6374031886616826,0.5499808692571677,0.0,0.0032219792246730014,0.00301577255429393
30,0.005,1.0,tight,0.58,0.5386696166018722,0.0,0.0032219792246730014,0.007036802626685836
30,0.01,0.0,spare,0.6303065161458875,0.49247660298002893,0.006603524501248642,0.0,0.0
30,0.01,0.0,tight,0.58,0.49247660298002893,0.006603524501248642,0.0,0.0
30,0.01,0.25,spare,0.6331832404350907,0.5268904318617768,0.004952643375936481,0.0016508811253121605,0.0015452247332921828
30,0.01,0.25,tight,0.58,0.5209716346610789,0.004952643375936481,0.0016508811253121605,0.0036055243776817593
30,0.01,0.5,spare,0.6358672592791539,0.5588954426792748,0.003301762250624321,0.003301762250624321,0.0030904494665843656
30,0.01,0.5,tight,0.58,0.5473163205589908,0.003301762250624321,0.003301762250624321,0.0072110487553635185
30,0.01,0.75,spare,0.6383714815928195,0.5886529968668024,0.0016508811253121605,0.004952643375936481,0.004635674199876548
30,0.01,0.75,tight,0.58,0.5716547076173315,0.0016508811253121605,0.004952643375936481,0.010816573133045277
30,0.01,1.0,spare,0.6407079515509689,0.6163136466103779,0.0,0.006603524501248642,0.006180898933168731
30,0.01,1.0,tight,0.58,0.58,0.0,0.006603524501248642,0.014422097510727037
30,0.02,0.0,spare,0.5354031039690363,0.4834475081557906,0.012213214220266147,0.0,0.0
30,0.02,0.0,tight,0.5354031039690363,0.4834475081557906,0.012213214220266147,0.0,0.0
30,0.02,0.25,spare,0.5405717003834034,0.5451970712078362,0.009159910665199611,0.003053303555066537,0.002857892127542279
30,0.02,0.25,tight,0.5400170968933373,0.5344540047452856,0.009159910665199611,0.003053303555066537,0.006668414964265318
30,0.02,0.5,spare,0.5451182217955675,0.5991706967323436,0.006106607110133074,0.006106607110133074,0.005715784255084558
30,0.02,0.5,tight,0.5440757650392183,0.5785189416045341,0.006106607110133074,0.006106607110133074,0.013336829928530636
30,0.02,0.75,spare,0.549117539075169,0.6463042705998228,0.003053303555066537,0.009159910665199611,0.008573676382626839
30,0.02,0.75,tight,0.5476459454423204,0.58,0.003053303555066537,0.009159910665199611,0.02000524489279595
30,0.02,1.0,spare,0.5526355118840354,0.6874210385831081,0.0,0.012213214220266147,0.011431568510169117
30,0.02,1.0,tight,0.5507864308558983,0.58,0.0,0.012213214220266147,0.02667365985706127
30,0.03,0.0,spare,0.5219910594876712,0.48438902004089696,0.01854290071196489,0.0,0.0
30,0.03,0.0,tight,0.5219910594876712,0.48438902004089696,0.01854290071196489,0.0,0.0
30,0.03,0.25,spare,0.5295886617684956,0.5750200097846027,0.013907175533973668,0.004635725177991223,0.004339038766599786
30,0.03,0.25,tight,0.5287734197949944,0.5590441000937036,0.013907175533973668,0.004635725177991223,0.010124423788732831
30,0.03,0.5,spare,0.5358421051349761,0.6488490130990084,0.009271450355982445,0.009271450355982445,0.008678077533199572
30,0.03,0.5,tight,0.5343558528449524,0.58,0.009271450355982445,0.009271450355982445,0.020248847577465662
30,0.03,0.75,spare,0.5409891966109904,0.7088486177825872,0.004635725177991223,0.013907175533973668,0.013017116299799356
30,0.03,0.75,tight,0.5389506483652691,0.58,0.004635725177991223,0.013907175533973668,0.030373271366198492
30,0.03,1.0,spare,0.5452256706797353,0.7574655048752985,0.0,0.01854290071196489,0.017356155066399145
30,0.03,1.0,tight,0.5427325380331949,0.58,0.0,0.01854290071196489,0.040497695154931325
31,0.0,0.0,spare,0.6620167210745792,0.4650009278510478,0.0,0.0,0.0
31,0.0,0.0,tight,0.58,0.4650009278510478,0.0,0.0,0.0
31,0.0,0.25,spare,0.6620167210745792,0.4650009278510478,0.0,0.0,0.0
31,0.0,0.25,tight,0.58,0.4650009278510478,0.0,0.0,0.0
31,0.0,0.5,spare,0.6620167210745792,0.4650009278510478,0.0,0.0,0.0
31,0.0,0.5,tight,0.58,0.4650009278510478,0.0,0.0,0.0
31,0.0,0.75,spare,0.6620167210745792,0.4650009278510478,0.0,0.0,0.0
31,0.0,0.75,tight,0.58,0.4650009278510478,0.0,0.0,0.0
31,0.0,1.0,spare,0.6620167210745792,0.4650009278510478,0.0,0.0,0.0
31,0.0,1.0,tight,0.58,0.4650009278510478,0.0,0.0,0.0
31,0.0025,0.0,spare,0.6601890958118315,0.5048608713317649,0.0016767154565636242,0.0,0.0
31,0.0025,0.0,tight,0.58,0.5048608713317649,0.0016767154565636242,0.0,0.0
31,0.0025,0.25,spare,0.6609385304836902,0.5138364533131636,0.0012575365924227182,0.00041917886414090605,0.0003923514168358882
31,0.0025,0.25,tight,0.58,0.5123081151031258,0.0012575365924227182,0.00041917886414090605,0.000915486639283739
31,0.0025,0.5,spare,0.661674886440772,0.5226485513598496,0.0008383577282818121,0.0008383577282818121,0.0007847028336717764
31,0.0025,0.5,tight,0.58,0.5196094171801604,0.0008383577282818121,0.0008383577282818121,0.001830973278567478
31,0.0025,0.75,spare,0.6623983919254929,0.5313000185020244,0.00041917886414090605,0.0012575365924227182,0.0011770542505076646
31,0.0025,0.75,tight,0.58,0.5267673244557014,0.00041917886414090605,0.0012575365924227182,0.0027464599178512166
31,0.0025,1.0,spare,0.6631092711971099,0.5397936579804015,0.0,0.0016767154565636242,0.0015694056673435529
31,0.0025,1.0,tight,0.58,0.5337843393756316,0.0,0.0016767154565636242,0.003661946557134956
31,0.005,0.0,spare,0.614999980365708,0.502938777520465,0.0031791083032122183,0.0,0.0
31,0.005,0.0,tight,0.58,0.502938777520465,0.0031791083032122183,0.0,0.0
31,0.005,0.25,spare,0.616409816918933,0.5198178230928256,0.0023843312274091635,0.0007947770758030546,0.0007439113429516594
31,0.005,0.25,tight,0.58,0.5169349533768844,0.0023843312274091635,0.0007947770758030546,0.0017357931335538713
31,0.005,0.5,spare,0.6177733690294697,0.5361183131315818,0.0015895541516061091,0.0015895541516061091,0.0014878226859033187
31,0.005,0.5,tight,0.58,0.5304146541742439,0.0015895541516061091,0.0015895541516061091,0.0034715862671077426
31,0.005,0.75,spare,0.6190921561994404,0.5518592414132641,0.0007947770758030546,0.0023843312274091635,0.002231734028854978
31,0.005,0.75,tight,0.58,0.5433948356087316,0.0007947770758030546,0.0023843312274091635,0.005207379400661613
31,0.005,1.0,spare,0.6203676480462426,0.5670589781553401,0.0,0.0031791083032122183,0.0029756453718066374
31,0.005,1.0,tight,0.58,0.5558918967269386,0.0,0.0031791083032122183,0.006943172534215485
31,0.01,0.0,spare,0.622793756536575,0.5117678535079133,0.006380334202700997,0.0,0.0
31,0.01,0.0,tight,0.58,0.5117678535079133,0.006380334202700997,0.0,0.0
31,0.01,0.25,spare,0.625576473129479,0.5450588127157814,0.004785250652025748,0.0015950835506752493,0.0014929982034320337
31,0.01,0.25,tight,0.58,0.5393357416880356,0.004785250652025748,0.0015950835506752493,0.003483662474674745
31,0.01,0.5,spare,0.6281788732256333,0.5760958157142773,0.0031901671013504986,0.0031901671013504986,0.0029859964068640675
31,0.01,0.5,tight,0.58,0.5648915288705214,0.0031901671013504986,0.0031901671013504986,0.00696732494934949
31,0.01,0.75,spare,0.6306126411047387,0.605024915999663,0.0015950835506752493,0.004785250652025748,0.004478994610296101
31,0.01,0.75,tight,0.58,0.58,0.0015950835506752493,0.004785250652025748,0.010450987424024234
31,0.01,1.0,spare,0.6328887039200293,0.6319827029873636,0.0,0.006380334202700997,0.005971992813728135
31,0.01,1.0,tight,0.58,0.58,0.0,0.006380334202700997,0.01393464989869898
31,0.02,0.0,spare,0.550912934006336,0.48273753014122206,0.012352013084712475,0.0,0.0
31,0.02,0.0,tight,0.550912934006336,0.48273753014122206,0.012352013084712475,0.0,0.0
31,0.02,0.25,spare,0.5561365437458613,0.5451422808234669,0.009264009813534356,0.0030880032711781188,0.00289037106182272
31,0.02,0.25,tight,0.5555760371866277,0.5342821207506151,0.009264009813534356,0.0030880032711781188,0.0067441991442530125
31,0.02,0.5,spare,0.560724765568312,0.5996046825422755,0.0061760065423562376,0.0061760065423562376,0.00578074212364544
31,0.02,0.5,tight,0.5596719311831221,0.5787365965625442,0.0061760065423562376,0.0061760065423562376,0.013488398288506025
31,0.02,0.75,spare,0.5647548866037174,0.647090824423023,0.0030880032711781188,0.009264009813534356,0.008671113185468161
31,0.02,0.75,tight,0.5632696100209881,0.58,0.0030880032711781188,0.009264009813534356,0.02023259743275904
31,0.02,1.0,spare,0.5682947929527405,0.6884492827239891,0.0,0.012352013084712475,0.01156148424729088
31,0.02,1.0,tight,0.5664296754502948,0.58,0.0,0.012352013084712475,0.02697679657701205
31,0.03,0.0,spare,0.5099193671283853,0.49568155222637605,0.018723026204217695,0.0,0.0
31,0.03,0.0,tight,0.5099193671283853,0.49568155222637605,0.018723026204217695,0.0,0.0
31,0.03,0.25,spare,0.5175837574970851,0.5871052437033368,0.014042269653163271,0.004680756551054424,0.004381188131786942
31,0.03,0.25,tight,0.516761348992545,0.57098355322087,0.014042269653163271,0.004680756551054424,0.010222772307502863
31,0.03,0.5,spare,0.5238802529392802,0.6614302485989886,0.009361513102108848,0.009361513102108848,0.008762376263573884
31,0.03,0.5,tight,0.5223822145214196,0.58,0.009361513102108848,0.009361513102108848,0.020445544615005726
31,0.03,0.75,spare,0.5290529872268618,0.7217082390619715,0.004680756551054424,0.014042269653163271,0.013143564395360826
31,0.03,0.75,tight,0.5269999013146557,0.58,0.004680756551054424,0.014042269653163271,0.030668316922508588
31,0.03,1.0,spare,0.5333025225843581,0.770446242898888,0.0,0.018723026204217695,0.017524752527147767
31,0.03,1.0,tight,0.5307934507619586,0.58,0.0,0.018723026204217695,0.04089108923001145
32,0.0,0.0,spare,0.6739670536079967,0.4760917495389628,0.0,0.0,0.0
32,0.0,0.0,tight,0.58,0.4760917495389628,0.0,0.0,0.0
32,0.0,0.25,spare,0.6739670536079967,0.4760917495389628,0.0,0.0,0.0
32,0.0,0.25,tight,0.58,0.4760917495389628,0.0,0.0,0.0
32,0.0,0.5,spare,0.6739670536079967,0.4760917495389628,0.0,0.0,0.0
32,0.0,0.5,tight,0.58,0.4760917495389628,0.0,0.0,0.0
32,0.0,0.75,spare,0.6739670536079967,0.4760917495389628,0.0,0.0,0.0
32,0.0,0.75,tight,0.58,0.4760917495389628,0.0,0.0,0.0
32,0.0,1.0,spare,0.6739670536079967,0.4760917495389628,0.0,0.0,0.0
32,0.0,1.0,tight,0.58,0.4760917495389628,0.0,0.0,0.0
32,0.0025,0.0,spare,0.6652411458861244,0.47524936597767764,0.0017018930277687692,0.0,0.0
32,0.0025,0.0,tight,0.58,0.47524936597767764,0.0017018930277687692,0.0,0.0
32,0.0025,0.25,spare,0.6660017338287205,0.4843584722916311,0.0012764197708265768,0.0004254732569421923,0.0003982429684978921
32,0.0025,0.25,tight,0.58,0.48280731900178614,0.0012764197708265768,0.0004254732569421923,0.0009292335931617481
32,0.0025,0.5,spare,0.6667488508785627,0.49329919244616105,0.0008509465138843846,0.0008509465138843846,0.0007964859369957842
32,0.0025,0.5,tight,0.58,0.490214954127989,0.0008509465138843846,0.0008509465138843846,0.0018584671863234963
32,0.0025,0.75,spare,0.6674827356207527,0.5020745087550379,0.0004254732569421923,0.0012764197708265768,0.0011947289054936763
32,0.0025,0.75,tight,0.58,0.49747493366023343,0.0004254732569421923,0.0012764197708265768,0.0027877007794852443
32,0.0025,1.0,spare,0.6682036224147738,0.5106873507118036,0.0,0.0017018930277687692,0.0015929718739915685
32,0.0025,1.0,tight,0.58,0.5045898727499821,0.0,0.0017018930277687692,0.0037169343726469926
32,0.005,0.0,spare,0.6824285869180424,0.5038382366107157,0.0033084828694903523,0.0,0.0
32,0.005,0.0,tight,0.58,0.5038382366107157,0.0033084828694903523,0.0,0.0
32,0.005,0.25,spare,0.6838948065422936,0.5213917969223949,0.002481362152117764,0.0008271207173725881,0.0007741849914607426
32,0.005,0.25,tight,0.58,0.518392936762157,0.002481362152117764,0.0008271207173725881,0.0018064316467417325
32,0.005,0.5,spare,0.6853109656228941,0.5383196004384393,0.0016542414347451761,0.0016542414347451761,0.0015483699829214853
32,0.005,0.5,tight,0.58,0.5323890254075101,0.0016542414347451761,0.0016542414347451761,0.003612863293483465
32,0.005,0.75,spare,0.6866787733567397,0.5546430121200487,0.0008271207173725881,0.002481362152117764,0.002322554974382228
32,0.005,0.75,tight,0.58,0.545845574993509,0.0008271207173725881,0.002481362152117764,0.005419294940225198
32,0.005,1.0,spare,0.687999880584308,0.5703826674731937,0.0,0.0033084828694903523,0.0030967399658429705
32,0.005,1.0,tight,0.58,0.5587810067840531,0.0,0.0033084828694903523,0.00722572658696693
32,0.01,0.0,spare,0.6244033781206803,0.487998902746663,0.006587757316577923,0.0,0.0
32,0.01,0.0,tight,0.58,0.487998902746663,0.006587757316577923,0.0,0.0
32,0.01,0.25,spare,0.6272734685053376,0.5223334973428003,0.004940817987433442,0.0016469393291444808,0.0015415352120792345
32,0.01,0.25,tight,0.58,0.516428517438282,0.004940817987433442,0.0016469393291444808,0.0035969154948515465
32,0.01,0.5,spare,0.6299517412014679,0.5542703708323505,0.0032938786582889616,0.0032938786582889616,0.003083070424158469
32,0.01,0.5,tight,0.58,0.5427176925727539,0.0032938786582889616,0.0032938786582889616,0.007193830989703093
32,0.01,0.75,spare,0.6324510160233282,0.5839697708935248,0.0016469393291444808,0.004940817987433442,0.0046246056362377035
32,0.01,0.75,tight,0.58,0.5670094808464251,0.0016469393291444808,0.004940817987433442,0.010790746484554638
32,0.01,1.0,spare,0.63478325599434,0.6115812353190929,0.0,0.006587757316577923,0.006166140848316938
32,0.01,1.0,tight,0.58,0.58,0.0,0.006587757316577923,0.014387661979406186
32,0.02,0.0,spare,0.5872110294039291,0.4967350740293927,0.012923369246426349,0.0,0.0
32,0.02,0.0,tight,0.58,0.4967350740293927,0.012923369246426349,0.0,0.0
32,0.02,0.25,spare,0.5926602553665511,0.5618263301585058,0.009692526934819761,0.003230842311606587,0.003024068403663767
32,0.02,0.25,tight,0.58,0.5504852920588965,0.009692526934819761,0.003230842311606587,0.007056159608548787
32,0.02,0.5,spare,0.5974180212045525,0.6182743347298587,0.006461684623213174,0.006461684623213174,0.006048136807327534
32,0.02,0.5,tight,0.58,0.58,0.006461684623213174,0.006461684623213174,0.014112319217097574
32,0.02,0.75,spare,0.6015720672882573,0.6671758423725043,0.003230842311606587,0.009692526934819761,0.009072205210991299
32,0.02,0.75,tight,0.58,0.58,0.003230842311606587,0.009692526934819761,0.02116847882564636
32,0.02,1.0,spare,0.6051990004861282,0.7094884389422256,0.0,0.012923369246426349,0.012096273614655068
32,0.02,1.0,tight,0.58,0.58,0.0,0.012923369246426349,0.02822463843419515
32,0.03,0.0,spare,0.5109466735823492,0.4776992224642346,0.018091975412902885,0.0,0.0
32,0.03,0.0,tight,0.5109466735823492,0.4776992224642346,0.018091975412902885,0.0,0.0
32,0.03,0.25,spare,0.5183765239055429,0.5663388292575364,0.013568981559677163,0.004522993853225721,0.004233522246619276
32,0.03,0.25,tight,0.5175792821421004,0.5507286108856789,0.013568981559677163,0.004522993853225721,0.009878218575444978
32,0.03,0.5,spare,0.5245209169861634,0.638910220518674,0.009045987706451443,0.009045987706451443,0.008467044493238552
32,0.03,0.5,tight,0.5230643662781536,0.58,0.009045987706451443,0.009045987706451443,0.019756437150889955
32,0.03,0.75,spare,0.5296022530409858,0.698193398957334,0.004522993853225721,0.013568981559677163,0.01270056673985783
32,0.03,0.75,tight,0.5276004621005658,0.58,0.004522993853225721,0.013568981559677163,0.029634655726334926
32,0.03,1.0,spare,0.5338044542613918,0.7464873919657893,0.0,0.018091975412902885,0.016934088986477105
32,0.03,1.0,tight,0.5313517564836108,0.58,0.0,0.018091975412902885,0.03951287430177991
33,0.0,0.0,spare,0.6732200994988612,0.47637938797809415,0.0,0.0,0.0
33,0.0,0.0,tight,0.58,0.47637938797809415,0.0,0.0,0.0
33,0.0,0.25,spare,0.6732200994988612,0.47637938797809415,0.0,0.0,0.0
33,0.0,0.25,tight,0.58,0.47637938797809415,0.0,0.0,0.0
33,0.0,0.5,spare,0.6732200994988612,0.47637938797809415,0.0,0.0,0.0
33,0.0,0.5,tight,0.58,0.47637938797809415,0.0,0.0,0.0
33,0.0,0.75,spare,0.6732200994988612,0.47637938797809415,0.0,0.0,0.0
33,0.0,0.75,tight,0.58,0.47637938797809415,0.0,0.0,0.0
33,0.0,1.0,spare,0.6732200994988612,0.47637938797809415,0.0,0.0,0.0
33,0.0,1.0,tight,0.58,0.47637938797809415,0.0,0.0,0.0
33,0.0025,0.0,spare,0.6552119413013592,0.47690088577856854,0.0016629263320767777,0.0,0.0
33,0.0025,0.0,tight,0.58,0.47690088577856854,0.0016629263320767777,0.0,0.0
33,0.0025,0.25,spare,0.655955266356739,0.48580332420911004,0.0012471947490575832,0.0004157315830191944,0.00038912476170596607
33,0.0025,0.25,tight,0.58,0.48428748292250084,0.0012471947490575832,0.0004157315830191944,0.0009079577773139207
33,0.0025,0.5,spare,0.6566857250713505,0.4945449333800473,0.0008314631660383888,0.0008314631660383888,0.0007782495234119321
33,0.0025,0.5,tight,0.58,0.4915305081938505,0.0008314631660383888,0.0008314631660383888,0.0018159155546278415
33,0.0025,0.75,spare,0.6574035401508909,0.5031284971125963,0.0004157315830191944,0.0012471947490575832,0.0011673742851178981
33,0.0025,0.75,tight,0.58,0.49863244670276435,0.0004157315830191944,0.0012471947490575832,0.002723873331941762
33,0.0025,1.0,spare,0.6581089304462064,0.5115567510423349,0.0,0.0016629263320767777,0.0015564990468238643
33,0.0025,1.0,tight,0.58,0.5055957405441914,0.0,0.0016629263320767777,0.003631831109255683
33,0.005,0.0,spare,0.6364017077768992,0.4782323491227727,0.0032331899731062024,0.0,0.0
33,0.005,0.0,tight,0.58,0.4782323491227727,0.0032331899731062024,0.0,0.0
33,0.005,0.25,spare,0.6378351231224201,0.495393474488077,0.002424892479829652,0.0008082974932765506,0.0007565664537068516
33,0.005,0.25,tight,0.58,0.49246210548924163,0.002424892479829652,0.0008082974932765506,0.0017653217253159868
33,0.005,0.5,spare,0.6392206929120362,0.5119565304045717,0.0016165949865531012,0.0016165949865531012,0.0015131329074137031
33,0.005,0.5,tight,0.58,0.5061579667739864,0.0016165949865531012,0.0016165949865531012,0.0035306434506319736
33,0.005,0.75,spare,0.6405600141687088,0.5279414796592725,0.0008082974932765506,0.002424892479829652,0.002269699361120555
33,0.005,0.75,tight,0.58,0.5193377537063993,0.0008082974932765506,0.002424892479829652,0.005295965175947961
33,0.005,1.0,spare,0.6418546306088321,0.5433676187071058,0.0,0.0032331899731062024,0.0030262658148274063
33,0.005,1.0,tight,0.58,0.5320186921829054,0.0,0.0032331899731062024,0.007061286901263947
33,0.01,0.0,spare,0.5850125087028499,0.5013420818812101,0.0064709767314835,0.0,0.0
33,0.01,0.0,tight,0.58,0.5013420818812101,0.0064709767314835,0.0,0.0
33,0.01,0.25,spare,0.5878334304750614,0.5350893954786872,0.004853232548612625,0.001617744182870875,0.0015142085551671394
33,0.01,0.25,tight,0.58,0.5292868000752895,0.004853232548612625,0.001617744182870875,0.003533153295389992
33,0.01,0.5,spare,0.5904690504671655,0.5665204368248203,0.00323548836574175,0.00323548836574175,0.003028417110334279
33,0.01,0.5,tight,0.58,0.5551637878989439,0.00323548836574175,0.00323548836574175,0.007066306590779984
33,0.01,0.75,spare,0.5929315408528285,0.595787358090441,0.001617744182870875,0.004853232548612625,0.0045426256655014185
33,0.01,0.75,tight,0.58,0.5791088712095925,0.001617744182870875,0.004853232548612625,0.010599459886169975
33,0.01,1.0,spare,0.5952322742353531,0.6230323168168308,0.0,0.0064709767314835,0.006056834220668558
33,0.01,1.0,tight,0.58,0.58,0.0,0.0064709767314835,0.014132613181559967
33,0.02,0.0,spare,0.5673935156367681,0.48265470465252763,0.012663116496388745,0.0,0.0
33,0.02,0.0,tight,0.5673935156367681,0.48265470465252763,0.012663116496388745,0.0,0.0
33,0.02,0.25,spare,0.5727401412380188,0.5465243554080069,0.009497337372291558,0.003165779124097186,0.0029631692601549673
33,0.02,0.25,tight,0.5721664347651573,0.5354021321503651,0.009497337372291558,0.003165779124097186,0.006914061607028256
33,0.02,0.5,spare,0.5774210998003363,0.6020731681768207,0.006331558248194372,0.006331558248194372,0.005926338520309935
33,0.02,0.5,tight,0.5763451146143795,0.58,0.006331558248194372,0.006331558248194372,0.013828123214056512
33,0.02,0.75,spare,0.5815192683829667,0.6503371061995461,0.003165779124097186,0.009497337372291558,0.0088895077804649
33,0.02,0.75,tight,0.58,0.58,0.003165779124097186,0.009497337372291558,0.020742184821084766
33,0.02,1.0,spare,0.5851072056629208,0.6922231529388172,0.0,0.012663116496388745,0.01185267704061987
33,0.02,1.0,tight,0.58,0.58,0.0,0.012663116496388745,0.027656246428113023
33,0.03,0.0,spare,0.48622185958357905,0.4726763621496487,0.018455960267464894,0.0,0.0
33,0.03,0.0,tight,0.48622185958357905,0.4726763621496487,0.018455960267464894,0.0,0.0
33,0.03,0.25,spare,0.4937871803010782,0.5629241764158015,0.013841970200598672,0.004613990066866224,0.004318694702586786
33,0.03,0.25,tight,0.4929754022211081,0.5470186908127262,0.013841970200598672,0.004613990066866224,0.010076954306035833
33,0.03,0.5,spare,0.5000197402706588,0.6365124813329703,0.009227980133732447,0.009227980133732447,0.008637389405173572
33,0.03,0.5,tight,0.4985391927155622,0.58,0.009227980133732447,0.009227980133732447,0.020153908612071666
33,0.03,0.75,spare,0.5051543281123302,0.6963761346512768,0.004613990066866224,0.013841970200598672,0.012956084107760361
33,0.03,0.75,tight,0.5031228262731795,0.58,0.004613990066866224,0.013841970200598672,0.030230862918107504
33,0.03,1.0,spare,0.5093843704115646,0.7449329686891203,0.0,0.018455960267464894,0.017274778810347145
33,0.03,1.0,tight,0.5068989743167585,0.58,0.0,0.018455960267464894,0.04030781722414333
34,0.0,0.0,spare,0.6188660863147183,0.4649799713017981,0.0,0.0,0.0
34,0.0,0.0,tight,0.58,0.4649799713017981,0.0,0.0,0.0
34,0.0,0.25,spare,0.6188660863147183,0.4649799713017981,0.0,0.0,0.0
34,0.0,0.25,tight,0.58,0.4649799713017981,0.0,0.0,0.0
34,0.0,0.5,spare,0.6188660863147183,0.4649799713017981,0.0,0.0,0.0
34,0.0,0.5,tight,0.58,0.4649799713017981,0.0,0.0,0.0
34,0.0,0.75,spare,0.6188660863147183,0.4649799713017981,0.0,0.0,0.0
34,0.0,0.75,tight,0.58,0.4649799713017981,0.0,0.0,0.0
34,0.0,1.0,spare,0.6188660863147183,0.4649799713017981,0.0,0.0,0.0
34,0.0,1.0,tight,0.58,0.4649799713017981,0.0,0.0,0.0
34,0.0025,0.0,spare,0.6788637784411515,0.4945758796610338,0.0016481038099042029,0.0,0.0
34,0.0025,0.0,tight,0.58,0.4945758796610338,0.0016481038099042029,0.0,0.0
34,0.0025,0.25,spare,0.6796005350207767,0.5033996806148305,0.0012360778574281523,0.0004120259524760507,0.0003856562915175836
34,0.0025,0.25,tight,0.58,0.5018972741312632,0.0012360778574281523,0.0004120259524760507,0.0008998646802076949
34,0.0025,0.5,spare,0.6803246516447009,0.5120654821223656,0.0008240519049521014,0.0008240519049521014,0.0007713125830351671
34,0.0025,0.5,tight,0.58,0.5090776228961114,0.0008240519049521014,0.0008240519049521014,0.0017997293604153897
34,0.0025,0.75,spare,0.681036345166746,0.520575994856413,0.0004120259524760507,0.0012360778574281523,0.001156968874552751
34,0.0025,0.75,tight,0.58,0.5161193457662964,0.0004120259524760507,0.0012360778574281523,0.0026995940406230852
34,0.0025,1.0,spare,0.681735828720343,0.5289338829848569,0.0,0.0016481038099042029,0.0015426251660703343
34,0.0025,1.0,tight,0.58,0.5230248210377383,0.0,0.0016481038099042029,0.0035994587208307794
34,0.005,0.0,spare,0.6237156754334457,0.5110271518597008,0.003230794829479119,0.0,0.0
34,0.005,0.0,tight,0.58,0.5110271518597008,0.003230794829479119,0.0,0.0
34,0.005,0.25,spare,0.6251480468158103,0.5281757881491599,0.002423096122109339,0.0008076987073697798,0.000756005990098114
34,0.005,0.25,tight,0.58,0.5252465666837809,0.002423096122109339,0.0008076987073697798,0.0017640139768955994
34,0.005,0.5,spare,0.6265326423091795,0.5447272258261768,0.0016153974147395595,0.0016153974147395595,0.001512011980196228
34,0.005,0.5,tight,0.58,0.538932863819556,0.0016153974147395595,0.0016153974147395595,0.003528027953791199
34,0.005,0.75,spare,0.6278710554496972,0.5607013840925505,0.0008076987073697798,0.002423096122109339,0.002268017970294342
34,0.005,0.75,tight,0.58,0.5521038250880055,0.0008076987073697798,0.002423096122109339,0.005292041930686797
34,0.005,1.0,spare,0.6291648266220644,0.576117517757042,0.0,0.003230794829479119,0.003024023960392456
34,0.005,1.0,tight,0.58,0.564776639208128,0.0,0.003230794829479119,0.007056055907582398
34,0.01,0.0,spare,0.5962597819023331,0.505450471384185,0.006240272017837749,0.0,0.0
34,0.01,0.0,tight,0.58,0.505450471384185,0.006240272017837749,0.0,0.0
34,0.01,0.25,spare,0.5989833917335642,0.5380353706224,0.004680204013378312,0.0015600680044594373,0.0014602236521740338
34,0.01,0.25,tight,0.58,0.5324352778122862,0.004680204013378312,0.0015600680044594373,0.0034071885217394115
34,0.01,0.5,spare,0.6015342638013644,0.5684610478177281,0.0031201360089188747,0.0031201360089188747,0.0029204473043480676
34,0.01,0.5,tight,0.58,0.5574925521931604,0.0031201360089188747,0.0031201360089188747,0.006814377043478823
34,0.01,0.75,spare,0.6039233535423651,0.5968644459280638,0.0015600680044594373,0.004680204013378312,0.004380670956522101
34,0.01,0.75,tight,0.58,0.58,0.0015600680044594373,0.004680204013378312,0.010221565565218233
34,0.01,1.0,spare,0.6061609215735512,0.6233738226657153,0.0,0.006240272017837749,0.005840894608696135
34,0.01,1.0,tight,0.58,0.58,0.0,0.006240272017837749,0.013628754086957646
34,0.02,0.0,spare,0.5725504155815373,0.4792501708504142,0.012772358896130792,0.0,0.0
34,0.02,0.0,tight,0.5725504155815373,0.4792501708504142,0.012772358896130792,0.0,0.0
34,0.02,0.25,spare,0.5779401423463058,0.5436330234283268,0.009579269172098094,0.003193089724032698,0.0029887319816946064
34,0.02,0.25,tight,0.5773618110094008,0.5324189057414199,0.009579269172098094,0.003193089724032698,0.006973707957287413
34,0.02,0.5,spare,0.582653426427606,0.5995603424628856,0.006386179448065396,0.006386179448065396,0.005977463963389213
34,0.02,0.5,tight,0.58,0.5780394072606388,0.006386179448065396,0.006386179448065396,0.013947415914574827
34,0.02,0.75,spare,0.5867751653952016,0.6480933475761335,0.003193089724032698,0.009579269172098094,0.00896619594508382
34,0.02,0.75,tight,0.58,0.58,0.003193089724032698,0.009579269172098094,0.020921123871862242
34,0.02,1.0,spare,0.5903796016701963,0.6901600690318744,0.0,0.012772358896130792,0.011954927926778425
34,0.02,1.0,tight,0.58,0.58,0.0,0.012772358896130792,0.027894831829149654
34,0.03,0.0,spare,0.5152180122077006,0.47976509717000376,0.018369426402479846,0.0,0.0
34,0.03,0.0,tight,0.5152180122077006,0.47976509717000376,0.018369426402479846,0.0,0.0
34,0.03,0.25,spare,0.5227511730515999,0.5696311619405652,0.013777069801859883,0.0045923566006199614,0.0042984457781802855
34,0.03,0.25,tight,0.5219428458075452,0.5537958103523068,0.013777069801859883,0.0045923566006199614,0.010029706815753998
34,0.03,0.5,spare,0.528962880088214,0.6429790541200608,0.009184713201239923,0.009184713201239923,0.008596891556360571
34,0.03,0.5,tight,0.5274880209415718,0.58,0.009184713201239923,0.009184713201239923,0.020059413631507997
34,0.03,0.75,spare,0.5340849404169761,0.7027063624514069,0.0045923566006199614,0.013777069801859883,0.012895337334540855
34,0.03,0.75,tight,0.5320604712201538,0.58,0.0045923566006199614,0.013777069801859883,0.03008912044726199
34,0.03,1.0,spare,0.5383084979442125,0.7512023857636813,0.0,0.018369426402479846,0.017193783112721142
34,0.03,1.0,tight,0.5358308303241994,0.58,0.0,0.018369426402479846,0.040118827263015994
35,0.0,0.0,spare,0.6701170104275571,0.4728996677722082,0.0,0.0,0.0
35,0.0,0.0,tight,0.58,0.4728996677722082,0.0,0.0,0.0
35,0.0,0.25,spare,0.6701170104275571,0.4728996677722082,0.0,0.0,0.0
35,0.0,0.25,tight,0.58,0.4728996677722082,0.0,0.0,0.0
35,0.0,0.5,spare,0.6701170104275571,0.4728996677722082,0.0,0.0,0.0
35,0.0,0.5,tight,0.58,0.4728996677722082,0.0,0.0,0.0
35,0.0,0.75,spare,0.6701170104275571,0.4728996677722082,0.0,0.0,0.0
35,0.0,0.75,tight,0.58,0.4728996677722082,0.0,0.0,0.0
35,0.0,1.0,spare,0.6701170104275571,0.4728996677722082,0.0,0.0,0.0
35,0.0,1.0,tight,0.58,0.4728996677722082,0.0,0.0,0.0
35,0.0025,0.0,spare,0.6426685732528894,0.48250508080634374,0.0016381702019468908,0.0,0.0
35,0.0025,0.0,tight,0.58,0.48250508080634374,0.0016381702019468908,0.0,0.0
35,0.0025,0.25,spare,0.6434009272657228,0.4912761741395058,0.001228627651460168,0.0004095425504867227,0.0003833318272555726
35,0.0025,0.25,tight,0.58,0.4897827720237561,0.001228627651460168,0.0004095425504867227,0.0008944409302630025
35,0.0025,0.5,spare,0.6441207919342913,0.49989115066935624,0.0008190851009734454,0.0008190851009734454,0.0007666636545111452
35,0.0025,0.5,tight,0.58,0.49692109816637914,0.0008190851009734454,0.0008190851009734454,0.001788881860526005
35,0.0025,0.75,spare,0.6448283802481019,0.508352672764733,0.0004095425504867227,0.001228627651460168,0.0011499954817667177
35,0.0025,0.75,tight,0.58,0.5039224359241292,0.0004095425504867227,0.001228627651460168,0.0026833227907890073
35,0.0025,1.0,spare,0.6455239015644029,0.5166633573912395,0.0,0.0016381702019468908,0.0015333273090222903
35,0.0025,1.0,tight,0.58,0.5107891214555703,0.0,0.0016381702019468908,0.00357776372105201
35,0.005,0.0,spare,0.6558353515058646,0.4602141151961518,0.003419225237216485,0.0,0.0
35,0.005,0.0,tight,0.58,0.4602141151961518,0.003419225237216485,0.0,0.0
35,0.005,0.25,spare,0.6573497732499678,0.47834428829193304,0.002564418927912364,0.0008548063093041212,0.0008000987055086577
35,0.005,0.25,tight,0.58,0.4752462238931929,0.002564418927912364,0.0008548063093041212,0.001866896979520201
35,0.005,0.5,spare,0.6588107888554017,0.4958068846543486,0.0017096126186082424,0.0017096126186082424,0.0016001974110173155
35,0.005,0.5,tight,0.58,0.4896823885316856,0.0017096126186082424,0.0017096126186082424,0.003733793959040402
35,0.005,0.75,spare,0.6602202816916166,0.5126254464015261,0.0008548063093041212,0.002564418927912364,0.002400296116525973
35,0.005,0.75,tight,0.58,0.5035436251008374,0.0008548063093041212,0.002564418927912364,0.005600690938560603
35,0.005,1.0,spare,0.6615800687109695,0.5288226854379284,0.0,0.003419225237216485,0.003200394822034631
35,0.005,1.0,tight,0.58,0.5168502084602214,0.0,0.003419225237216485,0.007467587918080804
35,0.01,0.0,spare,0.6217225029396812,0.4917190458667553,0.006466775949642145,0.0,0.0
35,0.01,0.0,tight,0.58,0.4917190458667553,0.006466775949642145,0.0,0.0
35,0.01,0.25,spare,0.6245416549157282,0.525445219995126,0.0048500819622316095,0.0016166939874105364,0.0015132255722162624
35,0.01,0.25,tight,0.58,0.5196463090308163,0.0048500819622316095,0.0016166939874105364,0.0035308596685046123
35,0.01,0.5,spare,0.6271757375488157,0.5568580273365037,0.0032333879748210727,0.0032333879748210727,0.003026451144432525
35,0.01,0.5,tight,0.58,0.5455084355251177,0.0032333879748210727,0.0032333879748210727,0.0070617193370092245
35,0.01,0.75,spare,0.6296369001171646,0.5861093338686476,0.0016166939874105364,0.0048500819622316095,0.0045396767166487875
35,0.01,0.75,tight,0.58,0.5694409957232476,0.0016166939874105364,0.0048500819622316095,0.010592579005513837
35,0.01,1.0,spare,0.6319364943332887,0.613341035997984,0.0,0.006466775949642145,0.00605290228886505
35,0.01,1.0,tight,0.58,0.58,0.0,0.006466775949642145,0.014123438674018449
35,0.02,0.0,spare,0.5634278298199114,0.4961848798914193,0.013030481774180739,0.0,0.0
35,0.02,0.0,tight,0.5634278298199114,0.4961848798914193,0.013030481774180739,0.0,0.0
35,0.02,0.25,spare,0.5689192017579501,0.5617778963817469,0.009772861330635554,0.0032576204435451847,0.003049132735158294
35,0.02,0.25,tight,0.5683299636364318,0.5503469095492234,0.009772861330635554,0.0032576204435451847,0.007114643048702684
35,0.02,0.5,spare,0.5737083762816382,0.6185934451926894,0.006515240887090369,0.006515240887090369,0.006098265470316588
35,0.02,0.5,tight,0.572605247600201,0.58,0.006515240887090369,0.006515240887090369,0.014229286097405367
35,0.02,0.75,spare,0.5778851453799874,0.6677539261868964,0.0032576204435451847,0.009772861330635554,0.009147398205474881
35,0.02,0.75,tight,0.5763338387923191,0.58,0.0032576204435451847,0.009772861330635554,0.021343929146108054
35,0.02,1.0,spare,0.5815278190839082,0.7102382147507456,0.0,0.013030481774180739,0.012196530940633176
35,0.02,1.0,tight,0.5795856443789784,0.58,0.0,0.013030481774180739,0.028458572194810735
35,0.03,0.0,spare,0.544629393368378,0.49962312169684875,0.019131969314421626,0.0,0.0
35,0.03,0.0,tight,0.544629393368378,0.49962312169684875,0.019131969314421626,0.0,0.0
35,0.03,0.25,spare,0.5524449461759616,0.592840650972069,0.01434897698581622,0.004782992328605407,0.0044768808195746615
35,0.03,0.25,tight,0.5516063175587544,0.5763886188308797,0.01434897698581622,0.004782992328605407,0.01044605524567421
35,0.03,0.5,spare,0.5588381148160683,0.668278378153828,0.009565984657210813,0.009565984657210813,0.008953761639149323
35,0.03,0.5,tight,0.5573134830064801,0.58,0.009565984657210813,0.009565984657210813,0.02089211049134842
35,0.03,0.75,spare,0.5640677647547373,0.7291721215676156,0.004782992328605407,0.01434897698581622,0.013430642458723985
35,0.03,0.75,tight,0.5619819782572442,0.58,0.004782992328605407,0.01434897698581622,0.031338165737022625
35,0.03,1.0,spare,0.5683456494814827,0.7781687998323591,0.0,0.019131969314421626,0.017907523278298646
35,0.03,1.0,tight,0.5658008351146518,0.58,0.0,0.019131969314421626,0.04178422098269684
36,0.0,0.0,spare,0.6685078201474153,0.486721706257493,0.0,0.0,0.0
36,0.0,0.0,tight,0.58,0.486721706257493,0.0,0.0,0.0
36,0.0,0.25,spare,0.6685078201474153,0.486721706257493,0.0,0.0,0.0
36,0.0,0.25,tight,0.58,0.486721706257493,0.0,0.0,0.0
36,0.0,0.5,spare,0.6685078201474153,0.486721706257493,0.0,0.0,0.0
36,0.0,0.5,tight,0.58,0.486721706257493,0.0,0.0,0.0
36,0.0,0.75,spare,0.6685078201474153,0.486721706257493,0.0,0.0,0.0
36,0.0,0.75,tight,0.58,0.486721706257493,0.0,0.0,0.0
36,0.0,1.0,spare,0.6685078201474153,0.486721706257493,0.0,0.0,0.0
36,0.0,1.0,tight,0.58,0.486721706257493,0.0,0.0,0.0
36,0.0025,0.0,spare,0.6725833873360091,0.4944321077907961,0.0016962985510351836,0.0,0.0
36,0.0025,0.0,tight,0.58,0.4944321077907961,0.0016962985510351836,0.0,0.0
36,0.0025,0.25,spare,0.6733414972675926,0.5035115480746478,0.0012722239132763877,0.0004240746377587959,0.00039693386094223306
36,0.0025,0.25,tight,0.58,0.5019654639722909,0.0012722239132763877,0.0004240746377587959,0.0009261790088652104
36,0.0025,0.5,spare,0.6740862239403189,0.5124236976227841,0.0008481492755175918,0.0008481492755175918,0.0007938677218844661
36,0.0025,0.5,tight,0.58,0.509349480137849,0.0008481492755175918,0.0008481492755175918,0.0018523580177304208
36,0.0025,0.75,spare,0.6748178036149335,0.5211715096945239,0.0004240746377587959,0.0012722239132763877,0.0011908015828266992
36,0.0025,0.75,tight,0.58,0.5165867926545823,0.0004240746377587959,0.0012722239132763877,0.002778537026595631
36,0.0025,1.0,spare,0.6755364683813636,0.5297578854139591,0.0,0.0016962985510351836,0.0015877354437689322
36,0.0025,1.0,tight,0.58,0.5236799913486172,0.0,0.0016962985510351836,0.0037047160354608416
36,0.005,0.0,spare,0.6505235038366816,0.4752678182875663,0.003213396300697131,0.0,0.0
36,0.005,0.0,tight,0.58,0.4752678182875663,0.003213396300697131,0.0,0.0
36,0.005,0.25,spare,0.6519482909930212,0.49232572300744865,0.0024100472255228485,0.0008033490751742828,0.0007519347343631289
36,0.005,0.25,tight,0.58,0.4894121024663917,0.0024100472255228485,0.0008033490751742828,0.001754514380180634
36,0.005,0.5,spare,0.6533258068555626,0.5087927365548535,0.0016066981503485656,0.0016066981503485656,0.0015038694687262578
36,0.005,0.5,tight,0.58,0.503028899592588,0.0016066981503485656,0.0016066981503485656,0.003509028760361268
36,0.005,0.75,spare,0.6546576197815215,0.5246884633949757,0.0008033490751742828,0.0024100472255228485,0.002255804203089387
36,0.005,0.75,tight,0.58,0.5161357105225665,0.0008033490751742828,0.0024100472255228485,0.005263543140541901
36,0.005,1.0,spare,0.6559452460934817,0.5400318575601161,0.0,0.003213396300697131,0.0030077389374525156
36,0.005,1.0,tight,0.58,0.5287494554729413,0.0,0.003213396300697131,0.007018057520722536
36,0.01,0.0,spare,0.6183743193856014,0.4897577747992495,0.006478112887086211,0.0,0.0
36,0.01,0.0,tight,0.58,0.4897577747992495,0.006478112887086211,0.0,0.0
36,0.01,0.25,spare,0.6211982474527409,0.5235409972229152,0.004858584665314658,0.0016195282217715528,0.0015158784155781739
36,0.01,0.25,tight,0.58,0.5177321430506905,0.004858584665314658,0.0016195282217715528,0.0035370496363490715
36,0.01,0.5,spare,0.6238364785720326,0.555003007798483,0.0032390564435431056,0.0032390564435431056,0.0030317568311563478
36,0.01,0.5,tight,0.58,0.5436343713661987,0.0032390564435431056,0.0032390564435431056,0.007074099272698143
36,0.01,0.75,spare,0.6263012238747871,0.584296445667337,0.0016195282217715528,0.004858584665314658,0.004547635246734521
36,0.01,0.75,tight,0.58,0.5676007203205724,0.0016195282217715528,0.004858584665314658,0.010611148909047217
36,0.01,1.0,spare,0.6286038915080466,0.6115639126675018,0.0,0.006478112887086211,0.0060635136623126955
36,0.01,1.0,tight,0.58,0.58,0.0,0.006478112887086211,0.014148198545396286
36,0.02,0.0,spare,0.5465634501131541,0.49090261942548036,0.012731224025238335,0.0,0.0
36,0.02,0.0,tight,0.5465634501131541,0.49090261942548036,0.012731224025238335,0.0,0.0
36,0.02,0.25,spare,0.5519369530776138,0.5550923000593213,0.00954841801892875,0.0031828060063095838,0.0029791064219057716
36,0.02,0.25,tight,0.5513603625955853,0.5439127771380912,0.00954841801892875,0.0031828060063095838,0.006951248317780132
36,0.02,0.5,spare,0.5566380795957934,0.6108772751146595,0.0063656120126191675,0.0063656120126191675,0.005958212843811543
36,0.02,0.5,tight,0.5555570463279095,0.58,0.0063656120126191675,0.0063656120126191675,0.013902496635560264
36,0.02,0.75,spare,0.560750962883679,0.659309209791325,0.0031828060063095838,0.00954841801892875,0.008937319265717314
36,0.02,0.75,tight,0.5592286068188835,0.58,0.0031828060063095838,0.00954841801892875,0.020853744953340393
36,0.02,1.0,spare,0.5643492087241929,0.7013081763758442,0.0,0.012731224025238335,0.011916425687623087
36,0.02,1.0,tight,0.5624407517644391,0.58,0.0,0.012731224025238335,0.02780499327112053
36,0.03,0.0,spare,0.49687036506427257,0.4890873758513098,0.01825775650444993,0.0,0.0
36,0.03,0.0,tight,0.49687036506427257,0.4890873758513098,0.01825775650444993,0.0,0.0
36,0.03,0.25,spare,0.5043619811462341,0.5784602618537886,0.013693317378337448,0.004564439126112482,0.004272315022041285
36,0.03,0.25,tight,0.5035581117603902,0.5627154745013518,0.013693317378337448,0.004564439126112482,0.009968735051429662
36,0.03,0.5,spare,0.5105466786477303,0.65149666560045,0.009128878252224965,0.009128878252224965,0.00854463004408257
36,0.03,0.5,tight,0.5090791755508466,0.58,0.009128878252224965,0.009128878252224965,0.019937470102859324
36,0.03,0.75,spare,0.5156524505888624,0.71104649984256,0.004564439126112482,0.013693317378337448,0.012816945066123854
36,0.03,0.75,tight,0.5136370852270584,0.58,0.004564439126112482,0.013693317378337448,0.02990620515428899
36,0.03,1.0,spare,0.5198675164200603,0.7594625077104926,0.0,0.01825775650444993,0.01708926008816514
36,0.03,1.0,tight,0.5173998638155645,0.58,0.0,0.01825775650444993,0.03987494020571865
37,0.0,0.0,spare,0.6597106341536055,0.4848257805792861,0.0,0.0,0.0
37,0.0,0.0,tight,0.58,0.4848257805792861,0.0,0.0,0.0
37,0.0,0.25,spare,0.6597106341536055,0.4848257805792861,0.0,0.0,0.0
37,0.0,0.25,tight,0.58,0.4848257805792861,0.0,0.0,0.0
37,0.0,0.5,spare,0.6597106341536055,0.4848257805792861,0.0,0.0,0.0
37,0.0,0.5,tight,0.58,0.4848257805792861,0.0,0.0,0.0
37,0.0,0.75,spare,0.6597106341536055,0.4848257805792861,0.0,0.0,0.0
37,0.0,0.75,tight,0.58,0.4848257805792861,0.0,0.0,0.0
37,0.0,1.0,spare,0.6597106341536055,0.4848257805792861,0.0,0.0,0.0
37,0.0,1.0,tight,0.58,0.4848257805792861,0.0,0.0,0.0
37,0.0025,0.0,spare,0.6224668969264984,0.47440652102655567,0.0015673233353980243,0.0,0.0
37,0.0025,0.0,tight,0.58,0.47440652102655567,0.0015673233353980243,0.0,0.0
37,0.0025,0.25,spare,0.6231678383470651,0.4828015351231571,0.0011754925015485182,0.00039183083384950607,0.0003667536604831378
37,0.0025,0.25,tight,0.58,0.48137237036395836,0.0011754925015485182,0.00039183083384950607,0.0008557585411273214
37,0.0025,0.5,spare,0.6238573388474785,0.49105353771784144,0.0007836616676990121,0.0007836616676990121,0.0007335073209662756
37,0.0025,0.5,tight,0.58,0.4882105536959239,0.0007836616676990121,0.0007836616676990121,0.0017115170822546428
37,0.0025,0.75,spare,0.6245355851689556,0.49916486307582164,0.00039183083384950607,0.0011754925015485182,0.0011002609814494133
37,0.0025,0.75,tight,0.58,0.49492315481509397,0.00039183083384950607,0.0011754925015485182,0.0025672756233819645
37,0.0025,1.0,spare,0.6252027610046822,0.5071378073619205,0.0,0.0015673233353980243,0.0014670146419325512
37,0.0025,1.0,tight,0.58,0.5015122235019884,0.0,0.0015673233353980243,0.0034230341645092857
37,0.005,0.0,spare,0.6644527666855923,0.49336650739112725,0.003395025785901161,0.0,0.0
37,0.005,0.0,tight,0.58,0.49336650739112725,0.003395025785901161,0.0,0.0
37,0.005,0.25,spare,0.6659566600750038,0.5113707387248704,0.0025462693394258705,0.0008487564464752902,0.0007944360339008718
37,0.005,0.25,tight,0.58,0.508294346044095,0.0025462693394258705,0.0008487564464752902,0.0018536840791020341
37,0.005,0.5,spare,0.6674078873101978,0.5287166431308948,0.0016975128929505804,0.0016975128929505804,0.0015888720678017437
37,0.005,0.5,tight,0.58,0.5226344979165806,0.0016975128929505804,0.0016975128929505804,0.0037073681582040683
37,0.005,0.75,spare,0.6688082927531614,0.5454272751340394,0.0008487564464752902,0.0025462693394258705,0.0023833081017026153
37,0.005,0.75,tight,0.58,0.5364075437244982,0.0008487564464752902,0.0025462693394258705,0.005561052237306101
37,0.005,1.0,spare,0.6701596561765608,0.5615248818926303,0.0,0.003395025785901161,0.0031777441356034873
37,0.005,1.0,tight,0.58,0.5496333434497218,0.0,0.003395025785901161,0.007414736316408137
37,0.01,0.0,spare,0.6068316968438006,0.46814367647700117,0.006437015616509674,0.0,0.0
37,0.01,0.0,tight,0.58,0.46814367647700117,0.006437015616509674,0.0,0.0
37,0.01,0.25,spare,0.6096383085077663,0.5017200606223108,0.0048277617123822555,0.0016092539041274185,0.001506261654263264
37,0.01,0.25,tight,0.58,0.49594725497265835,0.0048277617123822555,0.0016092539041274185,0.0035146105266142826
37,0.01,0.5,spare,0.6122614936387518,0.5330036131053658,0.003218507808254837,0.003218507808254837,0.003012523308526528
37,0.01,0.5,tight,0.58,0.5217040284523834,0.003218507808254837,0.003218507808254837,0.007029221053228565
37,0.01,0.75,spare,0.6147132401057711,0.562144182288843,0.0016092539041274185,0.0048277617123822555,0.004518784962789792
37,0.01,0.75,tight,0.58,0.5455477661698921,0.0016092539041274185,0.0048277617123822555,0.010543831579842847
37,0.01,1.0,spare,0.6170047523088321,0.5892818231728421,0.0,0.006437015616509674,0.006025046617053056
37,0.01,1.0,tight,0.58,0.5676034948689397,0.0,0.006437015616509674,0.01405844210645713
37,0.02,0.0,spare,0.5577417863040998,0.5002104683489716,0.012486272264982983,0.0,0.0
37,0.02,0.0,tight,0.5577417863040998,0.5002104683489716,0.012486272264982983,0.0,0.0
37,0.02,0.25,spare,0.5630185338211907,0.5632480246026014,0.009364704198737236,0.0031215680662457458,0.0029217877100060187
37,0.02,0.25,tight,0.562452325443798,0.5522747029385172,0.009364704198737236,0.0031215680662457458,0.00681750465668071
37,0.02,0.5,spare,0.5676469005549561,0.618180821064664,0.0062431361324914916,0.0062431361324914916,0.0058435754200120375
37,0.02,0.5,tight,0.5665840567009149,0.58,0.0062431361324914916,0.0062431361324914916,0.01363500931336142
37,0.02,0.75,spare,0.5717065563472495,0.6660047307583239,0.0031215680662457458,0.009364704198737236,0.008765363130018055
37,0.02,0.75,tight,0.5702081011414272,0.58,0.0031215680662457458,0.009364704198737236,0.02045251397004213
37,0.02,1.0,spare,0.5752673816015811,0.7075932587274627,0.0,0.012486272264982983,0.011687150840024075
37,0.02,1.0,tight,0.5733868408245041,0.58,0.0,0.012486272264982983,0.02727001862672284
37,0.03,0.0,spare,0.5162774818238359,0.4959067917443612,0.018566772597016775,0.0,0.0
37,0.03,0.0,tight,0.5162774818238359,0.4959067917443612,0.018566772597016775,0.0,0.0
37,0.03,0.25,spare,0.5238839427383897,0.586642928388581,0.01392507944776258,0.004641693149254194,0.004344624787701926
37,0.03,0.25,tight,0.5230677502110456,0.570647688746511,0.01392507944776258,0.004641693149254194,0.01013745783797116
37,0.03,0.5,spare,0.5301431083929622,0.6605378742830356,0.009283386298508388,0.009283386298508388,0.008689249575403853
37,0.03,0.5,tight,0.5286552915330858,0.58,0.009283386298508388,0.009283386298508388,0.02027491567594232
37,0.03,0.75,spare,0.5352936186146634,0.7205746272665994,0.004641693149254194,0.01392507944776258,0.013033874363105779
37,0.03,0.75,tight,0.5332531389590158,0.58,0.004641693149254194,0.01392507944776258,0.030412373513913477
37,0.03,1.0,spare,0.5395318441239164,0.7692078213445595,0.0,0.018566772597016775,0.017378499150807705
37,0.03,1.0,tight,0.5370365921334458,0.58,0.0,0.018566772597016775,0.04054983135188464
38,0.0,0.0,spare,0.6508187210150871,0.46656153821899277,0.0,0.0,0.0
38,0.0,0.0,tight,0.58,0.46656153821899277,0.0,0.0,0.0
38,0.0,0.25,spare,0.6508187210150871,0.46656153821899277,0.0,0.0,0.0
38,0.0,0.25,tight,0.58,0.46656153821899277,0.0,0.0,0.0
38,0.0,0.5,spare,0.6508187210150871,0.46656153821899277,0.0,0.0,0.0
38,0.0,0.5,tight,0.58,0.46656153821899277,0.0,0.0,0.0
38,0.0,0.75,spare,0.6508187210150871,0.46656153821899277,0.0,0.0,0.0
38,0.0,0.75,tight,0.58,0.46656153821899277,0.0,0.0,0.0
38,0.0,1.0,spare,0.6508187210150871,0.46656153821899277,0.0,0.0,0.0
38,0.0,1.0,tight,0.58,0.46656153821899277,0.0,0.0,0.0
38,0.0025,0.0,spare,0.6236335348403937,0.4819014285434146,0.0016175983870981888,0.0,0.0
38,0.0025,0.0,tight,0.58,0.4819014285434146,0.0016175983870981888,0.0,0.0
38,0.0025,0.25,spare,0.6243567699816661,0.49056334978673766,0.0012131987903236416,0.0004043995967745472,0.00037851802258097626
38,0.0025,0.25,tight,0.58,0.48908859705248897,0.0012131987903236416,0.0004043995967745472,0.0008832087193556112
38,0.0025,0.5,spare,0.6250678248633079,0.4990730177846799,0.0008087991935490944,0.0008087991935490944,0.0007570360451619525
38,0.0025,0.5,tight,0.58,0.4961398494751504,0.0008087991935490944,0.0008087991935490944,0.0017664174387112225
38,0.0025,0.75,spare,0.6257669046173935,0.5074329966881687,0.0004043995967745472,0.0012131987903236416,0.0011355540677429289
38,0.0025,0.75,tight,0.58,0.5030574748224352,0.0004043995967745472,0.0012131987903236416,0.0026496261580668335
38,0.0025,1.0,spare,0.6264542109212949,0.5156458074643558,0.0,0.0016175983870981888,0.001514072090323905
38,0.0025,1.0,tight,0.58,0.5098437235553333,0.0,0.0016175983870981888,0.003532834877422445
38,0.005,0.0,spare,0.6309821374650489,0.489700974965659,0.0032117740563823893,0.0,0.0
38,0.005,0.0,tight,0.58,0.489700974965659,0.0032117740563823893,0.0,0.0
38,0.005,0.25,spare,0.6324062173951419,0.506750418962628,0.002408830542286792,0.0008029435140955973,0.0007515551291934794
38,0.005,0.25,tight,0.58,0.5038382531513977,0.002408830542286792,0.0008029435140955973,0.0017536286347847848
38,0.005,0.5,spare,0.6337830729482021,0.5232095582466875,0.0016058870281911947,0.0016058870281911947,0.0015031102583869587
38,0.005,0.5,tight,0.58,0.5174485678154782,0.0016058870281911947,0.0016058870281911947,0.0035072572695695695
38,0.005,0.75,spare,0.6351142701471326,0.5390979681041248,0.0008029435140955973,0.002408830542286792,0.002254665387580438
38,0.005,0.75,tight,0.58,0.5305493937663742,0.0008029435140955973,0.002408830542286792,0.005260885904354354
38,0.005,1.0,spare,0.6364013230834422,0.5544345746788004,0.0,0.0032117740563823893,0.0030062205167739175
38,0.005,1.0,tight,0.58,0.5431576263247603,0.0,0.0032117740563823893,0.007014514539139139
38,0.01,0.0,spare,0.5750521183794449,0.4987580958072894,0.006246537703734534,0.0,0.0
38,0.01,0.0,tight,0.5750521183794449,0.4987580958072894,0.006246537703734534,0.0,0.0
38,0.01,0.25,spare,0.5777783742111154,0.5313746038804972,0.004684903277800901,0.0015616344259336335,0.0014616898226738812
38,0.01,0.25,tight,0.5774858400533207,0.5257690071444976,0.004684903277800901,0.0015616344259336335,0.003410609586239056
38,0.01,0.5,spare,0.5803315564851361,0.5618276924830813,0.003123268851867267,0.003123268851867267,0.0029233796453477625
38,0.01,0.5,tight,0.5797650594007698,0.5508486394013725,0.003123268851867267,0.003123268851867267,0.006821219172478112
38,0.01,0.75,spare,0.5827226525989512,0.590254704083096,0.0015616344259336335,0.004684903277800901,0.004385069468021644
38,0.01,0.75,tight,0.58,0.5741195978511849,0.0015616344259336335,0.004684903277800901,0.010231828758717169
38,0.01,1.0,spare,0.5849619524263381,0.616784262102758,0.0,0.006246537703734534,0.005846759290695525
38,0.01,1.0,tight,0.58,0.58,0.0,0.006246537703734534,0.013642438344956225
38,0.02,0.0,spare,0.5606363253230281,0.5150759234101074,0.012744125302479002,0.0,0.0
38,0.02,0.0,tight,0.5606363253230281,0.5150759234101074,0.012744125302479002,0.0,0.0
38,0.02,0.25,spare,0.5660149173704702,0.5793261986823536,0.009558093976859252,0.0031860313256197505,0.0029821253207800874
38,0.02,0.25,tight,0.5654377808169445,0.5681358246689072,0.009558093976859252,0.0031860313256197505,0.006958292415153536
38,0.02,0.5,spare,0.5707198587935455,0.6351558411500149,0.006372062651239501,0.006372062651239501,0.005964250641560175
38,0.02,0.5,tight,0.569637870105204,0.58,0.006372062651239501,0.006372062651239501,0.013916584830307072
38,0.02,0.75,spare,0.5748355220748121,0.6836195068450671,0.0031860313256197505,0.009558093976859252,0.008946375962340262
38,0.02,0.75,tight,0.5733119122892257,0.58,0.0031860313256197505,0.009558093976859252,0.02087487724546061
38,0.02,1.0,spare,0.5784357123262126,0.7256397596667931,0.0,0.012744125302479002,0.01192850128312035
38,0.02,1.0,tight,0.5765257930054536,0.58,0.0,0.012744125302479002,0.027833169660614145
38,0.03,0.0,spare,0.5315648861070257,0.4835653456453912,0.01882374145127234,0.0,0.0
38,0.03,0.0,tight,0.5315648861070257,0.4835653456453912,0.01882374145127234,0.0,0.0
38,0.03,0.25,spare,0.539266565298897,0.5754315800441854,0.014117806088454254,0.004705935362818085,0.004404755499597729
38,0.03,0.25,tight,0.5384401556091583,0.5592284515896534,0.014117806088454254,0.004705935362818085,0.0102777628323947
38,0.03,0.5,spare,0.545587007009991,0.6500323459332621,0.00941187072563617,0.00941187072563617,0.008809510999195459
38,0.03,0.5,tight,0.5440823979116102,0.58,0.00941187072563617,0.00941187072563617,0.0205555256647894
38,0.03,0.75,spare,0.5507739256582643,0.7104640735370813,0.004705935362818085,0.014117806088454254,0.013214266498793186
38,0.03,0.75,tight,0.5487127470476992,0.58,0.004705935362818085,0.014117806088454254,0.030833288497184096
38,0.03,1.0,spare,0.5550306099682522,0.7592678719123307,0.0,0.01882374145127234,0.017619021998390917
38,0.03,1.0,tight,0.5525126783467792,0.58,0.0,0.01882374145127234,0.0411110513295788
39,0.0,0.0,spare,0.6636815076250671,0.4955239480718236,0.0,0.0,0.0
39,0.0,0.0,tight,0.58,0.4955239480718236,0.0,0.0,0.0
39,0.0,0.25,spare,0.6636815076250671,0.4955239480718236,0.0,0.0,0.0
39,0.0,0.25,tight,0.58,0.4955239480718236,0.0,0.0,0.0
39,0.0,0.5,spare,0.6636815076250671,0.4955239480718236,0.0,0.0,0.0
39,0.0,0.5,tight,0.58,0.4955239480718236,0.0,0.0,0.0
39,0.0,0.75,spare,0.6636815076250671,0.4955239480718236,0.0,0.0,0.0
39,0.0,0.75,tight,0.58,0.4955239480718236,0.0,0.0,0.0
39,0.0,1.0,spare,0.6636815076250671,0.4955239480718236,0.0,0.0,0.0
39,0.0,1.0,tight,0.58,0.4955239480718236,0.0,0.0,0.0
39,0.0025,0.0,spare,0.6457582009765347,0.4753380117478246,0.0016193290983416834,0.0,0.0
39,0.0025,0.0,tight,0.58,0.4753380117478246,0.0016193290983416834,0.0,0.0
39,0.0025,0.25,spare,0.6464822033663363,0.484009118611333,0.0012144968237562627,0.00040483227458542085,0.00037892300901195403
39,0.0025,0.25,tight,0.58,0.4825327967987883,0.0012144968237562627,0.00040483227458542085,0.0008841536876945592
39,0.0025,0.5,spare,0.6471939996397902,0.49252764902049434,0.0008096645491708417,0.0008096645491708417,0.0007578460180239081
39,0.0025,0.5,tight,0.58,0.48959137723551366,0.0008096645491708417,0.0008096645491708417,0.0017683073753891184
39,0.0025,0.75,spare,0.6478937955825103,0.500896175295483,0.00040483227458542085,0.0012144968237562627,0.0011367690270358622
39,0.0025,0.75,tight,0.58,0.4965160493617035,0.00040483227458542085,0.0012144968237562627,0.002652461063083678
39,0.0025,1.0,spare,0.6485817935107253,0.5091172263891592,0.0,0.0016193290983416834,0.0015156920360478161
39,0.0025,1.0,tight,0.58,0.5033090707671687,0.0,0.0016193290983416834,0.003536614750778237
39,0.005,0.0,spare,0.6332931929718222,0.487587389832025,0.003217073426084636,0.0,0.0
39,0.005,0.0,tight,0.58,0.487587389832025,0.003217073426084636,0.0,0.0
39,0.005,0.25,spare,0.6347195831464075,0.5046644718326374,0.002412805069563477,0.000804268356521159,0.000752795181703805
39,0.005,0.25,tight,0.58,0.5017475539294712,0.002412805069563477,0.000804268356521159,0.0017565220906422116
39,0.005,0.5,spare,0.6360985955981409,0.5211493322976005,0.001608536713042318,0.001608536713042318,0.00150559036340761
39,0.005,0.5,tight,0.58,0.5153790433624558,0.001608536713042318,0.001608536713042318,0.003513044181284423
39,0.005,0.75,spare,0.6374318039838397,0.5370616419371331,0.000804268356521159,0.002412805069563477,0.002258385545111415
39,0.005,0.75,tight,0.58,0.5284994181241542,0.000804268356521159,0.002412805069563477,0.005269566271926635
39,0.005,1.0,spare,0.6387207296911195,0.5524204180964254,0.0,0.003217073426084636,0.00301118072681522
39,0.005,1.0,tight,0.58,0.541125654950437,0.0,0.003217073426084636,0.007026088362568846
39,0.01,0.0,spare,0.5977340195509016,0.46578907535366076,0.006360012105408421,0.0,0.0
39,0.01,0.0,tight,0.58,0.46578907535366076,0.006360012105408421,0.0,0.0
39,0.01,0.25,spare,0.6005081655335887,0.49897765730458443,0.004770009079056316,0.0015900030263521052,0.001488242832665571
39,0.01,0.25,tight,0.58,0.49327242237357116,0.004770009079056316,0.0015900030263521052,0.003472566609552998
39,0.01,0.5,spare,0.6031031040383218,0.5299261457810822,0.0031800060527042103,0.0031800060527042103,0.002976485665331142
39,0.01,0.5,tight,0.58,0.5187560436242104,0.0031800060527042103,0.0031800060527042103,0.006945133219105996
39,0.01,0.75,spare,0.6055304117162054,0.5587792489219612,0.0015900030263521052,0.004770009079056316,0.004464728497996713
39,0.01,0.75,tight,0.58,0.5423691196944682,0.0015900030263521052,0.004770009079056316,0.010417699828658995
39,0.01,1.0,spare,0.6078009173764998,0.5856723268429764,0.0,0.006360012105408421,0.005952971330662284
39,0.01,1.0,tight,0.58,0.5642324862167406,0.0,0.006360012105408421,0.013890266438211993
39,0.02,0.0,spare,0.5585627368461763,0.4776727948193316,0.012685434097468988,0.0,0.0
39,0.02,0.0,tight,0.5585627368461763,0.4776727948193316,0.012685434097468988,0.0,0.0
39,0.02,0.25,spare,0.5639181717888557,0.5416473400240172,0.009514075573101742,0.003171358524367247,0.0029683915788077443
39,0.02,0.25,tight,0.5633435200513404,0.5305063378666627,0.009514075573101742,0.003171358524367247,0.006926247017218069
39,0.02,0.5,spare,0.5686057443194341,0.5972736050774383,0.006342717048734494,0.006342717048734494,0.0059367831576154885
39,0.02,0.5,tight,0.5675281041732723,0.5758873923735953,0.006342717048734494,0.006342717048734494,0.013852494034436138
39,0.02,0.75,spare,0.5727087418284353,0.6455926823611465,0.003171358524367247,0.009514075573101742,0.008905174736423233
39,0.02,0.75,tight,0.571190839654482,0.58,0.003171358524367247,0.009514075573101742,0.02077874105165421
39,0.02,1.0,spare,0.5763000651517662,0.6875158323239742,0.0,0.012685434097468988,0.011873566315230977
39,0.02,1.0,tight,0.5743968048864869,0.58,0.0,0.012685434097468988,0.027704988068872276
39,0.03,0.0,spare,0.5227020120345505,0.480962651123867,0.018779183532889723,0.0,0.0
39,0.03,0.0,tight,0.5227020120345505,0.480962651123867,0.018779183532889723,0.0,0.0
39,0.03,0.25,spare,0.5303871989619336,0.5726331587694601,0.014084387649667292,0.004694795883222431,0.0043943289466961966
39,0.03,0.25,tight,0.5295625589339581,0.5564660531575043,0.014084387649667292,0.004694795883222431,0.01025343420895779
39,0.03,0.5,spare,0.5366970575987797,0.6471120627833407,0.009389591766444862,0.009389591766444862,0.008788657893392393
39,0.03,0.5,tight,0.5351953537528416,0.58,0.009389591766444862,0.009389591766444862,0.02050686841791558
39,0.03,0.75,spare,0.5418777144120993,0.7074759440031392,0.004694795883222431,0.014084387649667292,0.013182986840088588
39,0.03,0.75,tight,0.539820112964732,0.58,0.004694795883222431,0.014084387649667292,0.030760302626873372
39,0.03,1.0,spare,0.5461312494850831,0.7562508034687395,0.0,0.018779183532889723,0.017577315786784786
39,0.03,1.0,tight,0.5436172329479171,0.58,0.0,0.018779183532889723,0.04101373683583116
40,0.0,0.0,spare,0.6763581171434795,0.4754835031652571,0.0,0.0,0.0
40,0.0,0.0,tight,0.58,0.4754835031652571,0.0,0.0,0.0
40,0.0,0.25,spare,0.6763581171434795,0.4754835031652571,0.0,0.0,0.0
40,0.0,0.25,tight,0.58,0.4754835031652571,0.0,0.0,0.0
40,0.0,0.5,spare,0.6763581171434795,0.4754835031652571,0.0,0.0,0.0
40,0.0,0.5,tight,0.58,0.4754835031652571,0.0,0.0,0.0
40,0.0,0.75,spare,0.6763581171434795,0.4754835031652571,0.0,0.0,0.0
40,0.0,0.75,tight,0.58,0.4754835031652571,0.0,0.0,0.0
40,0.0,1.0,spare,0.6763581171434795,0.4754835031652571,0.0,0.0,0.0
40,0.0,1.0,tight,0.58,0.4754835031652571,0.0,0.0,0.0
40,0.0025,0.0,spare,0.6480221150150656,0.5016024743040016,0.0016622431454630612,0.0,0.0
40,0.0025,0.0,tight,0.58,0.5016024743040016,0.0016622431454630612,0.0,0.0
40,0.0025,0.25,spare,0.6487651373445293,0.5105012885262604,0.001246682359097296,0.0004155607863657653,0.0003889648960383564
40,0.0025,0.25,tight,0.58,0.5089860664345967,0.001246682359097296,0.0004155607863657653,0.0009075847574228316
40,0.0025,0.5,spare,0.6494953038109603,0.5192394044606089,0.0008311215727315306,0.0008311215727315306,0.0007779297920767128
40,0.0025,0.5,tight,0.58,0.5162262036107085,0.0008311215727315306,0.0008311215727315306,0.0018151695148456632
40,0.0025,0.75,spare,0.6502128368480697,0.5278196025284382,0.0004155607863657653,0.001246682359097296,0.0011668946881150694
40,0.0025,0.75,tight,0.58,0.5233253679074684,0.0004155607863657653,0.001246682359097296,0.002722754272268495
40,0.0025,1.0,spare,0.6509179550409937,0.5362446150439494,0.0,0.0016622431454630612,0.0015558595841534256
40,0.0025,1.0,tight,0.58,0.5302859984548417,0.0,0.0016622431454630612,0.0036303390296913264
40,0.005,0.0,spare,0.6417161423598193,0.504619317674161,0.003259053913177393,0.0,0.0
40,0.005,0.0,tight,0.58,0.504619317674161,0.003259053913177393,0.0,0.0
40,0.005,0.25,spare,0.6431608292611302,0.521915285324863,0.002444290434883045,0.0008147634782943483,0.0007626186156835102
40,0.005,0.25,tight,0.58,0.5189607284455615,0.002444290434883045,0.0008147634782943483,0.001779443436594857
40,0.005,0.5,spare,0.6445569151880832,0.5386037407960932,0.0016295269565886966,0.0016295269565886966,0.0015252372313670204
40,0.005,0.5,tight,0.58,0.5327598146334992,0.0016295269565886966,0.0016295269565886966,0.003558886873189714
40,0.005,0.75,spare,0.6459060351348814,0.5547051215153868,0.0008147634782943483,0.002444290434883045,0.002287855847050531
40,0.005,0.75,tight,0.58,0.5460348206777557,0.0008147634782943483,0.002444290434883045,0.00533833030978457
40,0.005,1.0,spare,0.6472097690925906,0.5702391773710681,0.0,0.003259053913177393,0.003050474462734041
40,0.005,1.0,tight,0.58,0.5588033772536013,0.0,0.003259053913177393,0.007117773746379428
40,0.01,0.0,spare,0.5975998958066098,0.4932003999122443,0.006229210303879593,0.0,0.0
40,0.01,0.0,tight,0.58,0.4932003999122443,0.006229210303879593,0.0,0.0
40,0.01,0.25,spare,0.6003188338487977,0.5257294902284854,0.004671907727909695,0.0015573025759698983,0.0014576352111078253
40,0.01,0.25,tight,0.58,0.5201391148581324,0.004671907727909695,0.0015573025759698983,0.0034011488259182584
40,0.01,0.5,spare,0.6028656262110942,0.556106759546084,0.0031146051519397966,0.0031146051519397966,0.0029152704222156507
40,0.01,0.5,tight,0.58,0.5451569046502396,0.0031146051519397966,0.0031146051519397966,0.006802297651836517
40,0.01,0.75,spare,0.6052511720514225,0.5844684473390802,0.0015573025759698983,0.004671907727909695,0.004372905633323476
40,0.01,0.75,tight,0.58,0.5683753899218748,0.0015573025759698983,0.004671907727909695,0.010203446477754775
40,0.01,1.0,spare,0.6074856804630844,0.6109421672737458,0.0,0.006229210303879593,0.005830540844431301
40,0.01,1.0,tight,0.58,0.58,0.0,0.006229210303879593,0.013604595303673033
40,0.02,0.0,spare,0.5602538865350584,0.4602922529598811,0.01240703133420347,0.0,0.0
40,0.02,0.0,tight,0.5602538865350584,0.4602922529598811,0.01240703133420347,0.0,0.0
40,0.02,0.25,spare,0.5654992807349715,0.5229564351265908,0.009305273500652602,0.0031017578335508673,0.0029032453322036128
40,0.02,0.25,tight,0.5649364366479463,0.5120498902625076,0.009305273500652602,0.0031017578335508673,0.006774239108475096
40,0.02,0.5,spare,0.5701039763434053,0.577611884899811,0.006203515667101735,0.006203515667101735,0.0058064906644072255
40,0.02,0.5,tight,0.5690470367514515,0.5566581524478459,0.006203515667101735,0.006203515667101735,0.013548478216950191
40,0.02,0.75,spare,0.5741462314796697,0.625236828770913,0.0031017578335508673,0.009305273500652602,0.008709735996610837
40,0.02,0.75,tight,0.5726555476704118,0.58,0.0031017578335508673,0.009305273500652602,0.020322717325425288
40,0.02,1.0,spare,0.5776947454263308,0.6666900077719721,0.0,0.01240703133420347,0.011612981328814451
40,0.02,1.0,tight,0.5758232970803223,0.58,0.0,0.01240703133420347,0.027096956433900383
40,0.03,0.0,spare,0.5042168827422395,0.5138140951326132,0.01816892481049824,0.0,0.0
40,0.03,0.0,tight,0.5042168827422395,0.5138140951326132,0.01816892481049824,0.0,0.0
40,0.03,0.25,spare,0.5116754157969479,0.6027942299108107,0.01362669360787368,0.00454223120262456,0.004251528405656589
40,0.03,0.25,tight,0.5108750963037452,0.58,0.01362669360787368,0.00454223120262456,0.009920232946532041
40,0.03,0.5,spare,0.5178385475073898,0.675581847885678,0.00908446240524912,0.00908446240524912,0.008503056811313178
40,0.03,0.5,tight,0.516376908367165,0.58,0.00908446240524912,0.00908446240524912,0.019840465893064083
40,0.03,0.75,spare,0.522931263756234,0.7349892725905739,0.00454223120262456,0.01362669360787368,0.012754585216969769
40,0.03,0.75,tight,0.5209231632599485,0.58,0.00454223120262456,0.01362669360787368,0.02976069883959612
40,0.03,1.0,spare,0.5271394747777995,0.7833403819544866,0.0,0.01816892481049824,0.017006113622626357
40,0.03,1.0,tight,0.5246798225772625,0.58,0.0,0.01816892481049824,0.039680931786128165
41,0.0,0.0,spare,0.6846946842730857,0.4815941992934389,0.0,0.0,0.0
41,0.0,0.0,tight,0.58,0.4815941992934389,0.0,0.0,0.0
41,0.0,0.25,spare,0.6846946842730857,0.4815941992934389,0.0,0.0,0.0
41,0.0,0.25,tight,0.58,0.4815941992934389,0.0,0.0,0.0
41,0.0,0.5,spare,0.6846946842730857,0.4815941992934389,0.0,0.0,0.0
41,0.0,0.5,tight,0.58,0.4815941992934389,0.0,0.0,0.0
41,0.0,0.75,spare,0.6846946842730857,0.4815941992934389,0.0,0.0,0.0
41,0.0,0.75,tight,0.58,0.4815941992934389,0.0,0.0,0.0
41,0.0,1.0,spare,0.6846946842730857,0.4815941992934389,0.0,0.0,0.0
41,0.0,1.0,tight,0.58,0.4815941992934389,0.0,0.0,0.0
41,0.0025,0.0,spare,0.6569977967506653,0.49674814868712025,0.001672153670211762,0.0,0.0
41,0.0025,0.0,tight,0.58,0.49674814868712025,0.001672153670211762,0.0,0.0
41,0.0025,0.25,spare,0.6577452103069015,0.5056995341812434,0.0012541152526588215,0.0004180384175529405,0.00039128395882955246
41,0.0025,0.25,tight,0.58,0.504175330133883,0.0012541152526588215,0.0004180384175529405,0.0009129959039356222
41,0.0025,0.5,spare,0.658479615595998,0.5144883163361205,0.000836076835105881,0.000836076835105881,0.0007825679176591049
41,0.0025,0.5,tight,0.58,0.5114573559916618,0.000836076835105881,0.000836076835105881,0.0018259918078712444
41,0.0025,0.75,spare,0.6592012390187374,0.5231173251615331,0.0004180384175529405,0.0012541152526588215,0.0011738518764886573
41,0.0025,0.75,tight,0.58,0.5185967526030183,0.0004180384175529405,0.0012541152526588215,0.0027389877118068665
41,0.0025,1.0,spare,0.6599103030355375,0.5315893414127056,0.0,0.001672153670211762,0.0015651358353182098
41,0.0025,1.0,tight,0.58,0.5255960023410966,0.0,0.001672153670211762,0.003651983615742489
41,0.005,0.0,spare,0.6631514731100417,0.49813704501530737,0.00329323042319457,0.0,0.0
41,0.005,0.0,tight,0.58,0.49813704501530737,0.00329323042319457,0.0,0.0
41,0.005,0.25,spare,0.6646110495073632,0.5156111340627975,0.0024699228173959272,0.0008233076057986425,0.0007706159190275295
41,0.005,0.25,tight,0.58,0.5126259431043088,0.0024699228173959272,0.0008233076057986425,0.0017981038110642354
41,0.005,0.5,spare,0.6660210179673798,0.5324651238939773,0.001646615211597285,0.001646615211597285,0.001541231838055059
41,0.005,0.5,tight,0.58,0.5265612801939513,0.001646615211597285,0.001646615211597285,0.003596207622128471
41,0.005,0.75,spare,0.6673830645597266,0.5487200903792858,0.0008233076057986425,0.0024699228173959272,0.0023118477570825886
41,0.005,0.75,tight,0.58,0.5399618706603794,0.0008233076057986425,0.0024699228173959272,0.005394311433192705
41,0.005,1.0,spare,0.668698818048072,0.5643963930645753,0.0,0.00329323042319457,0.003082463676110118
41,0.005,1.0,tight,0.58,0.5528458894185936,0.0,0.00329323042319457,0.007192415244256942
41,0.01,0.0,spare,0.6381084128236648,0.48517005280556436,0.006582956198435997,0.0,0.0
41,0.01,0.0,tight,0.58,0.48517005280556436,0.006582956198435997,0.0,0.0
41,0.01,0.25,spare,0.6409764829618685,0.5194805177826769,0.004937217148826997,0.0016457390496089992,0.0015404117504340237
41,0.01,0.25,tight,0.58,0.5135797455465542,0.004937217148826997,0.0016457390496089992,0.003594294084346055
41,0.01,0.5,spare,0.6436530053560882,0.5513966359599874,0.0032914780992179984,0.0032914780992179984,0.0030808235008680475
41,0.01,0.5,tight,0.58,0.5398520109655152,0.0032914780992179984,0.0032914780992179984,0.00718858816869211
41,0.01,0.75,spare,0.6461507727681659,0.5810783168605262,0.0016457390496089992,0.004937217148826997,0.004621235251302071
41,0.01,0.75,tight,0.58,0.5641295998885204,0.0016457390496089992,0.004937217148826997,0.010782882253038164
41,0.01,1.0,spare,0.6484817235789314,0.6086747902446603,0.0,0.006582956198435997,0.006161647001736095
41,0.01,1.0,tight,0.58,0.58,0.0,0.006582956198435997,0.01437717633738422
41,0.02,0.0,spare,0.5556442196519822,0.49386495277049913,0.012800948632053968,0.0,0.0
41,0.02,0.0,tight,0.5556442196519822,0.49386495277049913,0.012800948632053968,0.0,0.0
41,0.02,0.25,spare,0.5610452182257344,0.5583820129625024,0.009600711474040475,0.003200237158013492,0.0029954219799006297
41,0.02,0.25,tight,0.560465677395168,0.5471438566072195,0.009600711474040475,0.003200237158013492,0.006989317953101468
41,0.02,0.5,spare,0.565766941799634,0.614408135656347,0.006400474316026984,0.006400474316026984,0.005990843959801259
41,0.02,0.5,tight,0.56468074806695,0.58,0.006400474316026984,0.006400474316026984,0.013978635906202935
41,0.02,0.75,spare,0.5698948217099651,0.6630112125555855,0.003200237158013492,0.009600711474040475,0.008986265939701888
41,0.02,0.75,tight,0.5683656960047867,0.58,0.003200237158013492,0.009600711474040475,0.0209679538593044
41,0.02,1.0,spare,0.5735035447297336,0.7051248283227918,0.0,0.012800948632053968,0.011981687919602519
41,0.02,1.0,tight,0.5715871939017187,0.58,0.0,0.012800948632053968,0.02795727181240587
41,0.03,0.0,spare,0.49203748289081606,0.5057376905892894,0.017850702758027366,0.0,0.0
41,0.03,0.0,tight,0.49203748289081606,0.5057376905892894,0.017850702758027366,0.0,0.0
41,0.03,0.25,spare,0.49937724892572266,0.5933077015802437,0.013388027068520525,0.0044626756895068415,0.004177064445378405
41,0.03,0.25,tight,0.4985896734346448,0.5778935886812653,0.013388027068520525,0.0044626756895068415,0.009746483705882944
41,0.03,0.5,spare,0.5054625401691062,0.6651967776771589,0.008925351379013683,0.008925351379013683,0.00835412889075681
41,0.03,0.5,tight,0.5040219975103328,0.58,0.008925351379013683,0.008925351379013683,0.01949296741176589
41,0.03,0.75,spare,0.5105077649542953,0.724085023046644,0.0044626756895068415,0.013388027068520525,0.012531193336135216
41,0.03,0.75,tight,0.5085258568938325,0.58,0.0044626756895068415,0.013388027068520525,0.029239451117648828
41,0.03,1.0,spare,0.5146906860528971,0.7721944723337892,0.0,0.017850702758027366,0.01670825778151362
41,0.03,1.0,tight,0.5122599399609897,0.58,0.0,0.017850702758027366,0.03898593482353178
42,0.0,0.0,spare,0.6242857854665698,0.500233486569875,0.0,0.0,0.0
42,0.0,0.0,tight,0.58,0.500233486569875,0.0,0.0,0.0
42,0.0,0.25,spare,0.6242857854665698,0.500233486569875,0.0,0.0,0.0
42,0.0,0.25,tight,0.58,0.500233486569875,0.0,0.0,0.0
42,0.0,0.5,spare,0.6242857854665698,0.500233486569875,0.0,0.0,0.0
42,0.0,0.5,tight,0.58,0.500233486569875,0.0,0.0,0.0
42,0.0,0.75,spare,0.6242857854665698,0.500233486569875,0.0,0.0,0.0
42,0.0,0.75,tight,0.58,0.500233486569875,0.0,0.0,0.0
42,0.0,1.0,spare,0.6242857854665698,0.500233486569875,0.0,0.0,0.0
42,0.0,1.0,tight,0.58,0.500233486569875,0.0,0.0,0.0
42,0.0025,0.0,spare,0.6468923670998936,0.49620666505268246,0.001623625507254788,0.0,0.0
42,0.0025,0.0,tight,0.58,0.49620666505268246,0.001623625507254788,0.0,0.0
42,0.0025,0.25,spare,0.647618274087662,0.5049005740310896,0.001217719130441091,0.000405906376813697,0.00037992836869762053
42,0.0025,0.25,tight,0.58,0.503420357136624,0.001217719130441091,0.000405906376813697,0.0008864995269611144
42,0.0025,0.5,spare,0.6483319106545359,0.5134411027483161,0.000811812753627394,0.000811812753627394,0.0007598567373952411
42,0.0025,0.5,tight,0.58,0.5104971270500035,0.000811812753627394,0.000811812753627394,0.0017729990539222288
42,0.0025,0.75,spare,0.6490334842144562,0.521830843878621,0.000405906376813697,0.001217719130441091,0.0011397851060928614
42,0.0025,0.75,tight,0.58,0.5174392892665634,0.000405906376813697,0.001217719130441091,0.0026594985808833433
42,0.0025,1.0,spare,0.6497231986753269,0.5300723462708078,0.0,0.001623625507254788,0.0015197134747904821
42,0.0025,1.0,tight,0.58,0.5242491191371726,0.0,0.001623625507254788,0.0035459981078444576
42,0.005,0.0,spare,0.6620496527803219,0.4865134394152166,0.00330780389336353,0.0,0.0
42,0.005,0.0,tight,0.58,0.4865134394152166,0.00330780389336353,0.0,0.0
42,0.005,0.25,spare,0.663515576698081,0.5040634622761583,0.0024808529200226474,0.0008269509733408825,0.0007740261110470663
42,0.005,0.25,tight,0.58,0.5010652105821692,0.0024808529200226474,0.0008269509733408825,0.0018060609257764875
42,0.005,0.5,spare,0.6649314602625275,0.5209879807206919,0.001653901946681765,0.001653901946681765,0.0015480522220941326
42,0.005,0.5,tight,0.58,0.5150585955413298,0.001653901946681765,0.001653901946681765,0.003612121851552975
42,0.005,0.75,spare,0.6662990116366357,0.5373083467859977,0.0008269509733408825,0.0024808529200226474,0.0023220783331411986
42,0.005,0.75,tight,0.58,0.5285126552021935,0.0008269509733408825,0.0024808529200226474,0.005418182777329463
42,0.005,1.0,spare,0.6676198806740248,0.5530451836423136,0.0,0.00330780389336353,0.0030961044441882653
42,0.005,1.0,tight,0.58,0.5414457998165815,0.0,0.00330780389336353,0.00722424370310595
42,0.01,0.0,spare,0.5963568906487723,0.493817839519356,0.006442309046177252,0.0,0.0
42,0.01,0.0,tight,0.58,0.493817839519356,0.006442309046177252,0.0,0.0
42,0.01,0.25,spare,0.5991657331273852,0.5274208701852113,0.004831731784632939,0.001610577261544313,0.0015075003168054774
42,0.01,0.25,tight,0.58,0.5216434208347093,0.004831731784632939,0.001610577261544313,0.00351750073921278
42,0.01,0.5,spare,0.6017908573666709,0.5587274228594786,0.003221154523088626,0.003221154523088626,0.003015000633610955
42,0.01,0.5,tight,0.58,0.5474189420651726,0.003221154523088626,0.003221154523088626,0.00703500147842556
42,0.01,0.75,spare,0.6042442798437795,0.5878877035065297,0.001610577261544313,0.004831731784632939,0.004522500950416433
42,0.01,0.75,tight,0.58,0.5712784916945887,0.001610577261544313,0.004831731784632939,0.01055250221763834
42,0.01,1.0,spare,0.6065372310729445,0.6150420935542869,0.0,0.006442309046177252,0.00603000126722191
42,0.01,1.0,tight,0.58,0.58,0.0,0.006442309046177252,0.01407000295685112
42,0.02,0.0,spare,0.5624218959354772,0.5000013600730593,0.01261785463735839,0.0,0.0
42,0.02,0.0,tight,0.5624218959354772,0.5000013600730593,0.01261785463735839,0.0,0.0
42,0.02,0.25,spare,0.5677506491560147,0.5636581973446364,0.009463390978018793,0.0031544636593395974,0.002952577985141864
42,0.02,0.25,tight,0.567178860434884,0.5525740676836468,0.009463390978018793,0.0031544636593395974,0.006889348631997682
42,0.02,0.5,spare,0.5724181782035505,0.619049732453691,0.006308927318679195,0.006308927318679195,0.005905155970283728
42,0.02,0.5,tight,0.5713455517902848,0.58,0.006308927318679195,0.006308927318679195,0.013778697263995363
42,0.02,0.75,spare,0.5765065318029674,0.6672015744612623,0.0031544636593395974,0.009463390978018793,0.008857733955425592
42,0.02,0.75,tight,0.5749952146905095,0.58,0.0031544636593395974,0.009463390978018793,0.020668045895993047
42,0.02,1.0,spare,0.5800875775733609,0.7090120686060384,0.0,0.01261785463735839,0.011810311940567456
42,0.02,1.0,tight,0.5781920051770455,0.58,0.0,0.01261785463735839,0.027557394527990726
42,0.03,0.0,spare,0.5176948961604656,0.47979536819482227,0.018398679278785354,0.0,0.0
42,0.03,0.0,tight,0.5176948961604656,0.47979536819482227,0.018398679278785354,0.0,0.0
42,0.03,0.25,spare,0.5252389319575561,0.5697905247072184,0.013799009459089014,0.004599669819696338,0.004305290951235774
42,0.03,0.25,tight,0.524429437803472,0.5539314598461844,0.013799009459089014,0.004599669819696338,0.010045678886216805
42,0.03,0.5,spare,0.5314576958631652,0.643219782576095,0.009199339639392677,0.009199339639392677,0.008610581902471548
42,0.03,0.5,tight,0.5299809125865714,0.58,0.009199339639392677,0.009199339639392677,0.02009135777243361
42,0.03,0.75,spare,0.5365840003444642,0.7029932976410966,0.004599669819696338,0.013799009459089014,0.012915872853707322
42,0.03,0.75,tight,0.5345571516093705,0.58,0.004599669819696338,0.013799009459089014,0.03013703665865041
42,0.03,1.0,spare,0.5408097593592555,0.7515099943747524,0.0,0.018398679278785354,0.017221163804943096
42,0.03,1.0,tight,0.5383294759757787,0.58,0.0,0.018398679278785354,0.04018271554486722
43,0.0,0.0,spare,0.6403743144345411,0.4991737542843221,0.0,0.0,0.0
43,0.0,0.0,tight,0.58,0.4991737542843221,0.0,0.0,0.0
43,0.0,0.25,spare,0.6403743144345411,0.4991737542843221,0.0,0.0,0.0
43,0.0,0.25,tight,0.58,0.4991737542843221,0.0,0.0,0.0
43,0.0,0.5,spare,0.6403743144345411,0.4991737542843221,0.0,0.0,0.0
43,0.0,0.5,tight,0.58,0.4991737542843221,0.0,0.0,0.0
43,0.0,0.75,spare,0.6403743144345411,0.4991737542843221,0.0,0.0,0.0
43,0.0,0.75,tight,0.58,0.4991737542843221,0.0,0.0,0.0
43,0.0,1.0,spare,0.6403743144345411,0.4991737542843221,0.0,0.0,0.0
43,0.0,1.0,tight,0.58,0.4991737542843221,0.0,0.0,0.0
43,0.0025,0.0,spare,0.6448498277623856,0.5051488354226198,0.0016718492439106647,0.0,0.0
43,0.0025,0.0,tight,0.58,0.5051488354226198,0.0016718492439106647,0.0,0.0
43,0.0025,0.25,spare,0.6455971064380236,0.5140986061450192,0.0012538869329329985,0.00041796231097766617,0.0003912127230750956
43,0.0025,0.25,tight,0.58,0.5125746779915389,0.0012538869329329985,0.00041796231097766617,0.0009128296871752231
43,0.0025,0.5,spare,0.6463313815411238,0.5228858322106964,0.0008359246219553323,0.0008359246219553323,0.0007824254461501912
43,0.0025,0.5,tight,0.58,0.519855417357214,0.0008359246219553323,0.0008359246219553323,0.0018256593743504461
43,0.0025,0.75,spare,0.6470528793499197,0.5315133420975711,0.00041796231097766617,0.0012538869329329985,0.0011736381692252868
43,0.0025,0.75,tight,0.58,0.5269935784947183,0.00041796231097766617,0.0012538869329329985,0.002738489061525669
43,0.0025,1.0,spare,0.6477618222051242,0.5399839150645523,0.0,0.0016718492439106647,0.0015648508923003825
43,0.0025,1.0,tight,0.58,0.5339916424414384,0.0,0.0016718492439106647,0.0036513187487008923
43,0.005,0.0,spare,0.6238408930904283,0.48908030573139655,0.0032402226311607153,0.0,0.0
43,0.005,0.0,tight,0.58,0.48908030573139655,0.0032402226311607153,0.0,0.0
43,0.005,0.25,spare,0.625277373585127,0.5062780998194383,0.0024301669733705366,0.0008100556577901788,0.0007582120956916076
43,0.005,0.25,tight,0.58,0.5033404254028845,0.0024301669733705366,0.0008100556577901788,0.001769161556613751
43,0.005,0.5,spare,0.6266658036836901,0.5228752639557844,0.0016201113155803577,0.0016201113155803577,0.0015164241913832152
43,0.005,0.5,tight,0.58,0.517064364238209,0.0016201113155803577,0.0016201113155803577,0.003538323113227502
43,0.005,0.75,spare,0.6280077906760021,0.5388918892639943,0.0008100556577901788,0.0024301669733705366,0.002274636287074823
43,0.005,0.75,tight,0.58,0.5302700575324703,0.0008100556577901788,0.0024301669733705366,0.005307484669841253
43,0.005,1.0,spare,0.6293048880879633,0.554347394817816,0.0,0.0032402226311607153,0.0030328483827664304
43,0.005,1.0,tight,0.58,0.5429748406436038,0.0,0.0032402226311607153,0.007076646226455004
43,0.01,0.0,spare,0.6134786526490271,0.501557722272894,0.006363682703452105,0.0,0.0
43,0.01,0.0,tight,0.58,0.501557722272894,0.006363682703452105,0.0,0.0
43,0.01,0.25,spare,0.6162543467994493,0.5347647974005644,0.004772762027589078,0.0015909206758630261,0.0014891017526077928
43,0.01,0.25,tight,0.58,0.5290563407139577,0.004772762027589078,0.0015909206758630261,0.00347457075608485
43,0.01,0.5,spare,0.6188506333954592,0.5657292780980792,0.0031818413517260523,0.0031818413517260523,0.0029782035052155855
43,0.01,0.5,tight,0.58,0.5545530007889061,0.0031818413517260523,0.0031818413517260523,0.0069491415121697
43,0.01,0.75,spare,0.6212791084807257,0.5945961149113016,0.0015909206758630261,0.004772762027589078,0.004467305257823379
43,0.01,0.75,tight,0.58,0.5781770994827949,0.0015909206758630261,0.004772762027589078,0.010423712268254549
43,0.01,1.0,spare,0.6235506185862831,0.6215008894781623,0.0,0.006363682703452105,0.005956407010431171
43,0.01,1.0,tight,0.58,0.58,0.0,0.006363682703452105,0.0138982830243394
43,0.02,0.0,spare,0.5203903157607571,0.5194022801831696,0.01236144425778966,0.0,0.0
43,0.02,0.0,tight,0.5203903157607571,0.5194022801831696,0.01236144425778966,0.0,0.0
43,0.02,0.25,spare,0.5256176606643931,0.5818515135222981,0.009271083193342244,0.003090361064447415,0.0028925779563227813
43,0.02,0.25,tight,0.5250567533125873,0.5709834010162933,0.009271083193342244,0.003090361064447415,0.006749348564753156
43,0.02,0.5,spare,0.5302087086524748,0.6363470354169961,0.00618072212889483,0.00618072212889483,0.005785155912645563
43,0.02,0.5,tight,0.5291551702199805,0.58,0.00618072212889483,0.00618072212889483,0.013498697129506312
43,0.02,0.75,spare,0.5342409127670736,0.6838570088931585,0.003090361064447415,0.009271083193342244,0.008677733868968343
43,0.02,0.75,tight,0.5327547086173646,0.58,0.003090361064447415,0.009271083193342244,0.020248045694259465
43,0.02,1.0,spare,0.5377822981030568,0.7252317476366257,0.0,0.01236144425778966,0.011570311825291125
43,0.02,1.0,tight,0.5359160943345836,0.58,0.0,0.01236144425778966,0.026997394259012625
43,0.03,0.0,spare,0.466275921802585,0.48311530446391093,0.017877346148473115,0.0,0.0
43,0.03,0.0,tight,0.466275921802585,0.48311530446391093,0.017877346148473115,0.0,0.0
43,0.03,0.25,spare,0.47362564692819503,0.5708035695352935,0.013408009611354837,0.004469336537118279,0.00418329899874271
43,0.03,0.25,tight,0.47283700280145297,0.5553677859526942,0.013408009611354837,0.004469336537118279,0.009761030997066322
43,0.03,0.5,spare,0.4797174906402892,0.6427683169377284,0.008938673074236557,0.008938673074236557,0.00836659799748542
43,0.03,0.5,tight,0.47827517624935817,0.58,0.008938673074236557,0.008938673074236557,0.019522061994132645
43,0.03,0.75,spare,0.484766735228127,0.7017005752869578,0.004469336537118279,0.013408009611354837,0.01254989699622813
43,0.03,0.75,tight,0.48278262410049805,0.58,0.004469336537118279,0.013408009611354837,0.029283092991198967
43,0.03,1.0,spare,0.4889518181213722,0.7498308124537807,0.0,0.017877346148473115,0.01673319599497084
43,0.03,1.0,tight,0.48651863699625647,0.58,0.0,0.017877346148473115,0.03904412398826529
44,0.0,0.0,spare,0.6512440869081414,0.4910978295054094,0.0,0.0,0.0
44,0.0,0.0,tight,0.58,0.4910978295054094,0.0,0.0,0.0
44,0.0,0.25,spare,0.6512440869081414,0.4910978295054094,0.0,0.0,0.0
44,0.0,0.25,tight,0.58,0.4910978295054094,0.0,0.0,0.0
44,0.0,0.5,spare,0.6512440869081414,0.4910978295054094,0.0,0.0,0.0
44,0.0,0.5,tight,0.58,0.4910978295054094,0.0,0.0,0.0
44,0.0,0.75,spare,0.6512440869081414,0.4910978295054094,0.0,0.0,0.0
44,0.0,0.75,tight,0.58,0.4910978295054094,0.0,0.0,0.0
44,0.0,1.0,spare,0.6512440869081414,0.4910978295054094,0.0,0.0,0.0
44,0.0,1.0,tight,0.58,0.4910978295054094,0.0,0.0,0.0
44,0.0025,0.0,spare,0.6680585359720199,0.49220372705344423,0.0016150712252524396,0.0,0.0
44,0.0025,0.0,tight,0.58,0.49220372705344423,0.0016150712252524396,0.0,0.0
44,0.0025,0.25,spare,0.6687806507620144,0.5008522352616664,0.0012113034189393298,0.0004037678063131099,0.000377926666709071
44,0.0025,0.25,tight,0.58,0.4993797737085455,0.0012113034189393298,0.0004037678063131099,0.0008818288889878321
44,0.0025,0.5,spare,0.6694906229996168,0.5093489615649868,0.0008075356126262198,0.0008075356126262198,0.000755853333418142
44,0.0025,0.5,tight,0.58,0.5064203250416852,0.0008075356126262198,0.0008075356126262198,0.0017636577779756642
44,0.0025,0.75,spare,0.6701886568650773,0.5176964582165342,0.0004037678063131099,0.0012113034189393298,0.001133780000127213
44,0.0025,0.75,tight,0.58,0.5133276594427656,0.0004037678063131099,0.0012113034189393298,0.0026454866669634964
44,0.0025,1.0,spare,0.6708749531053011,0.5258972345526226,0.0,0.0016150712252524396,0.001511706666836284
44,0.0025,1.0,tight,0.58,0.5201040169899561,0.0,0.0016150712252524396,0.0035273155559513284
44,0.005,0.0,spare,0.6290166670420252,0.48721686937900344,0.0032576311745795058,0.0,0.0
44,0.005,0.0,tight,0.58,0.48721686937900344,0.0032576311745795058,0.0,0.0
44,0.005,0.25,spare,0.6304607339906229,0.504505420541622,0.0024432233809346293,0.0008144077936448764,0.0007622856948516046
44,0.005,0.25,tight,0.58,0.501552139087973,0.0024432233809346293,0.0008144077936448764,0.0017786666213204104
44,0.005,0.5,spare,0.6318562416677964,0.5211869808114407,0.0016288155872897529,0.0016288155872897529,0.0015245713897032091
44,0.005,0.5,tight,0.58,0.5153455495647711,0.0016288155872897529,0.0016288155872897529,0.003557333242640821
44,0.005,0.75,spare,0.6332048229637964,0.5372819613165888,0.0008144077936448764,0.0024432233809346293,0.002286857084554814
44,0.005,0.75,tight,0.58,0.5286153217717664,0.0008144077936448764,0.0024432233809346293,0.005335999863961232
44,0.005,1.0,spare,0.6345080558600886,0.5528100868253899,0.0,0.0032576311745795058,0.0030491427794064182
44,0.005,1.0,tight,0.58,0.541379063959668,0.0,0.0032576311745795058,0.007114666485281642
44,0.01,0.0,spare,0.6466930020076265,0.4689164959640323,0.006588989887720056,0.0,0.0
44,0.01,0.0,tight,0.58,0.4689164959640323,0.006588989887720056,0.0,0.0
44,0.01,0.25,spare,0.6495636110253454,0.5032572850517928,0.004941742415790042,0.001647247471930014,0.0015418236337264937
44,0.01,0.25,tight,0.58,0.4973512249520595,0.004941742415790042,0.001647247471930014,0.003597588478695151
44,0.01,0.5,spare,0.6522423330243281,0.5351994864053502,0.003294494943860028,0.003294494943860028,0.0030836472674529874
44,0.01,0.5,tight,0.58,0.5236447407466626,0.003294494943860028,0.003294494943860028,0.007195176957390302
44,0.01,0.75,spare,0.6547419947698123,0.5649034345901757,0.001647247471930014,0.004941742415790042,0.0046254709011794804
44,0.01,0.75,tight,0.58,0.5479401736082247,0.001647247471930014,0.004941742415790042,0.010792765436085454
44,0.01,1.0,spare,0.6570745656167347,0.5925187465429799,0.0,0.006588989887720056,0.006167294534905975
44,0.01,1.0,tight,0.58,0.5703710861970881,0.0,0.006588989887720056,0.014390353914780604
44,0.02,0.0,spare,0.5264436711369255,0.4991309056922956,0.012376832584953552,0.0,0.0
44,0.02,0.0,tight,0.5264436711369255,0.4991309056922956,0.012376832584953552,0.0,0.0
44,0.02,0.25,spare,0.5316771097086442,0.5616527090139016,0.009282624438715165,0.003094208146238388,0.0028961788248791317
44,0.02,0.25,tight,0.5311155484908144,0.5507716220245245,0.009282624438715165,0.003094208146238388,0.006757750591384641
44,0.02,0.5,spare,0.5362727670004647,0.6162022463367783,0.006188416292476776,0.006188416292476776,0.005792357649758263
44,0.02,0.5,tight,0.5352180801119776,0.58,0.006188416292476776,0.006188416292476776,0.013515501182769282
44,0.02,0.75,spare,0.5403083672381351,0.663751070482781,0.003094208146238388,0.009282624438715165,0.008688536474637397
44,0.02,0.75,tight,0.5388206502198235,0.58,0.003094208146238388,0.009282624438715165,0.020273251774153924
44,0.02,1.0,spare,0.5438521626615392,0.705152334450452,0.0,0.012376832584953552,0.011584715299516527
44,0.02,1.0,tight,0.5419841874159771,0.58,0.0,0.012376832584953552,0.027031002365538563
44,0.03,0.0,spare,0.5247545801740013,0.49400581919865233,0.018705374775114032,0.0,0.0
44,0.03,0.0,tight,0.5247545801740013,0.49400581919865233,0.018705374775114032,0.0,0.0
44,0.03,0.25,spare,0.532412431213674,0.5853518994971839,0.014029031081335524,0.004676343693778508,0.004377057697376685
44,0.03,0.25,tight,0.5315907243957062,0.5692444873427501,0.014029031081335524,0.004676343693778508,0.010213134627212263
44,0.03,0.5,spare,0.5387047205323655,0.6596284582834508,0.009352687387557016,0.009352687387557016,0.00875411539475337
44,0.03,0.5,tight,0.5372078351287854,0.58,0.009352687387557016,0.009352687387557016,0.020426269254424527
44,0.03,0.75,spare,0.5438749575433758,0.7198793632237023,0.004676343693778508,0.014029031081335524,0.013131173092130055
44,0.03,0.75,tight,0.5418232926095532,0.58,0.004676343693778508,0.014029031081335524,0.03063940388163679
44,0.03,1.0,spare,0.5481232286250334,0.768605694047046,0.0,0.018705374775114032,0.01750823078950674
44,0.03,1.0,tight,0.545615713441018,0.58,0.0,0.018705374775114032,0.040852538508849054
45,0.0,0.0,spare,0.6607490661668929,0.49480655817983527,0.0,0.0,0.0
45,0.0,0.0,tight,0.58,0.49480655817983527,0.0,0.0,0.0
45,0.0,0.25,spare,0.6607490661668929,0.49480655817983527,0.0,0.0,0.0
45,0.0,0.25,tight,0.58,0.49480655817983527,0.0,0.0,0.0
45,0.0,0.5,spare,0.6607490661668929,0.49480655817983527,0.0,0.0,0.0
45,0.0,0.5,tight,0.58,0.49480655817983527,0.0,0.0,0.0
45,0.0,0.75,spare,0.6607490661668929,0.49480655817983527,0.0,0.0,0.0
45,0.0,0.75,tight,0.58,0.49480655817983527,0.0,0.0,0.0
45,0.0,1.0,spare,0.6607490661668929,0.49480655817983527,0.0,0.0,0.0
45,0.0,1.0,tight,0.58,0.49480655817983527,0.0,0.0,0.0
45,0.0025,0.0,spare,0.6432667010131671,0.49390323480697684,0.0015968274019337312,0.0,0.0
45,0.0025,0.0,tight,0.58,0.49390323480697684,0.0015968274019337312,0.0,0.0
45,0.0025,0.25,spare,0.6439807269979935,0.502454902005254,0.0011976205514502983,0.0003992068504834328,0.0003736576120524932
45,0.0025,0.25,tight,0.58,0.5009989818911059,0.0011976205514502983,0.0003992068504834328,0.0008718677614558174
45,0.0025,0.5,spare,0.6446828809376678,0.5108581686391312,0.0007984137009668656,0.0007984137009668656,0.0007473152241049864
45,0.0025,0.5,tight,0.58,0.5079622521673728,0.0007984137009668656,0.0007984137009668656,0.0017437355229116347
45,0.0025,0.75,spare,0.6453733602276059,0.5191155021513046,0.0003992068504834328,0.0011976205514502983,0.0011209728361574794
45,0.0025,0.75,tight,0.58,0.5147952483156208,0.0003992068504834328,0.0011976205514502983,0.0026156032843674517
45,0.0025,1.0,spare,0.6460523589811478,0.5272293289585251,0.0,0.0015968274019337312,0.0014946304482099729
45,0.0025,1.0,tight,0.58,0.5215001363919364,0.0,0.0015968274019337312,0.0034874710458232695
45,0.005,0.0,spare,0.6308370487616273,0.5167112002260902,0.003300916876392709,0.0,0.0
45,0.005,0.0,tight,0.58,0.5167112002260902,0.003300916876392709,0.0,0.0
45,0.005,0.25,spare,0.6322999731386879,0.5342253403902717,0.0024756876572945316,0.0008252292190981772,0.0007724145490758941
45,0.005,0.25,tight,0.58,0.5312332606745324,0.0024756876572945316,0.0008252292190981772,0.0018023006145104195
45,0.005,0.5,spare,0.6337130617358258,0.55111653330542,0.0016504584381963545,0.0016504584381963545,0.0015448290981517883
45,0.005,0.5,tight,0.58,0.5451992176920194,0.0016504584381963545,0.0016504584381963545,0.003604601229020839
45,0.005,0.75,spare,0.6350780122518418,0.5674060002065446,0.0008252292190981772,0.0024756876572945316,0.002317243647227682
45,0.005,0.75,tight,0.58,0.5586280154212796,0.0008252292190981772,0.0024756876572945316,0.005406901843531258
45,0.005,1.0,spare,0.6363964645519636,0.5831142394089913,0.0,0.003300916876392709,0.0030896581963035766
45,0.005,1.0,tight,0.58,0.571537952656489,0.0,0.003300916876392709,0.007209202458041678
45,0.01,0.0,spare,0.594458689361166,0.501422265300114,0.006537409267354131,0.0,0.0
45,0.01,0.0,tight,0.58,0.501422265300114,0.006537409267354131,0.0,0.0
45,0.01,0.25,spare,0.5973075888916705,0.5355037556628592,0.004903056950515598,0.0016343523168385328,0.001529753768560867
45,0.01,0.25,tight,0.58,0.5296429072539276,0.004903056950515598,0.0016343523168385328,0.0035694254599753557
45,0.01,0.5,spare,0.5999674927875134,0.5672228005923343,0.0032687046336770656,0.0032687046336770656,0.003059507537121734
45,0.01,0.5,tight,0.58,0.555754600154792,0.0032687046336770656,0.0032687046336770656,0.0071388509199507115
45,0.01,0.75,spare,0.602450938995203,0.5967361244198933,0.0016343523168385328,0.004903056950515598,0.004589261305682601
45,0.01,0.75,tight,0.58,0.5798972514162412,0.0016343523168385328,0.004903056950515598,0.010708276379926067
45,0.01,1.0,spare,0.6047696336954614,0.6241900544045641,0.0,0.006537409267354131,0.006119015074243468
45,0.01,1.0,tight,0.58,0.58,0.0,0.006537409267354131,0.014277701839901423
45,0.02,0.0,spare,0.5773439833910914,0.49132729034675454,0.012881068140690762,0.0,0.0
45,0.02,0.0,tight,0.5773439833910914,0.49132729034675454,0.012881068140690762,0.0,0.0
45,0.02,0.25,spare,0.5827765519154786,0.556220226956674,0.009660801105518072,0.0032202670351726905,0.003014169944921639
45,0.02,0.25,tight,0.58,0.5449147291186137,0.009660801105518072,0.0032202670351726905,0.007033063204817156
45,0.02,0.5,spare,0.5875218812266543,0.612522673401447,0.006440534070345381,0.006440534070345381,0.006028339889843278
45,0.02,0.5,tight,0.58,0.58,0.006440534070345381,0.006440534070345381,0.014066126409634313
45,0.02,0.75,spare,0.5916669095259599,0.6613213571978451,0.0032202670351726905,0.009660801105518072,0.009042509834764918
45,0.02,0.75,tight,0.58,0.58,0.0032202670351726905,0.009660801105518072,0.021099189614451473
45,0.02,1.0,spare,0.5952875770234887,0.7035655309720336,0.0,0.012881068140690762,0.012056679779686556
45,0.02,1.0,tight,0.58,0.58,0.0,0.012881068140690762,0.028132252819268625
45,0.03,0.0,spare,0.5071172720780243,0.4935378903397038,0.018268362347329176,0.0,0.0
45,0.03,0.0,tight,0.5071172720780243,0.4935378903397038,0.018268362347329176,0.0,0.0
45,0.03,0.25,spare,0.5146128359655073,0.5829576421439676,0.013701271760496882,0.004567090586832294,0.004274796789275029
45,0.03,0.25,tight,0.5138085429701291,0.5672042506493732,0.013701271760496882,0.004567090586832294,0.009974525841641732
45,0.03,0.5,spare,0.5208001035137734,0.6560236897080173,0.009134181173664588,0.009134181173664588,0.008549593578550058
45,0.03,0.5,tight,0.5193319010348256,0.58,0.009134181173664588,0.009134181173664588,0.019949051683283463
45,0.03,0.75,spare,0.5259074283646432,0.7155904535546154,0.004567090586832294,0.013701271760496882,0.012824390367825084
45,0.03,0.75,tight,0.5238911969896259,0.58,0.004567090586832294,0.013701271760496882,0.029923577524925193
45,0.03,1.0,spare,0.5301233066871546,0.764014135796733,0.0,0.018268362347329176,0.017099187157100116
45,0.03,1.0,tight,0.5276547008870691,0.58,0.0,0.018268362347329176,0.03989810336656693
46,0.0,0.0,spare,0.6920623668698576,0.49285607034937773,0.0,0.0,0.0
46,0.0,0.0,tight,0.58,0.49285607034937773,0.0,0.0,0.0
46,0.0,0.25,spare,0.6920623668698576,0.49285607034937773,0.0,0.0,0.0
46,0.0,0.25,tight,0.58,0.49285607034937773,0.0,0.0,0.0
46,0.0,0.5,spare,0.6920623668698576,0.49285607034937773,0.0,0.0,0.0
46,0.0,0.5,tight,0.58,0.49285607034937773,0.0,0.0,0.0
46,0.0,0.75,spare,0.6920623668698576,0.49285607034937773,0.0,0.0,0.0
46,0.0,0.75,tight,0.58,0.49285607034937773,0.0,0.0,0.0
46,0.0,1.0,spare,0.6920623668698576,0.49285607034937773,0.0,0.0,0.0
46,0.0,1.0,tight,0.58,0.49285607034937773,0.0,0.0,0.0
46,0.0025,0.0,spare,0.6484788552685172,0.4935747576399685,0.00162746790872902,0.0,0.0
46,0.0025,0.0,tight,0.58,0.4935747576399685,0.00162746790872902,0.0,0.0
46,0.0025,0.25,spare,0.6492064655199858,0.5022890582926832,0.0012206009315467651,0.000406866977182255,0.0003808274906425908
46,0.0025,0.25,tight,0.58,0.500805358012579,0.0012206009315467651,0.000406866977182255,0.000888597478166045
46,0.0025,0.5,spare,0.6499217477005238,0.5108492580587658,0.00081373395436451,0.00081373395436451,0.0007616549812851816
46,0.0025,0.5,tight,0.58,0.5078983929141124,0.00081373395436451,0.00081373395436451,0.00177719495633209
46,0.0025,0.75,spare,0.6506249106875248,0.5192579679056362,0.000406866977182255,0.0012206009315467651,0.0011424824719277725
46,0.0025,0.75,tight,0.58,0.5148561931485697,0.000406866977182255,0.0012206009315467651,0.0026657924344981355
46,0.0025,1.0,spare,0.6513161598193239,0.5275177545624813,0.0,0.00162746790872902,0.0015233099625703633
46,0.0025,1.0,tight,0.58,0.5216810500285931,0.0,0.00162746790872902,0.00355438991266418
46,0.005,0.0,spare,0.6592867048371306,0.5079156120885959,0.0032532235979143244,0.0,0.0
46,0.005,0.0,tight,0.58,0.5079156120885959,0.0032532235979143244,0.0,0.0
46,0.005,0.25,spare,0.6607288511428518,0.525181186588199,0.002439917698435743,0.0008133058994785811,0.0007612543219119521
46,0.005,0.25,tight,0.58,0.5222318564215528,0.002439917698435743,0.0008133058994785811,0.0017762600844612212
46,0.005,0.5,spare,0.662122567261187,0.541841383745477,0.0016266117989571622,0.0016266117989571622,0.0015225086438239042
46,0.005,0.5,tight,0.58,0.5360076819347587,0.0016266117989571622,0.0016266117989571622,0.0035525201689224424
46,0.005,0.75,spare,0.6634694795757013,0.5579165333549945,0.0008133058994785811,0.002439917698435743,0.0022837629657358562
46,0.005,0.75,tight,0.58,0.5492612369843158,0.0008133058994785811,0.002439917698435743,0.005328780253383664
46,0.005,1.0,spare,0.6647711598527132,0.5734262824957309,0.0,0.0032532235979143244,0.0030450172876478085
46,0.005,1.0,tight,0.58,0.5620100604678523,0.0,0.0032532235979143244,0.007105040337844885
46,0.01,0.0,spare,0.6313879891711969,0.4900907937706525,0.0065595330062672656,0.0,0.0
46,0.01,0.0,tight,0.58,0.4900907937706525,0.0065595330062672656,0.0,0.0
46,0.01,0.25,spare,0.6342462016820724,0.5242835194331292,0.00491964975470045,0.0016398832515668164,0.0015349307234665407
46,0.01,0.25,tight,0.58,0.5184032770877999,0.00491964975470045,0.0016398832515668164,0.0035815050214219276
46,0.01,0.5,spare,0.6369141808947613,0.5560983288682735,0.0032797665031336328,0.0032797665031336328,0.0030698614469330814
46,0.01,0.5,tight,0.58,0.5445930006133347,0.0032797665031336328,0.0032797665031336328,0.007163010042843855
46,0.01,0.75,spare,0.6394045881168469,0.5856934884208781,0.0016398832515668164,0.00491964975470045,0.004604792170399622
46,0.01,0.75,tight,0.58,0.5688012483122802,0.0016398832515668164,0.00491964975470045,0.010744515064265783
46,0.01,1.0,spare,0.6417292419605948,0.6132167307442598,0.0,0.0065595330062672656,0.006139722893866163
46,0.01,1.0,tight,0.58,0.58,0.0,0.0065595330062672656,0.01432602008568771
46,0.02,0.0,spare,0.5688289853528468,0.4856765238535603,0.013100302559845846,0.0,0.0
46,0.02,0.0,tight,0.5688289853528468,0.4856765238535603,0.013100302559845846,0.0,0.0
46,0.02,0.25,spare,0.5743478044337789,0.5515962915662092,0.009825226919884385,0.0032750756399614615,0.003065470799003929
46,0.02,0.25,tight,0.57375562116429,0.5401067062989248,0.009825226919884385,0.0032750756399614615,0.0071527651976758325
46,0.02,0.5,spare,0.5791573890687336,0.6086506287041381,0.006550151279922923,0.006550151279922923,0.006130941598007858
46,0.02,0.5,tight,0.5780491251826771,0.58,0.006550151279922923,0.006550151279922923,0.014305530395351665
46,0.02,0.75,spare,0.5833488843907517,0.6579788494303606,0.0032750756399614615,0.009825226919884385,0.009196412397011787
46,0.02,0.75,tight,0.58,0.58,0.0032750756399614615,0.009825226919884385,0.021458295593027497
46,0.02,1.0,spare,0.5870017222900614,0.7005738523727274,0.0,0.013100302559845846,0.012261883196015715
46,0.02,1.0,tight,0.58,0.58,0.0,0.013100302559845846,0.02861106079070333
46,0.03,0.0,spare,0.5239953153775818,0.4935602583078959,0.018756308960600588,0.0,0.0
46,0.03,0.0,tight,0.5239953153775818,0.4935602583078959,0.018756308960600588,0.0,0.0
46,0.03,0.25,spare,0.5316720327200617,0.5851302487921135,0.014067231720450442,0.004689077240150147,0.004388976296780539
46,0.03,0.25,tight,0.5308483015000042,0.5689816401456881,0.014067231720450442,0.004689077240150147,0.010240944692487923
46,0.03,0.5,spare,0.5379764515072991,0.6595465073358008,0.009378154480300294,0.009378154480300294,0.008777952593561077
46,0.03,0.5,tight,0.536476240178924,0.58,0.009378154480300294,0.009378154480300294,0.020481889384975846
46,0.03,0.75,spare,0.5431538853597787,0.7198754541950149,0.004689077240150147,0.014067231720450442,0.013166928890341618
46,0.03,0.75,tight,0.5410981222618381,0.58,0.004689077240150147,0.014067231720450442,0.030722834077463772
46,0.03,1.0,spare,0.5474057953615487,0.7686353529203592,0.0,0.018756308960600588,0.017555905187122155
46,0.03,1.0,tight,0.5448937915480678,0.58,0.0,0.018756308960600588,0.04096377876995169
47,0.0,0.0,spare,0.6731139468709022,0.48479386375156186,0.0,0.0,0.0
47,0.0,0.0,tight,0.58,0.48479386375156186,0.0,0.0,0.0
47,0.0,0.25,spare,0.6731139468709022,0.48479386375156186,0.0,0.0,0.0
47,0.0,0.25,tight,0.58,0.48479386375156186,0.0,0.0,0.0
47,0.0,0.5,spare,0.6731139468709022,0.48479386375156186,0.0,0.0,0.0
47,0.0,0.5,tight,0.58,0.48479386375156186,0.0,0.0,0.0
47,0.0,0.75,spare,0.6731139468709022,0.48479386375156186,0.0,0.0,0.0
47,0.0,0.75,tight,0.58,0.48479386375156186,0.0,0.0,0.0
47,0.0,1.0,spare,0.6731139468709022,0.48479386375156186,0.0,0.0,0.0
47,0.0,1.0,tight,0.58,0.48479386375156186,0.0,0.0,0.0
47,0.0025,0.0,spare,0.6625501162303175,0.5053117534668217,0.001669367693319289,0.0,0.0
47,0.0025,0.0,tight,0.58,0.5053117534668217,0.001669367693319289,0.0,0.0
47,0.0025,0.25,spare,0.6632962954019941,0.5142483610725423,0.0012520257699894669,0.00041734192332982227,0.0003906320402367138
47,0.0025,0.25,tight,0.58,0.512726681907355,0.0012520257699894669,0.00041734192332982227,0.0009114747605523318
47,0.0025,0.5,spare,0.6640295092384377,0.5230229019878512,0.0008346838466596445,0.0008346838466596445,0.0007812640804734276
47,0.0025,0.5,tight,0.58,0.5199969338239588,0.0008346838466596445,0.0008346838466596445,0.0018229495211046637
47,0.0025,0.75,spare,0.6647499830205515,0.5316381922240374,0.00041734192332982227,0.0012520257699894669,0.0011718961207101413
47,0.0025,0.75,tight,0.58,0.5271250230627765,0.00041734192332982227,0.0012520257699894669,0.002734424281656996
47,0.0025,1.0,spare,0.6654579381148404,0.5400969988624124,0.0,0.001669367693319289,0.0015625281609468551
47,0.0025,1.0,tight,0.58,0.5341134197902844,0.0,0.001669367693319289,0.0036458990422093274
47,0.005,0.0,spare,0.6306816736359947,0.48117688996044583,0.0032226816770590423,0.0,0.0
47,0.005,0.0,tight,0.58,0.48117688996044583,0.0032226816770590423,0.0,0.0
47,0.005,0.25,spare,0.6321105085709429,0.4982832191348665,0.0024170112577942817,0.0008056704192647606,0.0007541075124318161
47,0.005,0.25,tight,0.58,0.49536127234513616,0.0024170112577942817,0.0008056704192647606,0.0017595841956742375
47,0.005,0.5,spare,0.6334918032378367,0.514795294958607,0.0016113408385295212,0.0016113408385295212,0.0015082150248636322
47,0.005,0.5,tight,0.58,0.5090151662692343,0.0016113408385295212,0.0016113408385295212,0.003519168391348475
47,0.005,0.75,spare,0.6348271393988737,0.5307328894591373,0.0008056704192647606,0.0024170112577942817,0.0022623225372954484
47,0.005,0.75,tight,0.58,0.5221562221715693,0.0008056704192647606,0.0024170112577942817,0.005278752587022712
47,0.005,1.0,spare,0.6361180461877797,0.5461151168080312,0.0,0.0032226816770590423,0.0030164300497272645
47,0.005,1.0,tight,0.58,0.5348015032246792,0.0,0.0032226816770590423,0.00703833678269695
47,0.01,0.0,spare,0.606154914774961,0.5002252658059454,0.006539220096244702,0.0,0.0
47,0.01,0.0,tight,0.58,0.5002252658059454,0.006539220096244702,0.0,0.0
47,0.01,0.25,spare,0.6090045766545641,0.5343158617984626,0.004904415072183527,0.0016348050240611756,0.001530177502521261
47,0.01,0.25,tight,0.58,0.5284534258860456,0.004904415072183527,0.0016348050240611756,0.003570414172549608
47,0.01,0.5,spare,0.6116651417376865,0.5660427478349723,0.003269610048122351,0.003269610048122351,0.003060355005042522
47,0.01,0.5,tight,0.58,0.554571508076953,0.003269610048122351,0.003269610048122351,0.007140828345099216
47,0.01,0.75,spare,0.6141491580387771,0.5955627740960835,0.0016348050240611756,0.004904415072183527,0.004590532507563782
47,0.01,0.75,tight,0.58,0.5787195321375118,0.0016348050240611756,0.004904415072183527,0.010711242517648826
47,0.01,1.0,spare,0.616468340915838,0.6230223825568237,0.0,0.006539220096244702,0.006120710010085044
47,0.01,1.0,tight,0.58,0.58,0.0,0.006539220096244702,0.014281656690198432
47,0.02,0.0,spare,0.5661683744584068,0.49887306107860535,0.012652125178104807,0.0,0.0
47,0.02,0.0,tight,0.5661683744584068,0.49887306107860535,0.012652125178104807,0.0,0.0
47,0.02,0.25,spare,0.5715106607398236,0.5626910423046378,0.009489093883578605,0.0031630312945262018,0.0029605972916765255
47,0.02,0.25,tight,0.5709374198869742,0.5515780685884506,0.009489093883578605,0.0031630312945262018,0.006908060347245225
47,0.02,0.5,spare,0.5761883600541992,0.6182016864426566,0.0063260625890524036,0.0063260625890524036,0.005921194583353051
47,0.02,0.5,tight,0.5751131902138161,0.58,0.0063260625890524036,0.0063260625890524036,0.01381612069449045
47,0.02,0.75,spare,0.5802841478355137,0.66643843641741,0.0031630312945262018,0.009489093883578605,0.008881791875029577
47,0.02,0.75,tight,0.5787694895893859,0.58,0.0031630312945262018,0.009489093883578605,0.02072418104173568
47,0.02,1.0,spare,0.5838704145923378,0.7083061735860349,0.0,0.012652125178104807,0.011842389166706102
47,0.02,1.0,tight,0.58,0.58,0.0,0.012652125178104807,0.0276322413889809
47,0.03,0.0,spare,0.508065964040403,0.5030620582465873,0.018301148981201165,0.0,0.0
47,0.03,0.0,tight,0.508065964040403,0.5030620582465873,0.018301148981201165,0.0,0.0
47,0.03,0.25,spare,0.5155737292939563,0.5926266550544013,0.013725861735900874,0.004575287245300291,0.004282468861601074
47,0.03,0.25,tight,0.5147681270610862,0.5768466686613904,0.013725861735900874,0.004575287245300291,0.009992427343735838
47,0.03,0.5,spare,0.5217689354216138,0.6657842627885203,0.009150574490600583,0.009150574490600583,0.008564937723202147
47,0.03,0.5,tight,0.5202985718754929,0.58,0.009150574490600583,0.009150574490600583,0.019984854687471677
47,0.03,0.75,spare,0.526881053031578,0.725403264051471,0.004575287245300291,0.013725861735900874,0.012847406584803222
47,0.03,0.75,tight,0.5248621463141941,0.58,0.004575287245300291,0.013725861735900874,0.029977282031207513
47,0.03,1.0,spare,0.5310994351030696,0.7738505710835146,0.0,0.018301148981201165,0.017129875446404295
47,0.03,1.0,tight,0.5286278853020084,0.58,0.0,0.018301148981201165,0.03996970937494335
48,0.0,0.0,spare,0.667499514474104,0.49222690816129044,0.0,0.0,0.0
48,0.0,0.0,tight,0.58,0.49222690816129044,0.0,0.0,0.0
48,0.0,0.25,spare,0.667499514474104,0.49222690816129044,0.0,0.0,0.0
48,0.0,0.25,tight,0.58,0.49222690816129044,0.0,0.0,0.0
48,0.0,0.5,spare,0.667499514474104,0.49222690816129044,0.0,0.0,0.0
48,0.0,0.5,tight,0.58,0.49222690816129044,0.0,0.0,0.0
48,0.0,0.75,spare,0.667499514474104,0.49222690816129044,0.0,0.0,0.0
48,0.0,0.75,tight,0.58,0.49222690816129044,0.0,0.0,0.0
48,0.0,1.0,spare,0.667499514474104,0.49222690816129044,0.0,0.0,0.0
48,0.0,1.0,tight,0.58,0.49222690816129044,0.0,0.0,0.0
48,0.0025,0.0,spare,0.6371138692090115,0.4803380199500845,0.0016028892350486096,0.0,0.0
48,0.0025,0.0,tight,0.58,0.4803380199500845,0.0016028892350486096,0.0,0.0
48,0.0025,0.25,spare,0.6378305830143748,0.48892186643612445,0.0012021669262864572,0.0004007223087621524,0.0003750760810013748
48,0.0025,0.25,tight,0.58,0.48746044990562837,0.0012021669262864572,0.0004007223087621524,0.000875177522336541
48,0.0025,0.5,spare,0.6385353352260627,0.49735619300122136,0.0008014446175243048,0.0008014446175243048,0.0007501521620027496
48,0.0025,0.5,tight,0.58,0.4944494038065599,0.0008014446175243048,0.0008014446175243048,0.001750355044673082
48,0.0025,0.75,spare,0.6392283254770696,0.505643495057808,0.0004007223087621524,0.0012021669262864572,0.0011252282430041242
48,0.0025,0.75,tight,0.58,0.5013071093012357,0.0004007223087621524,0.0012021669262864572,0.0026255325670096227
48,0.0025,1.0,spare,0.6399097500686161,0.5137862263711364,0.0,0.0016028892350486096,0.0015003043240054991
48,0.0025,1.0,tight,0.58,0.5080357568596793,0.0,0.0016028892350486096,0.003500710089346164
48,0.005,0.0,spare,0.6434360323363842,0.4946897945447961,0.003200631617274537,0.0,0.0
48,0.005,0.0,tight,0.58,0.4946897945447961,0.003200631617274537,0.0,0.0
48,0.005,0.25,spare,0.6448552543339023,0.5116811217153306,0.002400473712955903,0.0008001579043186342,0.0007489477984422419
48,0.005,0.25,tight,0.58,0.5087789482010148,0.002400473712955903,0.0008001579043186342,0.0017475448630318974
48,0.005,0.5,spare,0.6462275735958058,0.5280861646906809,0.0016003158086372684,0.0016003158086372684,0.0014978955968844839
48,0.005,0.5,tight,0.58,0.5223447274415621,0.0016003158086372684,0.0016003158086372684,0.003495089726063795
48,0.005,0.75,spare,0.6475545401731873,0.5439242991095068,0.0008001579043186342,0.002400473712955903,0.002246843395326726
48,0.005,0.75,tight,0.58,0.5354044288499812,0.0008001579043186342,0.002400473712955903,0.005242634589095693
48,0.005,1.0,spare,0.6488376528907375,0.5592142602804426,0.0,0.003200631617274537,0.0029957911937689677
48,0.005,1.0,tight,0.58,0.5479747773888233,0.0,0.003200631617274537,0.00699017945212759
48,0.01,0.0,spare,0.6249860425805932,0.48415899578260174,0.006393662048006136,0.0,0.0
48,0.01,0.0,tight,0.58,0.48415899578260174,0.006393662048006136,0.0,0.0
48,0.01,0.25,spare,0.6277743790456702,0.517517084676831,0.004795246536004602,0.001598415512001534,0.0014961169192334361
48,0.01,0.25,tight,0.58,0.5117823175298214,0.004795246536004602,0.001598415512001534,0.003490939478211351
48,0.01,0.5,spare,0.6303816699574109,0.5486121041543554,0.003196831024003068,0.003196831024003068,0.0029922338384668723
48,0.01,0.5,tight,0.58,0.5373854029423074,0.003196831024003068,0.003196831024003068,0.006981878956422702
48,0.01,0.75,spare,0.6328196705300059,0.5775909943925593,0.001598415512001534,0.004795246536004602,0.004488350757700309
48,0.01,0.75,tight,0.58,0.5610994251441331,0.001598415512001534,0.004795246536004602,0.010472818434634053
48,0.01,1.0,spare,0.6350993727163665,0.6045911548028347,0.0,0.006393662048006136,0.0059844676769337446
48,0.01,1.0,tight,0.58,0.58,0.0,0.006393662048006136,0.013963757912845404
48,0.02,0.0,spare,0.577785763805073,0.5009619606702307,0.012938957844154317,0.0,0.0
48,0.02,0.0,tight,0.577785763805073,0.5009619606702307,0.012938957844154317,0.0,0.0
48,0.02,0.25,spare,0.5832411264204254,0.5661262772266025,0.009704218383115738,0.003234739461038579,0.003027716135532111
48,0.02,0.25,tight,0.58,0.5547721445046853,0.009704218383115738,0.003234739461038579,0.007064670982908258
48,0.02,0.5,spare,0.5880034706568427,0.6226278640462871,0.006469478922077158,0.006469478922077158,0.006055432271064222
48,0.02,0.5,tight,0.58,0.58,0.006469478922077158,0.006469478922077158,0.014129341965816515
48,0.02,0.75,spare,0.5921608336453839,0.6715671852675209,0.003234739461038579,0.009704218383115738,0.009083148406596334
48,0.02,0.75,tight,0.58,0.58,0.003234739461038579,0.009704218383115738,0.021194012948724774
48,0.02,1.0,spare,0.5957900687784359,0.7139049082951371,0.0,0.012938957844154317,0.012110864542128444
48,0.02,1.0,tight,0.58,0.58,0.0,0.012938957844154317,0.02825868393163303
48,0.03,0.0,spare,0.5254322035536151,0.4671745264116758,0.01916301109136154,0.0,0.0
48,0.03,0.0,tight,0.5254322035536151,0.4671745264116758,0.01916301109136154,0.0,0.0
48,0.03,0.25,spare,0.5332592042143793,0.5605278900758498,0.014372258318521156,0.004790752772840385,0.004484144595378602
48,0.03,0.25,tight,0.5324193472135224,0.544050818104633,0.014372258318521156,0.004790752772840385,0.010463004055883404
48,0.03,0.5,spare,0.5396596507734389,0.636049327468716,0.00958150554568077,0.00958150554568077,0.008968289190757204
48,0.03,0.5,tight,0.5381330096410584,0.58,0.00958150554568077,0.00958150554568077,0.020926008111766807
48,0.03,0.75,spare,0.5448935478856154,0.6969888967755442,0.004790752772840385,0.014372258318521156,0.013452433786135807
48,0.03,0.75,tight,0.5428052963328523,0.58,0.004790752772840385,0.014372258318521156,0.03138901216765021
48,0.03,1.0,spare,0.5491735115925345,0.7460042985166537,0.0,0.01916301109136154,0.01793657838151441
48,0.03,1.0,tight,0.5466260090905938,0.58,0.0,0.01916301109136154,0.041852016223533614
49,0.0,0.0,spare,0.6523670599386447,0.4967152381511515,0.0,0.0,0.0
49,0.0,0.0,tight,0.58,0.4967152381511515,0.0,0.0,0.0
49,0.0,0.25,spare,0.6523670599386447,0.4967152381511515,0.0,0.0,0.0
49,0.0,0.25,tight,0.58,0.4967152381511515,0.0,0.0,0.0
49,0.0,0.5,spare,0.6523670599386447,0.4967152381511515,0.0,0.0,0.0
49,0.0,0.5,tight,0.58,0.4967152381511515,0.0,0.0,0.0
49,0.0,0.75,spare,0.6523670599386447,0.4967152381511515,0.0,0.0,0.0
49,0.0,0.75,tight,0.58,0.4967152381511515,0.0,0.0,0.0
49,0.0,1.0,spare,0.6523670599386447,0.4967152381511515,0.0,0.0,0.0
49,0.0,1.0,tight,0.58,0.4967152381511515,0.0,0.0,0.0
49,0.0025,0.0,spare,0.6054073905799616,0.48678885792264565,0.0015645299641428839,0.0,0.0
49,0.0025,0.0,tight,0.58,0.48678885792264565,0.0015645299641428839,0.0,0.0
49,0.0025,0.25,spare,0.6061070929766295,0.4951690378693848,0.0011733974731071629,0.00039113249103572096,0.00036610001160943494
49,0.0025,0.25,tight,0.58,0.4937424065220609,0.0011733974731071629,0.00039113249103572096,0.0008542333604220146
49,0.0025,0.5,spare,0.6067953948646372,0.5034067114578716,0.0007822649820714419,0.0007822649820714419,0.0007322000232188699
49,0.0025,0.5,tight,0.58,0.5005687400565086,0.0007822649820714419,0.0007822649820714419,0.0017084667208440293
49,0.0025,0.75,spare,0.607472481996668,0.5115042005966478,0.00039113249103572096,0.0011733974731071629,0.0010983000348283047
49,0.0025,0.75,tight,0.58,0.5072699312878617,0.00039113249103572096,0.0011733974731071629,0.0025627000812660445
49,0.0025,1.0,spare,0.6081385370988686,0.5194637893625444,0.0,0.0015645299641428839,0.0014644000464377398
49,0.0025,1.0,tight,0.58,0.5138480192057201,0.0,0.0015645299641428839,0.0034169334416880586
49,0.005,0.0,spare,0.6121615514816382,0.4852720496129602,0.0031138543708103573,0.0,0.0
49,0.005,0.0,tight,0.58,0.4852720496129602,0.0031138543708103573,0.0,0.0
49,0.005,0.25,spare,0.6135429204747844,0.5018105201045181,0.002335390778107768,0.0007784635927025893,0.0007286419227696238
49,0.005,0.25,tight,0.58,0.4989861926319854,0.002335390778107768,0.0007784635927025893,0.0017001644864624555
49,0.005,0.5,spare,0.6148798553142601,0.5177935636751949,0.0015569271854051787,0.0015569271854051787,0.0014572838455392475
49,0.005,0.5,tight,0.58,0.5122045074459318,0.0015569271854051787,0.0015569271854051787,0.003400328972924911
49,0.005,0.75,spare,0.6161737853024619,0.5332390466049471,0.0007784635927025893,0.002335390778107768,0.002185925768308872
49,0.005,0.75,tight,0.58,0.5249429432376522,0.0007784635927025893,0.002335390778107768,0.005100493459387366
49,0.005,1.0,spare,0.6174260937657706,0.5481642604735374,0.0,0.0031138543708103573,0.002914567691078495
49,0.005,1.0,tight,0.58,0.5372169361565913,0.0,0.0031138543708103573,0.006800657945849822
49,0.01,0.0,spare,0.6101844722955919,0.4808195379812293,0.0065066838996301925,0.0,0.0
49,0.01,0.0,tight,0.58,0.4808195379812293,0.0065066838996301925,0.0,0.0
49,0.01,0.25,spare,0.6130204344038851,0.5147465003023809,0.004880012924722644,0.0016266709749075481,0.0015225640325134656
49,0.01,0.25,tight,0.58,0.5089125909354372,0.004880012924722644,0.0016266709749075481,0.0035526494091980857
49,0.01,0.5,spare,0.6156691135138624,0.5463324251445847,0.0032533419498150962,0.0032533419498150962,0.003045128065026931
49,0.01,0.5,tight,0.58,0.5349158056632817,0.0032533419498150962,0.0032533419498150962,0.0071052988183961715
49,0.01,0.75,spare,0.6181428775345859,0.5757319113711135,0.0016266709749075481,0.004880012924722644,0.004567692097540397
49,0.01,0.75,tight,0.58,0.5589671921783255,0.0016266709749075481,0.004880012924722644,0.010657948227594256
49,0.01,1.0,spare,0.6204532776155823,0.6030893483510563,0.0,0.0065066838996301925,0.006090256130053862
49,0.01,1.0,tight,0.58,0.58,0.0,0.0065066838996301925,0.014210597636792343
49,0.02,0.0,spare,0.5640705396164013,0.4754934737109611,0.012838420300765796,0.0,0.0
49,0.02,0.0,tight,0.5640705396164013,0.4754934737109611,0.012838420300765796,0.0,0.0
49,0.02,0.25,spare,0.5694863066731896,0.5401863715704346,0.009628815225574346,0.003209605075191449,0.0030041903503791973
49,0.02,0.25,tight,0.5689051811469766,0.5289167153589364,0.009628815225574346,0.003209605075191449,0.007009777484218125
49,0.02,0.5,spare,0.5742190788339877,0.5963418332300338,0.006419210150382898,0.006419210150382898,0.006008380700758395
49,0.02,0.5,tight,0.5731301148642914,0.574718609341152,0.006419210150382898,0.006419210150382898,0.01401955496843625
49,0.02,0.75,spare,0.5783549901631043,0.6450365344936125,0.003209605075191449,0.009628815225574346,0.009012571051137591
49,0.02,0.75,tight,0.5768222324293301,0.58,0.003209605075191449,0.009628815225574346,0.021029332452654374
49,0.02,1.0,spare,0.5819693121589956,0.6872113690918752,0.0,0.012838420300765796,0.01201676140151679
49,0.02,1.0,tight,0.58,0.58,0.0,0.012838420300765796,0.0280391099368725
49,0.03,0.0,spare,0.5217638053117127,0.4825370168504335,0.01830163431669811,0.0,0.0
49,0.03,0.0,tight,0.5217638053117127,0.4825370168504335,0.01830163431669811,0.0,0.0
49,0.03,0.25,spare,0.5292717511486631,0.5721037573822059,0.013726225737523582,0.004575408579174527,0.004282582430107359
49,0.03,0.25,tight,0.528466129538737,0.5563233773513196,0.013726225737523582,0.004575408579174527,0.009992692336917169
49,0.03,0.5,spare,0.535467074717297,0.6452627195600229,0.009150817158349055,0.009150817158349055,0.008565164860214717
49,0.03,0.5,tight,0.5339966791924058,0.58,0.009150817158349055,0.009150817158349055,0.019985384673834337
49,0.03,0.75,spare,0.5405792631845039,0.704882492970001,0.004575408579174527,0.013726225737523582,0.012847747290322077
49,0.03,0.75,tight,0.538560316885188,0.58,0.004575408579174527,0.013726225737523582,0.029978077010751506
49,0.03,1.0,spare,0.544797682228274,0.7533301485870191,0.0,0.01830163431669811,0.017130329720429435
49,0.03,1.0,tight,0.5423260888780617,0.58,0.0,0.01830163431669811,0.039970769347668675
50,0.0,0.0,spare,0.6539855238866267,0.5273769036724165,0.0,0.0,0.0
50,0.0,0.0,tight,0.58,0.5273769036724165,0.0,0.0,0.0
50,0.0,0.25,spare,0.6539855238866267,0.5273769036724165,0.0,0.0,0.0
50,0.0,0.25,tight,0.58,0.5273769036724165,0.0,0.0,0.0
50,0.0,0.5,spare,0.6539855238866267,0.5273769036724165,0.0,0.0,0.0
50,0.0,0.5,tight,0.58,0.5273769036724165,0.0,0.0,0.0
50,0.0,0.75,spare,0.6539855238866267,0.5273769036724165,0.0,0.0,0.0
50,0.0,0.75,tight,0.58,0.5273769036724165,0.0,0.0,0.0
50,0.0,1.0,spare,0.6539855238866267,0.5273769036724165,0.0,0.0,0.0
50,0.0,1.0,tight,0.58,0.5273769036724165,0.0,0.0,0.0
50,0.0025,0.0,spare,0.6698572192037338,0.5009820863138067,0.00169300657907909,0.0,0.0
50,0.0025,0.0,tight,0.58,0.5009820863138067,0.00169300657907909,0.0,0.0
50,0.0025,0.25,spare,0.6706138709250614,0.5100440692908975,0.0012697549343093175,0.0004232516447697725,0.0003961635395045072
50,0.0025,0.25,tight,0.58,0.5085009681544769,0.0012697549343093175,0.0004232516447697725,0.0009243815921771832
50,0.0025,0.5,spare,0.6713571908229122,0.5189394044745281,0.000846503289539545,0.000846503289539545,0.0007923270790090144
50,0.0025,0.5,tight,0.58,0.5158710839321328,0.000846503289539545,0.000846503289539545,0.0018487631843543664
50,0.0025,0.75,spare,0.6720874137973231,0.5276710281151592,0.0004232516447697725,0.0012697549343093175,0.0011884906185135216
50,0.0025,0.75,tight,0.58,0.5230950548301213,0.0004232516447697725,0.0012697549343093175,0.00277314477653155
50,0.0025,1.0,spare,0.67280477060951,0.5362418247279923,0.0,0.00169300657907909,0.0015846541580180288
50,0.0025,1.0,tight,0.58,0.5301754558478551,0.0,0.00169300657907909,0.003697526368708733
50,0.005,0.0,spare,0.6317318324459132,0.48052796956709437,0.0032431007188503387,0.0,0.0
50,0.005,0.0,tight,0.58,0.48052796956709437,0.0032431007188503387,0.0,0.0
50,0.005,0.25,spare,0.6331695672756085,0.4977407693700738,0.002432325539137754,0.0008107751797125847,0.0007588855682109795
50,0.005,0.25,tight,0.58,0.494800514573623,0.002432325539137754,0.0008107751797125847,0.001770732992492285
50,0.005,0.5,spare,0.6345591677573036,0.5143518898230512,0.0016215503594251693,0.0016215503594251693,0.001517771136421959
50,0.005,0.5,tight,0.58,0.5085359419487787,0.0016215503594251693,0.0016215503594251693,0.00354146598498457
50,0.005,0.75,spare,0.6359022453950183,0.5303814747262737,0.0008107751797125847,0.002432325539137754,0.0022766567046329385
50,0.005,0.75,tight,0.58,0.5217522340120073,0.0008107751797125847,0.002432325539137754,0.005312198977476854
50,0.005,1.0,spare,0.6372003577407543,0.5458489934797641,0.0,0.0032431007188503387,0.003035542272843918
50,0.005,1.0,tight,0.58,0.5344667710473827,0.0,0.0032431007188503387,0.00708293196996914
50,0.01,0.0,spare,0.5716813821919625,0.47903289621620765,0.0060815031925902305,0.0,0.0
50,0.01,0.0,tight,0.5716813821919625,0.47903289621620765,0.0060815031925902305,0.0,0.0
50,0.01,0.25,spare,0.5743378857902217,0.5108161194473821,0.004561127394442673,0.0015203757981475576,0.0014230717470661144
50,0.01,0.25,tight,0.5740528362237916,0.5053555708709165,0.004561127394442673,0.0015203757981475576,0.003320500743154266
50,0.01,0.5,spare,0.5768300588331633,0.5405452107370852,0.0030407515962951152,0.0030407515962951152,0.002846143494132229
50,0.01,0.5,tight,0.5762775927852252,0.5298445271456829,0.0030407515962951152,0.0030407515962951152,0.006641001486308532
50,0.01,0.75,spare,0.5791680667620945,0.5683472381016592,0.0015203757981475576,0.004561127394442673,0.004269215241198343
50,0.01,0.75,tight,0.5783647265399641,0.5526131983367647,0.0015203757981475576,0.004561127394442673,0.0099615022294628
50,0.01,1.0,spare,0.5813614461870213,0.5943414091661785,0.0,0.0060815031925902305,0.005692286988264458
50,0.01,1.0,tight,0.58,0.5737680007890495,0.0,0.0060815031925902305,0.013282002972617064
50,0.02,0.0,spare,0.5505684888645254,0.4914918175532126,0.012502648366099352,0.0,0.0
50,0.02,0.0,tight,0.5505684888645254,0.4914918175532126,0.012502648366099352,0.0,0.0
50,0.02,0.25,spare,0.5558517126735262,0.5546064954480556,0.009376986274574515,0.003125662091524838,0.0029256197176672494
50,0.02,0.25,tight,0.5552848093736037,0.5436193779088002,0.009376986274574515,0.003125662091524838,0.0068264460078902465
50,0.02,0.5,spare,0.5604849631727283,0.6095965069704155,0.006251324183049676,0.006251324183049676,0.005851239435334499
50,0.02,0.5,tight,0.5594209003557528,0.58,0.006251324183049676,0.006251324183049676,0.013652892015780493
50,0.02,0.75,spare,0.5645482039068773,0.6574613964296089,0.003125662091524838,0.009376986274574515,0.008776859153001748
50,0.02,0.75,tight,0.563048145064777,0.58,0.003125662091524838,0.009376986274574515,0.020479338023670742
50,0.02,1.0,spare,0.568111560834479,0.699077738306964,0.0,0.012502648366099352,0.011702478870668998
50,0.02,1.0,tight,0.5662291447661681,0.58,0.0,0.012502648366099352,0.027305784031560986
50,0.03,0.0,spare,0.5001184283762901,0.4844063313610072,0.017936688806056533,0.0,0.0
50,0.03,0.0,tight,0.5001184283762901,0.4844063313610072,0.017936688806056533,0.0,0.0
50,0.03,0.25,spare,0.5074903253116695,0.5723578578726335,0.0134525166045424,0.004484172201514133,0.00419718518061723
50,0.03,0.25,tight,0.5066993020935662,0.5568738207388524,0.0134525166045424,0.004484172201514133,0.009793432088106869
50,0.03,0.5,spare,0.5135967401208881,0.6444908578072474,0.008968344403028267,0.008968344403028267,0.00839437036123446
50,0.03,0.5,tight,0.512150483122958,0.58,0.008968344403028267,0.008968344403028267,0.019586864176213737
50,0.03,0.75,spare,0.5186549092935046,0.7035207872843371,0.004484172201514133,0.0134525166045424,0.01259155554185169
50,0.03,0.75,tight,0.5166658979283191,0.58,0.004484172201514133,0.0134525166045424,0.029380296264320604
50,0.03,1.0,spare,0.5228447778461919,0.7516969590123107,0.0,0.017936688806056533,0.01678874072246892
50,0.03,1.0,tight,0.5204061829701369,0.58,0.0,0.017936688806056533,0.039173728352427474
51,0.0,0.0,spare,0.6845690816196637,0.4907877436257302,0.0,0.0,0.0
51,0.0,0.0,tight,0.58,0.4907877436257302,0.0,0.0,0.0
51,0.0,0.25,spare,0.6845690816196637,0.4907877436257302,0.0,0.0,0.0
51,0.0,0.25,tight,0.58,0.4907877436257302,0.0,0.0,0.0
51,0.0,0.5,spare,0.6845690816196637,0.4907877436257302,0.0,0.0,0.0
51,0.0,0.5,tight,0.58,0.4907877436257302,0.0,0.0,0.0
51,0.0,0.75,spare,0.6845690816196637,0.4907877436257302,0.0,0.0,0.0
51,0.0,0.75,tight,0.58,0.4907877436257302,0.0,0.0,0.0
51,0.0,1.0,spare,0.6845690816196637,0.4907877436257302,0.0,0.0,0.0
51,0.0,1.0,tight,0.58,0.4907877436257302,0.0,0.0,0.0
51,0.0025,0.0,spare,0.6445105457787066,0.47944223276304254,0.0016218713272915437,0.0,0.0
51,0.0025,0.0,tight,0.58,0.47944223276304254,0.0016218713272915437,0.0,0.0
51,0.0025,0.25,spare,0.6452356751489187,0.4881268320001071,0.0012164034954686579,0.0004054678318228859,0.00037951789058622137
51,0.0025,0.25,tight,0.58,0.48664820541396403,0.0012164034954686579,0.0004054678318228859,0.0008855417447011829
51,0.0025,0.5,spare,0.6459485603731838,0.4966583794128352,0.0008109356636457718,0.0008109356636457718,0.0007590357811724427
51,0.0025,0.5,tight,0.58,0.49371754908906207,0.0008109356636457718,0.0008109356636457718,0.0017710834894023658
51,0.0025,0.75,spare,0.6466494081995888,0.505039459352312,0.0004054678318228859,0.0012164034954686579,0.0011385536717586642
51,0.0025,0.75,tight,0.58,0.5006525708320028,0.0004054678318228859,0.0012164034954686579,0.0026566252341035496
51,0.0025,1.0,spare,0.6473384218851831,0.5132726125316547,0.0,0.0016218713272915437,0.0015180715623448855
51,0.0025,1.0,tight,0.58,0.5074555387309491,0.0,0.0016218713272915437,0.0035421669788047315
51,0.005,0.0,spare,0.6005705976874578,0.47094544035379,0.003184182339990498,0.0,0.0
51,0.005,0.0,tight,0.58,0.47094544035379,0.003184182339990498,0.0,0.0
51,0.005,0.25,spare,0.6019826470134022,0.48785095826053687,0.0023881367549928732,0.0007960455849976245,0.0007450986675577768
51,0.005,0.25,tight,0.58,0.48496353749363436,0.0023881367549928732,0.0007960455849976245,0.001738563557634812
51,0.005,0.5,spare,0.6033482664935264,0.504176103094532,0.001592091169995249,0.001592091169995249,0.0014901973351155535
51,0.005,0.5,tight,0.58,0.49846353706182694,0.001592091169995249,0.001592091169995249,0.003477127115269624
51,0.005,0.75,spare,0.6046689827958748,0.5199399582063291,0.0007960455849976245,0.0023881367549928732,0.00223529600267333
51,0.005,0.75,tight,0.58,0.5114624747170589,0.0007960455849976245,0.0023881367549928732,0.005215690672904436
51,0.005,1.0,spare,0.6059462723898473,0.5351609794634273,0.0,0.003184182339990498,0.002980394670231107
51,0.005,1.0,tight,0.58,0.523976825965488,0.0,0.003184182339990498,0.006954254230539248
51,0.01,0.0,spare,0.6328480282713055,0.49054055909624056,0.006799237916881204,0.0,0.0
51,0.01,0.0,tight,0.58,0.49054055909624056,0.006799237916881204,0.0,0.0
51,0.01,0.25,spare,0.6358070059021663,0.5259367578094514,0.005099428437660904,0.001699809479220301,0.0015910216725502024
51,0.01,0.25,tight,0.58,0.5198465731236842,0.005099428437660904,0.001699809479220301,0.003712383902617138
51,0.01,0.5,spare,0.6385621006013037,0.5587844198761182,0.003399618958440602,0.003399618958440602,0.0031820433451004047
51,0.01,0.5,tight,0.58,0.5468775149435575,0.003399618958440602,0.003399618958440602,0.007424767805234276
51,0.01,0.75,spare,0.6411273605485398,0.5892591475440183,0.001699809479220301,0.005099428437660904,0.0047730650176506075
51,0.01,0.75,tight,0.58,0.5717901442375569,0.001699809479220301,0.005099428437660904,0.011137151707851414
51,0.01,1.0,spare,0.6435158659596074,0.6175244435098136,0.0,0.006799237916881204,0.006364086690200809
51,0.01,1.0,tight,0.58,0.58,0.0,0.006799237916881204,0.014849535610468551
51,0.02,0.0,spare,0.559183681416623,0.4915382410955585,0.012559593397514624,0.0,0.0
51,0.02,0.0,tight,0.559183681416623,0.4915382410955585,0.012559593397514624,0.0,0.0
51,0.02,0.25,spare,0.564489416732756,0.5549209876922022,0.009419695048135968,0.003139898349378656,0.002938944855018423
51,0.02,0.25,tight,0.5639200978910844,0.5438859090312841,0.009419695048135968,0.003139898349378656,0.006857537995042986
51,0.02,0.5,spare,0.5691396279420321,0.6101096829531354,0.006279796698757312,0.006279796698757312,0.005877889710036846
51,0.02,0.5,tight,0.5680713296561463,0.58,0.006279796698757312,0.006279796698757312,0.013715075990085972
51,0.02,0.75,spare,0.5732153051106849,0.6581167027062753,0.003139898349378656,0.009419695048135968,0.008816834565055269
51,0.02,0.75,tight,0.5717096763387438,0.58,0.003139898349378656,0.009419695048135968,0.020572613985128958
51,0.02,1.0,spare,0.5767874319745016,0.6998293436489652,0.0,0.012559593397514624,0.011755779420073692
51,0.02,1.0,tight,0.574898504939975,0.58,0.0,0.012559593397514624,0.027430151980171943
51,0.03,0.0,spare,0.5082654597859837,0.4629082452857309,0.01840896765184182,0.0,0.0
51,0.03,0.0,tight,0.5082654597859837,0.4629082452857309,0.01840896765184182,0.0,0.0
51,0.03,0.25,spare,0.5158133195609204,0.552948794041908,0.013806725738881365,0.004602241912960455,0.004307698430530987
51,0.03,0.25,tight,0.515003415084325,0.5370813901770923,0.013806725738881365,0.004602241912960455,0.010051296337905634
51,0.03,0.5,spare,0.522034563576214,0.6264066458025485,0.00920448382592091,0.00920448382592091,0.008615396861061974
51,0.03,0.5,tight,0.5205571038550567,0.58,0.00920448382592091,0.00920448382592091,0.020102592675811267
51,0.03,0.75,spare,0.5271623585077452,0.6861963840161562,0.004602241912960455,0.013806725738881365,0.012923095291592962
51,0.03,0.75,tight,0.5251346733990018,0.58,0.004602241912960455,0.013806725738881365,0.030153889013716906
51,0.03,1.0,spare,0.5313888895351726,0.7347203234284684,0.0,0.01840896765184182,0.01723079372212395
51,0.03,1.0,tight,0.5289076869391345,0.58,0.0,0.01840896765184182,0.040205185351622534
52,0.0,0.0,spare,0.6445634586911912,0.5038721647275055,0.0,0.0,0.0
52,0.0,0.0,tight,0.58,0.5038721647275055,0.0,0.0,0.0
52,0.0,0.25,spare,0.6445634586911912,0.5038721647275055,0.0,0.0,0.0
52,0.0,0.25,tight,0.58,0.5038721647275055,0.0,0.0,0.0
52,0.0,0.5,spare,0.6445634586911912,0.5038721647275055,0.0,0.0,0.0
52,0.0,0.5,tight,0.58,0.5038721647275055,0.0,0.0,0.0
52,0.0,0.75,spare,0.6445634586911912,0.5038721647275055,0.0,0.0,0.0
52,0.0,0.75,tight,0.58,0.5038721647275055,0.0,0.0,0.0
52,0.0,1.0,spare,0.6445634586911912,0.5038721647275055,0.0,0.0,0.0
52,0.0,1.0,tight,0.58,0.5038721647275055,0.0,0.0,0.0
52,0.0025,0.0,spare,0.6419812696355089,0.4892669203791174,0.0016182684413846777,0.0,0.0
52,0.0025,0.0,tight,0.58,0.4892669203791174,0.0016182684413846777,0.0,0.0
52,0.0025,0.25,spare,0.6427048018228833,0.4979323979060126,0.0012137013310385082,0.0004045671103461694,0.00037867481528401474
52,0.0025,0.25,tight,0.58,0.49645703769233507,0.0012137013310385082,0.0004045671103461694,0.0008835745689960341
52,0.0025,0.5,spare,0.6434161437432548,0.5064454970953732,0.0008091342206923388,0.0008091342206923388,0.0007573496305680295
52,0.0025,0.5,tight,0.58,0.5035111272496909,0.0008091342206923388,0.0008091342206923388,0.0017671491379920683
52,0.0025,0.75,spare,0.6441155007815563,0.514808785258858,0.0004045671103461694,0.0012137013310385082,0.001136024445852044
52,0.0025,0.75,tight,0.58,0.5104314808837983,0.0004045671103461694,0.0012137013310385082,0.0026507237069881024
52,0.0025,1.0,spare,0.6448030748623392,0.5230247864533605,0.0,0.0016182684413846777,0.001514699261136059
52,0.0025,1.0,tight,0.58,0.5172203518138516,0.0,0.0016182684413846777,0.0035342982759841365
52,0.005,0.0,spare,0.6372227022640258,0.5043773417666556,0.003325327378424245,0.0,0.0
52,0.005,0.0,tight,0.58,0.5043773417666556,0.003325327378424245,0.0,0.0
52,0.005,0.25,spare,0.638696257304402,0.5220186531648082,0.002493995533818184,0.0008313318446060612,0.0007781266065512736
52,0.005,0.25,tight,0.58,0.5190046986585988,0.002493995533818184,0.0008313318446060612,0.0018156287486196378
52,0.005,0.5,spare,0.640119249647847,0.5390279308513194,0.0016626636892121225,0.0016626636892121225,0.0015562532131025472
52,0.005,0.5,tight,0.58,0.5330678406574373,0.0016626636892121225,0.0016626636892121225,0.0036312574972392755
52,0.005,0.75,spare,0.6414934142728658,0.5554268620575016,0.0008313318446060612,0.002493995533818184,0.0023343798196538207
52,0.005,0.75,tight,0.58,0.5465861278996185,0.0008313318446060612,0.002493995533818184,0.0054468862458589146
52,0.005,1.0,spare,0.6428204266249359,0.5712363898518266,0.0,0.003325327378424245,0.0031125064262050943
52,0.005,1.0,tight,0.58,0.5595782562093071,0.0,0.003325327378424245,0.007262514994478551
52,0.01,0.0,spare,0.616893494468322,0.5087999146682404,0.006504826651370356,0.0,0.0
52,0.01,0.0,tight,0.58,0.5087999146682404,0.006504826651370356,0.0,0.0
52,0.01,0.25,spare,0.6197286744178612,0.5427175346010591,0.004878619988527767,0.001626206662842589,0.0015221294364206636
52,0.01,0.25,tight,0.58,0.5368852537907716,0.004878619988527767,0.001626206662842589,0.003551635351648215
52,0.01,0.5,spare,0.622376674660194,0.5742954081937988,0.003252413325685178,0.003252413325685178,0.003044258872841327
52,0.01,0.5,tight,0.58,0.5628819072833366,0.003252413325685178,0.003252413325685178,0.00710327070329643
52,0.01,0.75,spare,0.6248498528739911,0.6036880064298421,0.001626206662842589,0.004878619988527767,0.004566388309261991
52,0.01,0.75,tight,0.58,0.58,0.001626206662842589,0.004878619988527767,0.010654906054944645
52,0.01,1.0,spare,0.6271597508790654,0.6310396020568498,0.0,0.006504826651370356,0.006088517745682654
52,0.01,1.0,tight,0.58,0.58,0.0,0.006504826651370356,0.01420654140659286
52,0.02,0.0,spare,0.5434424816861476,0.49074546368435634,0.012521517049031428,0.0,0.0
52,0.02,0.0,tight,0.5434424816861476,0.49074546368435634,0.012521517049031428,0.0,0.0
52,0.02,0.25,spare,0.5487331661531385,0.5539489845322702,0.00939113778677357,0.003130379262257857,0.0029300349894733546
52,0.02,0.25,tight,0.5481654623057117,0.5429459731201379,0.00939113778677357,0.003130379262257857,0.006836748308771161
52,0.02,0.5,spare,0.5533720403060167,0.609004876453774,0.006260758524515714,0.006260758524515714,0.005860069978946709
52,0.02,0.5,tight,0.5523065735092498,0.58,0.006260758524515714,0.006260758524515714,0.013673496617542321
52,0.02,0.75,spare,0.5574394069275761,0.6569169242337919,0.003130379262257857,0.00939113778677357,0.008790104968420065
52,0.02,0.75,tight,0.5559375013875121,0.58,0.003130379262257857,0.00939113778677357,0.020510244926313478
52,0.02,1.0,spare,0.5610056755283119,0.6985652467535167,0.0,0.012521517049031428,0.011720139957893418
52,0.02,1.0,tight,0.5591211003321332,0.58,0.0,0.012521517049031428,0.027346993235084643
52,0.03,0.0,spare,0.5019153331877727,0.497173344082241,0.018325182764644548,0.0,0.0
52,0.03,0.0,tight,0.5019153331877727,0.497173344082241,0.018325182764644548,0.0,0.0
52,0.03,0.25,spare,0.509432039814395,0.5868440841480929,0.01374388707348341,0.004581295691161137,0.004288092766926825
52,0.03,0.25,tight,0.5086254781495414,0.5710446063148531,0.01374388707348341,0.004581295691161137,0.010005549789495924
52,0.03,0.5,spare,0.5156330590688417,0.6600687320617502,0.009162591382322274,0.009162591382322274,0.00857618553385365
52,0.03,0.5,tight,0.5141611123275049,0.58,0.009162591382322274,0.009162591382322274,0.02001109957899185
52,0.03,0.75,spare,0.520748682400186,0.7197259309366267,0.004581295691161137,0.01374388707348341,0.012864278300780475
52,0.03,0.75,tight,0.5187278163148004,0.58,0.004581295691161137,0.01374388707348341,0.030016649368487774
52,0.03,1.0,spare,0.5249688921744787,0.7681904603483596,0.0,0.018325182764644548,0.0171523710677073
52,0.03,1.0,tight,0.5224951868882749,0.58,0.0,0.018325182764644548,0.0400221991579837
53,0.0,0.0,spare,0.663034378014242,0.4896593866608644,0.0,0.0,0.0
53,0.0,0.0,tight,0.58,0.4896593866608644,0.0,0.0,0.0
53,0.0,0.25,spare,0.663034378014242,0.4896593866608644,0.0,0.0,0.0
53,0.0,0.25,tight,0.58,0.4896593866608644,0.0,0.0,0.0
53,0.0,0.5,spare,0.663034378014242,0.4896593866608644,0.0,0.0,0.0
53,0.0,0.5,tight,0.58,0.4896593866608644,0.0,0.0,0.0
53,0.0,0.75,spare,0.663034378014242,0.4896593866608644,0.0,0.0,0.0
53,0.0,0.75,tight,0.58,0.4896593866608644,0.0,0.0,0.0
53,0.0,1.0,spare,0.663034378014242,0.4896593866608644,0.0,0.0,0.0
53,0.0,1.0,tight,0.58,0.4896593866608644,0.0,0.0,0.0
53,0.0025,0.0,spare,0.646284927056136,0.4917220924462118,0.0016456952081581305,0.0,0.0
53,0.0025,0.0,tight,0.58,0.4917220924462118,0.0016456952081581305,0.0,0.0
53,0.0025,0.25,spare,0.6470206161876411,0.5005331139113159,0.0012342714061185978,0.0004114238020395326,0.0003850926787090026
53,0.0025,0.25,tight,0.58,0.4990328906600897,0.0012342714061185978,0.0004114238020395326,0.0008985495836543394
53,0.0025,0.5,spare,0.6477437019636549,0.50918659343278,0.0008228476040790652,0.0008228476040790652,0.0007701853574180052
53,0.0025,0.5,tight,0.58,0.5062030515800175,0.0008228476040790652,0.0008228476040790652,0.0017970991673086788
53,0.0025,0.75,spare,0.6484544002968,0.5176852299183836,0.0004114238020395326,0.0012342714061185978,0.0011552780361270079
53,0.0025,0.75,tight,0.58,0.5132349845141325,0.0004114238020395326,0.0012342714061185978,0.0026956487509630176
53,0.0025,1.0,spare,0.6491529234008216,0.5260316760399453,0.0,0.0016456952081581305,0.0015403707148360104
53,0.0025,1.0,tight,0.58,0.5201310574958465,0.0,0.0016456952081581305,0.0035941983346173575
53,0.005,0.0,spare,0.632319602163583,0.5035285179423791,0.0033386701814907722,0.0,0.0
53,0.005,0.0,tight,0.58,0.5035285179423791,0.0033386701814907722,0.0,0.0
53,0.005,0.25,spare,0.6337989667827822,0.5212393268599018,0.002504002636118079,0.0008346675453726931,0.0007812488224688409
53,0.005,0.25,tight,0.58,0.5182134171175548,0.002504002636118079,0.0008346675453726931,0.001822913919093962
53,0.005,0.5,spare,0.6352273692262053,0.5383131085802205,0.0016693350907453861,0.0016693350907453861,0.0015624976449376817
53,0.005,0.5,tight,0.58,0.5323296437277153,0.0016693350907453861,0.0016693350907453861,0.003645827838187924
53,0.005,0.75,spare,0.636606565074137,0.554771807856898,0.0008346675453726931,0.002504002636118079,0.0023437464674065226
53,0.005,0.75,tight,0.58,0.5458967877987684,0.0008346675453726931,0.002504002636118079,0.005468741757281886
53,0.005,1.0,spare,0.6379382494294183,0.5706366134754461,0.0,0.0033386701814907722,0.0031249952898753635
53,0.005,1.0,tight,0.58,0.558933764505858,0.0,0.0033386701814907722,0.007291655676375848
53,0.01,0.0,spare,0.5806334818643972,0.5009626548871435,0.006157133667896204,0.0,0.0
53,0.01,0.0,tight,0.58,0.5009626548871435,0.006157133667896204,0.0,0.0
53,0.01,0.25,spare,0.5833219658691042,0.5331279356676928,0.004617850250922153,0.001539283416974051,0.0014407692782877123
53,0.01,0.25,tight,0.58,0.5276008956499915,0.004617850250922153,0.001539283416974051,0.003361794982671328
53,0.01,0.5,spare,0.5858421389050247,0.5631893293384116,0.003078566833948102,0.003078566833948102,0.0028815385565754245
53,0.01,0.5,tight,0.58,0.552361001720159,0.003078566833948102,0.003078566833948102,0.006723589965342656
53,0.01,0.75,spare,0.588204537981925,0.5912785485213772,0.001539283416974051,0.004617850250922153,0.004322307834863136
53,0.01,0.75,tight,0.58,0.5753605526216763,0.001539283416974051,0.004617850250922153,0.010085384948013983
53,0.01,1.0,spare,0.5904190404462372,0.6175190600469921,0.0,0.006157133667896204,0.005763077113150849
53,0.01,1.0,tight,0.58,0.58,0.0,0.006157133667896204,0.013447179930685312
53,0.02,0.0,spare,0.5502051353875319,0.48484938847439785,0.012658627450891054,0.0,0.0
53,0.02,0.0,tight,0.5502051353875319,0.48484938847439785,0.012658627450891054,0.0,0.0
53,0.02,0.25,spare,0.5555499887956121,0.5486979372518906,0.009493970588168291,0.0031646568627227635,0.002962118823508507
53,0.02,0.25,tight,0.5549764724835677,0.5375794915866581,0.009493970588168291,0.0031646568627227635,0.006911610588186517
53,0.02,0.5,spare,0.5602296163757798,0.6042311631804798,0.006329313725445527,0.006329313725445527,0.005924237647017014
53,0.02,0.5,tight,0.5591539641683971,0.58,0.006329313725445527,0.006329313725445527,0.013823221176373034
53,0.02,0.75,spare,0.5643268128032743,0.6524839997006516,0.0031646568627227635,0.009493970588168291,0.008886356470525523
53,0.02,0.75,tight,0.5628115210388429,0.58,0.0031646568627227635,0.009493970588168291,0.02073483176455955
53,0.02,1.0,spare,0.5679140680448274,0.6943625713965561,0.0,0.012658627450891054,0.011848475294034029
53,0.02,1.0,tight,0.5660138547045512,0.58,0.0,0.012658627450891054,0.02764644235274607
53,0.03,0.0,spare,0.48700595789021917,0.4772465910226543,0.018469023255406402,0.0,0.0
53,0.03,0.0,tight,0.48700595789021917,0.4772465910226543,0.018469023255406402,0.0,0.0
53,0.03,0.25,spare,0.49457613086317864,0.5675520017428833,0.0138517674415548,0.0046172558138516005,0.0043217514417651
53,0.03,0.25,tight,0.4937638321239043,0.5516359322462672,0.0138517674415548,0.0046172558138516005,0.010084086697451897
53,0.03,0.5,spare,0.5008118329242407,0.6411765260643932,0.009234511627703201,0.009234511627703201,0.0086435028835302
53,0.03,0.5,tight,0.4993304275554634,0.58,0.009234511627703201,0.009234511627703201,0.020168173394903795
53,0.03,0.75,spare,0.5059483047503437,0.7010606724489157,0.0046172558138516005,0.0138517674415548,0.012965254325295297
53,0.03,0.75,tight,0.5039157429412097,0.58,0.0046172558138516005,0.0138517674415548,0.03025226009235569
53,0.03,1.0,spare,0.5101793187664073,0.7496265962079451,0.0,0.018469023255406402,0.0172870057670604
53,0.03,1.0,tight,0.50769275843394,0.58,0.0,0.018469023255406402,0.04033634678980759
54,0.0,0.0,spare,0.6259419164690868,0.4788161647542606,0.0,0.0,0.0
54,0.0,0.0,tight,0.58,0.4788161647542606,0.0,0.0,0.0
54,0.0,0.25,spare,0.6259419164690868,0.4788161647542606,0.0,0.0,0.0
54,0.0,0.25,tight,0.58,0.4788161647542606,0.0,0.0,0.0
54,0.0,0.5,spare,0.6259419164690868,0.4788161647542606,0.0,0.0,0.0
54,0.0,0.5,tight,0.58,0.4788161647542606,0.0,0.0,0.0
54,0.0,0.75,spare,0.6259419164690868,0.4788161647542606,0.0,0.0,0.0
54,0.0,0.75,tight,0.58,0.4788161647542606,0.0,0.0,0.0
54,0.0,1.0,spare,0.6259419164690868,0.4788161647542606,0.0,0.0,0.0
54,0.0,1.0,tight,0.58,0.4788161647542606,0.0,0.0,0.0
54,0.0025,0.0,spare,0.6412494675576897,0.5057364052498341,0.0016593748343839852,0.0,0.0
54,0.0025,0.0,tight,0.58,0.5057364052498341,0.0016593748343839852,0.0,0.0
54,0.0025,0.25,spare,0.6419912188899303,0.5146200031915943,0.0012445311257879889,0.0004148437085959963,0.00038829371124585264
54,0.0025,0.25,tight,0.58,0.5131073807782643,0.0012445311257879889,0.0004148437085959963,0.0009060186595736561
54,0.0025,0.5,spare,0.6427201583034189,0.5233434521489561,0.0008296874171919926,0.0008296874171919926,0.0007765874224917053
54,0.0025,0.5,tight,0.58,0.5203353917140646,0.0008296874171919926,0.0008296874171919926,0.0018120373191473122
54,0.0025,0.75,spare,0.6434365070923481,0.5319095182993256,0.0004148437085959963,0.0012445311257879889,0.001164881133737558
54,0.0025,0.75,tight,0.58,0.5274229074167975,0.0004148437085959963,0.0012445311257879889,0.002718055978720968
54,0.0025,1.0,spare,0.6441404827286009,0.5403209200412398,0.0,0.0016593748343839852,0.0015531748449834105
54,0.0025,1.0,tight,0.58,0.5343723545939494,0.0,0.0016593748343839852,0.0036240746382946243
54,0.005,0.0,spare,0.5948777214107128,0.49665404712156075,0.0031569494195099563,0.0,0.0
54,0.005,0.0,tight,0.58,0.49665404712156075,0.0031569494195099563,0.0,0.0
54,0.005,0.25,spare,0.5962778931573108,0.5134174677898704,0.002367712064632467,0.0007892373548774891,0.00073872616416533
54,0.005,0.25,tight,0.58,0.5105544748736089,0.002367712064632467,0.0007892373548774891,0.0017236943830524366
54,0.005,0.5,spare,0.5976324128705638,0.5296102380413665,0.0015784747097549782,0.0015784747097549782,0.00147745232833066
54,0.005,0.5,tight,0.58,0.5239454844443289,0.0015784747097549782,0.0015784747097549782,0.003447388766104873
54,0.005,0.75,spare,0.5989427690165499,0.5452509637020273,0.0007892373548774891,0.002367712064632467,0.00221617849249599
54,0.005,0.75,tight,0.58,0.5368436852074326,0.0007892373548774891,0.002367712064632467,0.005171083149157309
54,0.005,1.0,spare,0.6002104015305131,0.560357643962402,0.0,0.0031569494195099563,0.00295490465666132
54,0.005,1.0,tight,0.58,0.5492651449947221,0.0,0.0031569494195099563,0.006894777532209746
54,0.01,0.0,spare,0.5996363248897076,0.4759579533203038,0.006481734862155019,0.0,0.0
54,0.01,0.0,tight,0.58,0.4759579533203038,0.006481734862155019,0.0,0.0
54,0.01,0.25,spare,0.6024617787237871,0.5097594002885527,0.004861301146616264,0.0016204337155387547,0.0015167259577442747
54,0.01,0.25,tight,0.58,0.5039473695768786,0.004861301146616264,0.0016204337155387547,0.003539027234736641
54,0.01,0.5,spare,0.605101334891871,0.541237126431857,0.0032408674310775093,0.0032408674310775093,0.0030334519154885495
54,0.01,0.5,tight,0.58,0.5298624061402463,0.0032408674310775093,0.0032408674310775093,0.007078054469473282
54,0.01,0.75,spare,0.6075672243289708,0.5705440184378601,0.0016204337155387547,0.004861301146616264,0.0045501778732328245
54,0.01,0.75,tight,0.58,0.5538395445691232,0.0016204337155387547,0.004861301146616264,0.010617081704209922
54,0.01,1.0,spare,0.6098708732490141,0.5978229039806583,0.0,0.006481734862155019,0.006066903830977099
54,0.01,1.0,tight,0.58,0.5760062867663164,0.0,0.006481734862155019,0.014156108938946563
54,0.02,0.0,spare,0.5592145369262839,0.5083282556468316,0.012801279060379136,0.0,0.0
54,0.02,0.0,tight,0.5592145369262839,0.5083282556468316,0.012801279060379136,0.0,0.0
54,0.02,0.25,spare,0.5646156657551565,0.5728468667076119,0.009600959295284352,0.003200319765094784,0.0029954993001287187
54,0.02,0.25,tight,0.5640361109478856,0.5616084325498861,0.009600959295284352,0.003200319765094784,0.00698949836696701
54,0.02,0.5,spare,0.5693374868198228,0.6288741307158122,0.006400639530189568,0.006400639530189568,0.0059909986002574375
54,0.02,0.5,tight,0.5682512686494282,0.58,0.006400639530189568,0.006400639530189568,0.01397899673393402
54,0.02,0.75,spare,0.5734654376377225,0.677478016639429,0.003200319765094784,0.009600959295284352,0.008986497900386156
54,0.02,0.75,tight,0.5719362798862716,0.58,0.003200319765094784,0.009600959295284352,0.020968495100901027
54,0.02,1.0,spare,0.5770742101264789,0.7195921734487557,0.0,0.012801279060379136,0.011981997200514875
54,0.02,1.0,tight,0.5751578219440437,0.58,0.0,0.012801279060379136,0.02795799346786804
54,0.03,0.0,spare,0.5210807285195685,0.4860357625232172,0.01859586664459569,0.0,0.0
54,0.03,0.0,tight,0.5210807285195685,0.4860357625232172,0.01859586664459569,0.0,0.0
54,0.03,0.25,spare,0.5286979829618509,0.5769000102569115,0.013946899983446767,0.004648966661148922,0.0043514327948353925
54,0.03,0.25,tight,0.5278806322616358,0.5608812161111089,0.013946899983446767,0.004648966661148922,0.010153343187949247
54,0.03,0.5,spare,0.5349641158216428,0.6508752382094749,0.009297933322297844,0.009297933322297844,0.008702865589670785
54,0.03,0.5,tight,0.5334743931901237,0.58,0.009297933322297844,0.009297933322297844,0.020306686375898494
54,0.03,0.75,spare,0.540118784254223,0.7109571608218914,0.004648966661148922,0.013946899983446767,0.01305429838450618
54,0.03,0.75,tight,0.5380759526403703,0.58,0.004648966661148922,0.013946899983446767,0.030460029563847742
54,0.03,1.0,spare,0.5443591358784815,0.7596101233302879,0.0,0.01859586664459569,0.01740573117934157
54,0.03,1.0,tight,0.5418613037922793,0.58,0.0,0.01859586664459569,0.04061337275179699
55,0.0,0.0,spare,0.6977826445111568,0.49366291003513557,0.0,0.0,0.0
55,0.0,0.0,tight,0.58,0.49366291003513557,0.0,0.0,0.0
55,0.0,0.25,spare,0.6977826445111568,0.49366291003513557,0.0,0.0,0.0
55,0.0,0.25,tight,0.58,0.49366291003513557,0.0,0.0,0.0
55,0.0,0.5,spare,0.6977826445111568,0.49366291003513557,0.0,0.0,0.0
55,0.0,0.5,tight,0.58,0.49366291003513557,0.0,0.0,0.0
55,0.0,0.75,spare,0.6977826445111568,0.49366291003513557,0.0,0.0,0.0
55,0.0,0.75,tight,0.58,0.49366291003513557,0.0,0.0,0.0
55,0.0,1.0,spare,0.6977826445111568,0.49366291003513557,0.0,0.0,0.0
55,0.0,1.0,tight,0.58,0.49366291003513557,0.0,0.0,0.0
55,0.0025,0.0,spare,0.6353341647811793,0.49576934145337986,0.0016352199028266568,0.0,0.0
55,0.0025,0.0,tight,0.58,0.49576934145337986,0.0016352199028266568,0.0,0.0
55,0.0025,0.25,spare,0.6360652111354472,0.5045247794244672,0.0012264149271199926,0.0004088049757066642,0.00038264145726143783
55,0.0025,0.25,tight,0.58,0.5030340517405063,0.0012264149271199926,0.0004088049757066642,0.0008928300669433547
55,0.0025,0.5,spare,0.6367838127064605,0.513124657604871,0.0008176099514133284,0.0008176099514133284,0.0007652829145228757
55,0.0025,0.5,tight,0.58,0.5101598941966056,0.0008176099514133284,0.0008176099514133284,0.0017856601338867093
55,0.0025,0.75,spare,0.6374901813448484,0.5215716241274588,0.0004088049757066642,0.0012264149271199926,0.0011479243717843134
55,0.0025,0.75,tight,0.58,0.5171492328031789,0.0004088049757066642,0.0012264149271199926,0.0026784902008300643
55,0.0025,1.0,spare,0.6381845252948547,0.5298682820452758,0.0,0.0016352199028266568,0.0015305658290457513
55,0.0025,1.0,tight,0.58,0.5240043912990849,0.0,0.0016352199028266568,0.0035713202677734187
55,0.005,0.0,spare,0.6147911773777849,0.48365659373804903,0.0032090394964124397,0.0,0.0
55,0.005,0.0,tight,0.58,0.48365659373804903,0.0032090394964124397,0.0,0.0
55,0.005,0.25,spare,0.6162140651342931,0.5006917754522413,0.00240677962230933,0.0008022598741031099,0.000750915242160511
55,0.005,0.25,tight,0.58,0.4977820618642975,0.00240677962230933,0.0008022598741031099,0.0017521355650411922
55,0.005,0.5,spare,0.6175898075487833,0.5171376403912086,0.0016045197482062199,0.0016045197482062199,0.001501830484321022
55,0.005,0.5,tight,0.58,0.5113814483983555,0.0016045197482062199,0.0016045197482062199,0.0035042711300823843
55,0.005,0.75,spare,0.6189199667144452,0.5330137147198208,0.0008022598741031099,0.00240677962230933,0.0022527457264815334
55,0.005,0.75,tight,0.58,0.5244721842981321,0.0008022598741031099,0.00240677962230933,0.0052564066951235775
55,0.005,1.0,spare,0.620206052966754,0.5483388776315216,0.0,0.0032090394964124397,0.003003660968642044
55,0.005,1.0,tight,0.58,0.5370711229717838,0.0,0.0032090394964124397,0.007008542260164769
55,0.01,0.0,spare,0.616256194687754,0.4868982855906861,0.0065741591123756864,0.0,0.0
55,0.01,0.0,tight,0.58,0.4868982855906861,0.0065741591123756864,0.0,0.0
55,0.01,0.25,spare,0.6191205628652451,0.521164534577028,0.004930619334281764,0.0016435397780939216,0.001538353232295911
55,0.01,0.25,tight,0.58,0.5152714724038001,0.004930619334281764,0.0016435397780939216,0.003589490875357125
55,0.01,0.5,spare,0.6217938774600186,0.5530426137794003,0.0032870795561878432,0.0032870795561878432,0.003076706464591822
55,0.01,0.5,tight,0.58,0.5415127461012689,0.0032870795561878432,0.0032870795561878432,0.00717898175071425
55,0.01,0.75,spare,0.6242888817610678,0.5826918143102203,0.0016435397780939216,0.004930619334281764,0.004615059696887733
55,0.01,0.75,tight,0.58,0.5657643054555785,0.0016435397780939216,0.004930619334281764,0.010768472626071375
55,0.01,1.0,spare,0.6266174690790082,0.6102608025521791,0.0,0.0065741591123756864,0.006153412929183644
55,0.01,1.0,tight,0.58,0.58,0.0,0.0065741591123756864,0.0143579635014285
55,0.02,0.0,spare,0.5735912266294018,0.5037742279716256,0.012839147503382949,0.0,0.0
55,0.02,0.0,tight,0.5735912266294018,0.5037742279716256,0.012839147503382949,0.0,0.0
55,0.02,0.25,spare,0.5790072802367027,0.568470537547096,0.009629360627537211,0.003209786875845737,0.003004360515791611
55,0.02,0.25,tight,0.578426123962894,0.5572002701034312,0.009629360627537211,0.003209786875845737,0.007010174536847091
55,0.02,0.5,spare,0.5837402666710073,0.6246285074601112,0.006419573751691474,0.006419573751691474,0.006008721031583222
55,0.02,0.5,tight,0.58,0.58,0.006419573751691474,0.006419573751691474,0.014020349073694182
55,0.02,0.75,spare,0.587876333669516,0.6733249844256771,0.003209786875845737,0.009629360627537211,0.009013081547374834
55,0.02,0.75,tight,0.58,0.58,0.003209786875845737,0.009629360627537211,0.021030523610541273
55,0.02,1.0,spare,0.5914907641044228,0.7155010043462217,0.0,0.012839147503382949,0.012017442063166444
55,0.02,1.0,tight,0.58,0.58,0.0,0.012839147503382949,0.028040698147388365
55,0.03,0.0,spare,0.5405211273891156,0.49093074260507047,0.018640068574669176,0.0,0.0
55,0.03,0.0,tight,0.5405211273891156,0.49093074260507047,0.018640068574669176,0.0,0.0
55,0.03,0.25,spare,0.5481547738856986,0.5819895477658844,0.013980051431001882,0.004660017143667294,0.004361776046472588
55,0.03,0.25,tight,0.5473356642765272,0.5659349762559459,0.013980051431001882,0.004660017143667294,0.010177477441769372
55,0.03,0.5,spare,0.5544314774138855,0.6560865658217498,0.009320034287334588,0.009320034287334588,0.008723552092945177
55,0.03,0.5,tight,0.5529388616139103,0.58,0.009320034287334588,0.009320034287334588,0.020354954883538744
55,0.03,0.75,spare,0.5595924456612875,0.7162368928678017,0.004660017143667294,0.013980051431001882,0.013085328139417764
55,0.03,0.75,tight,0.5575460448928876,0.58,0.004660017143667294,0.013980051431001882,0.030532432325308115
55,0.03,1.0,spare,0.5638360096803746,0.7649196670599172,0.0,0.018640068574669176,0.017447104185890353
55,0.03,1.0,tight,0.5613342637415212,0.58,0.0,0.018640068574669176,0.04070990976707749
56,0.0,0.0,spare,0.6612858662703314,0.4964271662923551,0.0,0.0,0.0
56,0.0,0.0,tight,0.58,0.4964271662923551,0.0,0.0,0.0
56,0.0,0.25,spare,0.6612858662703314,0.4964271662923551,0.0,0.0,0.0
56,0.0,0.25,tight,0.58,0.4964271662923551,0.0,0.0,0.0
56,0.0,0.5,spare,0.6612858662703314,0.4964271662923551,0.0,0.0,0.0
56,0.0,0.5,tight,0.58,0.4964271662923551,0.0,0.0,0.0
56,0.0,0.75,spare,0.6612858662703314,0.4964271662923551,0.0,0.0,0.0
56,0.0,0.75,tight,0.58,0.4964271662923551,0.0,0.0,0.0
56,0.0,1.0,spare,0.6612858662703314,0.4964271662923551,0.0,0.0,0.0
56,0.0,1.0,tight,0.58,0.4964271662923551,0.0,0.0,0.0
56,0.0025,0.0,spare,0.6393005144450752,0.4735155087410501,0.0016131412982418266,0.0,0.0
56,0.0025,0.0,tight,0.58,0.4735155087410501,0.0016131412982418266,0.0,0.0
56,0.0025,0.25,spare,0.6400217736322552,0.48215377351701216,0.00120985597368137,0.00040328532456045666,0.00037747506378858753
56,0.0025,0.25,tight,0.58,0.4806830617054897,0.00120985597368137,0.00040328532456045666,0.0008807751488400375
56,0.0025,0.5,spare,0.6407309190243745,0.49064061585471397,0.0008065706491209133,0.0008065706491209133,0.0007549501275771751
56,0.0025,0.5,tight,0.58,0.487715440242928,0.0008065706491209133,0.0008065706491209133,0.001761550297680075
56,0.0025,0.75,spare,0.6414281540767696,0.4989785789458644,0.00040328532456045666,0.00120985597368137,0.0011324251913657627
56,0.0025,0.75,tight,0.58,0.4946149146541603,0.00040328532456045666,0.00120985597368137,0.0026423254465201126
56,0.0025,1.0,spare,0.6421136788276752,0.5071701632683965,0.0,0.0016131412982418266,0.0015099002551543501
56,0.0025,1.0,tight,0.58,0.5013837171095021,0.0,0.0016131412982418266,0.00352310059536015
56,0.005,0.0,spare,0.6291179062347523,0.4933317056880527,0.0032557514557845324,0.0,0.0
56,0.005,0.0,tight,0.58,0.4933317056880527,0.0032557514557845324,0.0,0.0
56,0.005,0.25,spare,0.6305611540891232,0.5106104580270346,0.002441813591838399,0.0008139378639461331,0.0007618458406535809
56,0.005,0.25,tight,0.58,0.5076588616817214,0.002441813591838399,0.0008139378639461331,0.0017776402948583548
56,0.005,0.5,spare,0.6319558977433928,0.5272829078647515,0.0016278757278922662,0.0016278757278922662,0.0015236916813071617
56,0.005,0.5,tight,0.58,0.5214447729685977,0.0016278757278922662,0.0016278757278922662,0.0035552805897167096
56,0.005,0.75,spare,0.6333037673107953,0.5433694316166294,0.0008139378639461331,0.002441813591838399,0.0022855375219607427
56,0.005,0.75,tight,0.58,0.534707629523108,0.0008139378639461331,0.002441813591838399,0.005332920884575065
56,0.005,1.0,spare,0.6346063381202544,0.5588897208942136,0.0,0.0032557514557845324,0.0030473833626143234
56,0.005,1.0,tight,0.58,0.5474650099969894,0.0,0.0032557514557845324,0.007110561179433419
56,0.01,0.0,spare,0.57406665843148,0.4913806878231586,0.006148941042127561,0.0,0.0
56,0.01,0.0,tight,0.57406665843148,0.4913806878231586,0.006148941042127561,0.0,0.0
56,0.01,0.25,spare,0.5767516794042742,0.5235045977792266,0.004611705781595671,0.0015372352605318902,0.0014388522038578497
56,0.01,0.25,tight,0.5764635698513065,0.5179847587619896,0.004611705781595671,0.0015372352605318902,0.0033573218090016486
56,0.01,0.5,spare,0.5792688227311957,0.5535300371618899,0.0030744705210637804,0.0030744705210637804,0.0028777044077156993
56,0.01,0.5,tight,0.5787106173219863,0.5427155303364842,0.0030744705210637804,0.0030744705210637804,0.006714643618003297
56,0.01,0.75,spare,0.5816285847563218,0.5815882102721072,0.0015372352605318902,0.004611705781595671,0.00431655661157355
56,0.01,0.75,tight,0.58,0.5656901282936988,0.0015372352605318902,0.004611705781595671,0.010071965427004947
56,0.01,1.0,spare,0.5838408055526785,0.607802118022709,0.0,0.006148941042127561,0.005755408815431399
56,0.01,1.0,tight,0.58,0.58,0.0,0.006148941042127561,0.013429287236006594
56,0.02,0.0,spare,0.5554056536708712,0.4953603911199571,0.012362272775680413,0.0,0.0
56,0.02,0.0,tight,0.5554056536708712,0.4953603911199571,0.012362272775680413,0.0,0.0
56,0.02,0.25,spare,0.5606333266867772,0.5578135319892722,0.009271704581760309,0.003090568193920103,0.0028927718295092175
56,0.02,0.25,tight,0.5600723841276934,0.5469447208947125,0.009271704581760309,0.003090568193920103,0.006749800935521507
56,0.02,0.5,spare,0.5652246229058958,0.6123119628987468,0.006181136387840206,0.006181136387840206,0.005785543659018435
56,0.02,0.5,tight,0.5641710226303046,0.58,0.006181136387840206,0.006181136387840206,0.013499601871043014
56,0.02,0.75,spare,0.5692570099560336,0.6598240291959595,0.003090568193920103,0.009271704581760309,0.008678315488527651
56,0.02,0.75,tight,0.5677707243337807,0.58,0.003090568193920103,0.009271704581760309,0.020249402806564516
56,0.02,1.0,spare,0.5727985251504594,0.7012001972967729,0.0,0.012362272775680413,0.01157108731803687
56,0.02,1.0,tight,0.5709322259753024,0.58,0.0,0.012362272775680413,0.026999203742086027
56,0.03,0.0,spare,0.5090221854420167,0.4903846655742192,0.018862075157533385,0.0,0.0
56,0.03,0.0,tight,0.5090221854420167,0.4903846655742192,0.018862075157533385,0.0,0.0
56,0.03,0.25,spare,0.5167380469516024,0.5824192088571782,0.01414655636815004,0.004715518789383346,0.004413725586862813
56,0.03,0.25,tight,0.5159101154632415,0.5661850978035163,0.01414655636815004,0.004715518789383346,0.01029869303601323
56,0.03,0.5,spare,0.5230675793154378,0.6571246378182567,0.009431037578766692,0.009431037578766692,0.008827451173725626
56,0.03,0.5,tight,0.5215604729683643,0.58,0.009431037578766692,0.009431037578766692,0.02059738607202646
56,0.03,0.75,spare,0.5282598679399895,0.7176145200382904,0.004715518789383346,0.01414655636815004,0.01324117676058844
56,0.03,0.75,tight,0.526195615868672,0.58,0.004715518789383346,0.01414655636815004,0.030896079108039688
56,0.03,1.0,spare,0.5325192444011462,0.7664430002158855,0.0,0.018862075157533385,0.017654902347451252
56,0.03,1.0,tight,0.5299979504442798,0.58,0.0,0.018862075157533385,0.04119477214405292
57,0.0,0.0,spare,0.6631162104147811,0.5041125925883597,0.0,0.0,0.0
57,0.0,0.0,tight,0.58,0.5041125925883597,0.0,0.0,0.0
57,0.0,0.25,spare,0.6631162104147811,0.5041125925883597,0.0,0.0,0.0
57,0.0,0.25,tight,0.58,0.5041125925883597,0.0,0.0,0.0
57,0.0,0.5,spare,0.6631162104147811,0.5041125925883597,0.0,0.0,0.0
57,0.0,0.5,tight,0.58,0.5041125925883597,0.0,0.0,0.0
57,0.0,0.75,spare,0.6631162104147811,0.5041125925883597,0.0,0.0,0.0
57,0.0,0.75,tight,0.58,0.5041125925883597,0.0,0.0,0.0
57,0.0,1.0,spare,0.6631162104147811,0.5041125925883597,0.0,0.0,0.0
57,0.0,1.0,tight,0.58,0.5041125925883597,0.0,0.0,0.0
57,0.0025,0.0,spare,0.6551249922175183,0.4848815196115159,0.0016444926604927835,0.0,0.0
57,0.0025,0.0,tight,0.58,0.4848815196115159,0.0016444926604927835,0.0,0.0
57,0.0025,0.25,spare,0.6558601483918488,0.4936861605080922,0.0012333694953695876,0.0004111231651231959,0.0003848112825553115
57,0.0025,0.25,tight,0.58,0.4921870272974261,0.0012333694953695876,0.0004111231651231959,0.0008978929926290599
57,0.0025,0.5,spare,0.6565827194646365,0.5023334876353829,0.0008222463302463918,0.0008222463302463918,0.000769622565110623
57,0.0025,0.5,tight,0.58,0.4993521013800544,0.0008222463302463918,0.0008222463302463918,0.0017957859852581197
57,0.0025,0.75,spare,0.6572929208796011,0.5108261940398856,0.0004111231651231959,0.0012333694953695876,0.0011544338476659343
57,0.0025,0.75,tight,0.58,0.5063791459351865,0.0004111231651231959,0.0012333694953695876,0.0026936789778871793
57,0.0025,1.0,spare,0.6579909643922923,0.5191669266659705,0.0,0.0016444926604927835,0.001539245130221246
57,0.0025,1.0,tight,0.58,0.5132705238833556,0.0,0.0016444926604927835,0.0035915719705162394
57,0.005,0.0,spare,0.631435778838239,0.4901060277532688,0.0032667319406154954,0.0,0.0
57,0.005,0.0,tight,0.58,0.4901060277532688,0.0032667319406154954,0.0,0.0
57,0.005,0.25,spare,0.6328838112497703,0.5074420176233068,0.0024500489554616215,0.0008166829851538738,0.0007644152741040262
57,0.005,0.25,tight,0.58,0.5044805779279119,0.0024500489554616215,0.0008166829851538738,0.0017836356395760607
57,0.005,0.5,spare,0.6342830173324817,0.5241676783830949,0.0016333659703077477,0.0016333659703077477,0.0015288305482080524
57,0.005,0.5,tight,0.58,0.5183102888521234,0.0016333659703077477,0.0016333659703077477,0.0035672712791521215
57,0.005,0.75,spare,0.6356350434655336,0.5403035897721393,0.0008166829851538738,0.0024500489554616215,0.0022932458223120784
57,0.005,0.75,tight,0.58,0.5316135320072207,0.0008166829851538738,0.0024500489554616215,0.005350906918728183
57,0.005,1.0,spare,0.6369414805136866,0.5558696375999479,0.0,0.0032667319406154954,0.003057661096416105
57,0.005,1.0,tight,0.58,0.5444080594049706,0.0,0.0032667319406154954,0.007134542558304243
57,0.01,0.0,spare,0.5651238205254443,0.49696486173420473,0.006350406275579015,0.0,0.0
57,0.01,0.0,tight,0.5651238205254443,0.49696486173420473,0.006350406275579015,0.0,0.0
57,0.01,0.25,spare,0.5678939147235903,0.5301050441425444,0.004762804706684261,0.0015876015688947537,0.00148599506848549
57,0.01,0.25,tight,0.5675966765980068,0.5244082408147703,0.004762804706684261,0.0015876015688947537,0.0034673218264661423
57,0.01,0.5,spare,0.5704853245451854,0.5610116718439977,0.0031752031377895074,0.0031752031377895074,0.00297199013697098
57,0.01,0.5,tight,0.569910021580325,0.5498577312672808,0.0031752031377895074,0.0031752031377895074,0.0069346436529322845
57,0.01,0.75,spare,0.5729095759904808,0.5898288198417033,0.0015876015688947537,0.004762804706684261,0.00445798520545647
57,0.01,0.75,tight,0.5720741447036214,0.5734419484820196,0.0015876015688947537,0.004762804706684261,0.010401965479398428
57,0.01,1.0,spare,0.5751774515773683,0.616691269609313,0.0,0.006350406275579015,0.00594398027394196
57,0.01,1.0,tight,0.5740986714943005,0.58,0.0,0.006350406275579015,0.013869287305864569
57,0.02,0.0,spare,0.5421167639700419,0.47361548794867026,0.01268049827200701,0.0,0.0
57,0.02,0.0,tight,0.5421167639700419,0.47361548794867026,0.01268049827200701,0.0,0.0
57,0.02,0.25,spare,0.5474702507909768,0.537566836614707,0.009510373704005258,0.0031701245680017527,0.0029672365956496414
57,0.02,0.25,tight,0.54689580809186,0.526429987414882,0.009510373704005258,0.0031701245680017527,0.006923552056515829
57,0.02,0.5,spare,0.5521563610018632,0.5931759776551374,0.006340249136003505,0.006340249136003505,0.005934473191299283
57,0.02,0.5,tight,0.551079086804708,0.5717974192689651,0.006340249136003505,0.006340249136003505,0.013847104113031658
57,0.02,0.75,spare,0.5562582911350804,0.6414828677247019,0.0031701245680017527,0.009510373704005258,0.008901709786948925
57,0.02,0.75,tight,0.5547408694422595,0.58,0.0031701245680017527,0.009510373704005258,0.020770656169547486
57,0.02,1.0,spare,0.5598488662732208,0.6833978203558077,0.0,0.01268049827200701,0.011868946382598566
57,0.02,1.0,tight,0.5579461667712402,0.58,0.0,0.01268049827200701,0.027694208226063315
57,0.03,0.0,spare,0.5190862624209339,0.4792598023348824,0.01879605119928499,0.0,0.0
57,0.03,0.0,tight,0.5190862624209339,0.4792598023348824,0.01879605119928499,0.0,0.0
57,0.03,0.25,spare,0.5267776935012605,0.5710044148583313,0.014097038399463743,0.004699012799821247,0.004398275980632689
57,0.03,0.25,tight,0.5259523834598543,0.5548236713665778,0.014097038399463743,0.004699012799821247,0.010262643954809605
57,0.03,0.5,spare,0.5330915604966528,0.6455294763201032,0.009398025599642494,0.009398025599642494,0.008796551961265378
57,0.03,0.5,tight,0.5315887565302567,0.58,0.009398025599642494,0.009398025599642494,0.02052528790961921
57,0.03,0.75,spare,0.5382745902890503,0.70591907274444,0.004699012799821247,0.014097038399463743,0.013194827941898067
57,0.03,0.75,tight,0.536215634094558,0.58,0.004699012799821247,0.014097038399463743,0.030787931864428818
57,0.03,1.0,spare,0.5425293200526778,0.75470491880915,0.0,0.01879605119928499,0.017593103922530755
57,0.03,1.0,tight,0.540013820575054,0.58,0.0,0.01879605119928499,0.04105057581923842
58,0.0,0.0,spare,0.6799445526230089,0.484143478603046,0.0,0.0,0.0
58,0.0,0.0,tight,0.58,0.484143478603046,0.0,0.0,0.0
58,0.0,0.25,spare,0.6799445526230089,0.484143478603046,0.0,0.0,0.0
58,0.0,0.25,tight,0.58,0.484143478603046,0.0,0.0,0.0
58,0.0,0.5,spare,0.6799445526230089,0.484143478603046,0.0,0.0,0.0
58,0.0,0.5,tight,0.58,0.484143478603046,0.0,0.0,0.0
58,0.0,0.75,spare,0.6799445526230089,0.484143478603046,0.0,0.0,0.0
58,0.0,0.75,tight,0.58,0.484143478603046,0.0,0.0,0.0
58,0.0,1.0,spare,0.6799445526230089,0.484143478603046,0.0,0.0,0.0
58,0.0,1.0,tight,0.58,0.484143478603046,0.0,0.0,0.0
58,0.0025,0.0,spare,0.6345551505803705,0.4931474895271064,0.0016315185967864091,0.0,0.0
58,0.0025,0.0,tight,0.58,0.4931474895271064,0.0016315185967864091,0.0,0.0
58,0.0025,0.25,spare,0.6352845563506258,0.5018832863036496,0.001223638947589807,0.0004078796491966023,0.00038177535164801984
58,0.0025,0.25,tight,0.58,0.5003959139124362,0.001223638947589807,0.0004078796491966023,0.0008908091538453795
58,0.0025,0.5,spare,0.6360015731310878,0.5104642207077771,0.0008157592983932046,0.0008157592983932046,0.0007635507032960397
58,0.0025,0.5,tight,0.58,0.5075060930502593,0.0008157592983932046,0.0008157592983932046,0.001781618307690759
58,0.0025,0.75,spare,0.6367064113493052,0.5188929230838452,0.0004078796491966023,0.001223638947589807,0.0011453260549440596
58,0.0025,0.75,tight,0.58,0.5144803750423185,0.0004078796491966023,0.001223638947589807,0.002672427461536139
58,0.0025,1.0,spare,0.6373992778587048,0.5271719790996929,0.0,0.0016315185967864091,0.0015271014065920793
58,0.0025,1.0,tight,0.58,0.5213210681077427,0.0,0.0016315185967864091,0.003563236615381518
58,0.005,0.0,spare,0.6310638652295291,0.47019210617410284,0.0032267012884594276,0.0,0.0
58,0.005,0.0,tight,0.58,0.47019210617410284,0.0032267012884594276,0.0,0.0
58,0.005,0.25,spare,0.6324944523132248,0.4873193966187989,0.0024200259663445705,0.0008066753221148569,0.0007550481014995062
58,0.005,0.25,tight,0.58,0.4843938455853151,0.0024200259663445705,0.0008066753221148569,0.0017617789034988477
58,0.005,0.5,spare,0.6338773824622138,0.5038509753796635,0.0016133506442297138,0.0016133506442297138,0.0015100962029990124
58,0.005,0.5,tight,0.58,0.4980637946856256,0.0016133506442297138,0.0016133506442297138,0.0035235578069976953
58,0.005,0.75,spare,0.635214243264873,0.5198066873114026,0.0008066753221148569,0.0024200259663445705,0.0022651443044985186
58,0.005,0.75,tight,0.58,0.5112196689265529,0.0008066753221148569,0.0024200259663445705,0.0052853367104965425
58,0.005,1.0,spare,0.6365065694224831,0.5352057161800295,0.0,0.0032267012884594276,0.003020192405998025
58,0.005,1.0,tight,0.58,0.5238785936074143,0.0,0.0032267012884594276,0.007047115613995391
58,0.01,0.0,spare,0.603703516507432,0.4735112058651483,0.006355965463723879,0.0,0.0
58,0.01,0.0,tight,0.58,0.4735112058651483,0.006355965463723879,0.0,0.0
58,0.01,0.25,spare,0.6064759556472976,0.5066793991949567,0.004766974097792909,0.0015889913659309697,0.001487295918511388
58,0.01,0.25,tight,0.58,0.5009777161731378,0.004766974097792909,0.0015889913659309697,0.003470357143193238
58,0.01,0.5,spare,0.609069407762567,0.5376102547173129,0.0031779827318619393,0.0031779827318619393,0.002974591837022776
58,0.01,0.5,tight,0.58,0.5264469606887816,0.0031779827318619393,0.0031779827318619393,0.006940714286386476
58,0.01,0.75,spare,0.6114954281492657,0.5664482136325354,0.0015889913659309697,0.004766974097792909,0.004461887755534164
58,0.01,0.75,tight,0.58,0.5500478817056578,0.0015889913659309697,0.004766974097792909,0.010411071429579716
58,0.01,1.0,spare,0.6137648261003693,0.5933283921028193,0.0,0.006355965463723879,0.005949183674045552
58,0.01,1.0,tight,0.58,0.5719010970794367,0.0,0.006355965463723879,0.013881428572772952
58,0.02,0.0,spare,0.5909047956221228,0.5079739675598804,0.012780987535363296,0.0,0.0
58,0.02,0.0,tight,0.58,0.5079739675598804,0.012780987535363296,0.0,0.0
58,0.02,0.25,spare,0.5962979246766557,0.5723973296582661,0.009585740651522472,0.003195246883840824,0.002990751083275012
58,0.02,0.25,tight,0.58,0.5611759564070249,0.009585740651522472,0.003195246883840824,0.006978419194308361
58,0.02,0.5,spare,0.6010137567630708,0.6283544796551805,0.006390493767681648,0.006390493767681648,0.005981502166550024
58,0.02,0.5,tight,0.58,0.58,0.006390493767681648,0.006390493767681648,0.013956838388616721
58,0.02,0.75,spare,0.6051373503285856,0.6769086481408408,0.003195246883840824,0.009585740651522472,0.008972253249825035
58,0.02,0.75,tight,0.58,0.58,0.003195246883840824,0.009585740651522472,0.020935257582925082
58,0.02,1.0,spare,0.6087430817418263,0.7189895397230738,0.0,0.012780987535363296,0.011963004333100049
58,0.02,1.0,tight,0.58,0.58,0.0,0.012780987535363296,0.027913676777233443
58,0.03,0.0,spare,0.5136896082356428,0.4944943307532682,0.018060497152612535,0.0,0.0
58,0.03,0.0,tight,0.5136896082356428,0.4944943307532682,0.018060497152612535,0.0,0.0
58,0.03,0.25,spare,0.521107718420459,0.5829945517297594,0.013545372864459402,0.004515124288153134,0.004226156333711335
58,0.03,0.25,tight,0.5203117364036084,0.5674099014075116,0.013545372864459402,0.004515124288153134,0.009861031445326445
58,0.03,0.5,spare,0.5272444305353685,0.6554772968324167,0.009030248576306268,0.009030248576306268,0.00845231266742267
58,0.03,0.5,tight,0.5257899637610313,0.58,0.009030248576306268,0.009030248576306268,0.01972206289065289
58,0.03,0.75,spare,0.5323210921975746,0.7147094112762815,0.004515124288153134,0.013545372864459402,0.012678469001134004
58,0.03,0.75,tight,0.5303218867649977,0.58,0.004515124288153134,0.013545372864459402,0.029583094335979335
58,0.03,1.0,spare,0.5365208156243746,0.7629797977775706,0.0,0.018060497152612535,0.01690462533484534
58,0.03,1.0,tight,0.5340709692279683,0.58,0.0,0.018060497152612535,0.03944412578130578
59,0.0,0.0,spare,0.6779194377404689,0.4955122837429062,0.0,0.0,0.0
59,0.0,0.0,tight,0.58,0.4955122837429062,0.0,0.0,0.0
59,0.0,0.25,spare,0.6779194377404689,0.4955122837429062,0.0,0.0,0.0
59,0.0,0.25,tight,0.58,0.4955122837429062,0.0,0.0,0.0
59,0.0,0.5,spare,0.6779194377404689,0.4955122837429062,0.0,0.0,0.0
59,0.0,0.5,tight,0.58,0.4955122837429062,0.0,0.0,0.0
59,0.0,0.75,spare,0.6779194377404689,0.4955122837429062,0.0,0.0,0.0
59,0.0,0.75,tight,0.58,0.4955122837429062,0.0,0.0,0.0
59,0.0,1.0,spare,0.6779194377404689,0.4955122837429062,0.0,0.0,0.0
59,0.0,1.0,tight,0.58,0.4955122837429062,0.0,0.0,0.0
59,0.0025,0.0,spare,0.6421327272931777,0.4950361997223364,0.001657440375557901,0.0,0.0
59,0.0025,0.0,tight,0.58,0.4950361997223364,0.001657440375557901,0.0,0.0
59,0.0025,0.25,spare,0.6428736214123321,0.5039095351638855,0.0012430802816684257,0.00041436009388947525,0.0003878410478805489
59,0.0025,0.25,tight,0.58,0.5023986660659082,0.0012430802816684257,0.00041436009388947525,0.0009049624450546141
59,0.0025,0.5,spare,0.6436017332080932,0.5126230915630196,0.0008287201877789505,0.0008287201877789505,0.0007756820957610978
59,0.0025,0.5,tight,0.58,0.5096184980631215,0.0008287201877789505,0.0008287201877789505,0.0018099248901092282
59,0.0025,0.75,spare,0.6443172832083168,0.5211796255179337,0.00041436009388947525,0.0012430802816684257,0.0011635231436416468
59,0.0025,0.75,tight,0.58,0.516698156522201,0.00041436009388947525,0.0012430802816684257,0.002714887335163842
59,0.0025,1.0,spare,0.6450204881361874,0.5295818460684355,0.0,0.001657440375557901,0.0015513641915221956
59,0.0025,1.0,tight,0.58,0.5236400597961197,0.0,0.001657440375557901,0.0036198497802184563
59,0.005,0.0,spare,0.6640352949050463,0.4887993470108854,0.0033686365598167485,0.0,0.0
59,0.005,0.0,tight,0.58,0.4887993470108854,0.0033686365598167485,0.0,0.0
59,0.005,0.25,spare,0.6655277041938903,0.5066662021664381,0.0025264774198625614,0.0008421591399541871,0.0007882609549971194
59,0.005,0.25,tight,0.58,0.5036134463377788,0.0025264774198625614,0.0008421591399541871,0.001839275561659945
59,0.005,0.5,spare,0.6669682486009015,0.5238847462990807,0.0016843182799083742,0.0016843182799083742,0.0015765219099942388
59,0.005,0.5,tight,0.58,0.5178488000570372,0.0016843182799083742,0.0016843182799083742,0.00367855112331989
59,0.005,0.75,spare,0.6683587305578843,0.5404775098063695,0.0008421591399541871,0.0025264774198625614,0.0023647828649913582
59,0.005,0.75,tight,0.58,0.5315255209974775,0.0008421591399541871,0.0025264774198625614,0.005517826684979834
59,0.005,1.0,spare,0.669700889857719,0.556466240099306,0.0,0.0033686365598167485,0.0031530438199884776
59,0.005,1.0,tight,0.58,0.5446630230178031,0.0,0.0033686365598167485,0.00735710224663978
59,0.01,0.0,spare,0.6100867984741737,0.5020062172473501,0.006418436431786644,0.0,0.0
59,0.01,0.0,tight,0.58,0.5020062172473501,0.006418436431786644,0.0,0.0
59,0.01,0.25,spare,0.6128855793148421,0.535489063630668,0.004813827323839983,0.001604609107946661,0.0015019141250380754
59,0.01,0.25,tight,0.58,0.5297325580263922,0.004813827323839983,0.001604609107946661,0.003504466291755508
59,0.01,0.5,spare,0.6155019557638822,0.56669185511863,0.003209218215893322,0.003209218215893322,0.003003828250076151
59,0.01,0.5,tight,0.58,0.5554234995769424,0.003209218215893322,0.003209218215893322,0.007008932583511016
59,0.01,0.75,spare,0.6179478156267274,0.5957631892791571,0.001604609107946661,0.004813827323839983,0.004505742375114225
59,0.01,0.75,tight,0.58,0.5792116945714066,0.001604609107946661,0.004813827323839983,0.010513398875266524
59,0.01,1.0,spare,0.620234271947213,0.6228419791601889,0.0,0.006418436431786644,0.006007656500152302
59,0.01,1.0,tight,0.58,0.58,0.0,0.006418436431786644,0.014017865167022033
59,0.02,0.0,spare,0.5533881653263366,0.5079673910748274,0.012384352378770776,0.0,0.0
59,0.02,0.0,tight,0.5533881653263366,0.5079673910748274,0.012384352378770776,0.0,0.0
59,0.02,0.25,spare,0.5586245813247983,0.5705246525989667,0.009288264284078081,0.003096088094692694,0.0028979384566323626
59,0.02,0.25,tight,0.5580627006215357,0.5596372258660068,0.009288264284078081,0.003096088094692694,0.0067618563988088454
59,0.02,0.5,spare,0.5632224901392775,0.6251005743233242,0.006192176189385388,0.006192176189385388,0.005795876913264725
59,0.02,0.5,tight,0.562167242171272,0.58,0.006192176189385388,0.006192176189385388,0.013523712797617691
59,0.02,0.75,spare,0.5672597487284492,0.6726683682313376,0.003096088094692694,0.009288264284078081,0.008693815369897087
59,0.02,0.75,tight,0.5657712926853016,0.58,0.003096088094692694,0.009288264284078081,0.02028556919642653
59,0.02,1.0,spare,0.570804720491376,0.7140825768112884,0.0,0.012384352378770776,0.01159175382652945
59,0.02,1.0,tight,0.5689358799967665,0.58,0.0,0.012384352378770776,0.027047425595235382
59,0.03,0.0,spare,0.5224352118676439,0.4892317012013519,0.018347585342383555,0.0,0.0
59,0.03,0.0,tight,0.5224352118676439,0.4892317012013519,0.018347585342383555,0.0,0.0
59,0.03,0.25,spare,0.5299602509725012,0.5790013550419517,0.013760689006787667,0.004586896335595889,0.004293334970117754
59,0.03,0.25,tight,0.5291527952116224,0.5631837114041419,0.013760689006787667,0.004586896335595889,0.010017781596941422
59,0.03,0.5,spare,0.5361666841363742,0.6522884346202469,0.009173792671191778,0.009173792671191778,0.008586669940235507
59,0.03,0.5,tight,0.5346932623728146,0.58,0.009173792671191778,0.009173792671191778,0.020035563193882843
59,0.03,0.75,spare,0.5412855695110375,0.7119811668334186,0.004586896335595889,0.013760689006787667,0.012880004910353262
59,0.03,0.75,tight,0.5392628783779162,0.58,0.004586896335595889,0.013760689006787667,0.03005334479082427
59,0.03,1.0,spare,0.5455074771328685,0.760461677136189,0.0,0.018347585342383555,0.017173339880471015
59,0.03,1.0,tight,0.5430317646155866,0.58,0.0,0.018347585342383555,0.040071126387765686
60,0.0,0.0,spare,0.6735636444636341,0.5080813047309868,0.0,0.0,0.0
60,0.0,0.0,tight,0.58,0.5080813047309868,0.0,0.0,0.0
60,0.0,0.25,spare,0.6735636444636341,0.5080813047309868,0.0,0.0,0.0
60,0.0,0.25,tight,0.58,0.5080813047309868,0.0,0.0,0.0
60,0.0,0.5,spare,0.6735636444636341,0.5080813047309868,0.0,0.0,0.0
60,0.0,0.5,tight,0.58,0.5080813047309868,0.0,0.0,0.0
60,0.0,0.75,spare,0.6735636444636341,0.5080813047309868,0.0,0.0,0.0
60,0.0,0.75,tight,0.58,0.5080813047309868,0.0,0.0,0.0
60,0.0,1.0,spare,0.6735636444636341,0.5080813047309868,0.0,0.0,0.0
60,0.0,1.0,tight,0.58,0.5080813047309868,0.0,0.0,0.0
60,0.0025,0.0,spare,0.6290512573381868,0.48500747206291867,0.0015908315447959235,0.0,0.0
60,0.0025,0.0,tight,0.58,0.48500747206291867,0.0015908315447959235,0.0,0.0
60,0.0025,0.25,spare,0.6297626245879648,0.49352730810366235,0.0011931236585969425,0.00039770788619898086,0.00037225458148224623
60,0.0025,0.25,tight,0.58,0.4920768248095247,0.0011931236585969425,0.00039770788619898086,0.0008685940234585743
60,0.0025,0.5,spare,0.6304622080410762,0.5018998466860717,0.0007954157723979617,0.0007954157723979617,0.0007445091629644925
60,0.0025,0.5,tight,0.58,0.4990146854882585,0.0007954157723979617,0.0007954157723979617,0.0017371880469171485
60,0.0025,0.75,spare,0.6311502028960824,0.5101275277921661,0.00039770788619898086,0.0011931236585969425,0.0011167637444467386
60,0.0025,0.75,tight,0.58,0.5058232322648868,0.00039770788619898086,0.0011931236585969425,0.0026057820703757227
60,0.0025,1.0,spare,0.6318268011180811,0.5182127509856685,0.0,0.0015908315447959235,0.001489018325928985
60,0.0025,1.0,tight,0.58,0.5125046072238663,0.0,0.0015908315447959235,0.003474376093834297
60,0.005,0.0,spare,0.6412704037139199,0.4814101678402359,0.003270423206906494,0.0,0.0
60,0.005,0.0,tight,0.58,0.4814101678402359,0.003270423206906494,0.0,0.0
60,0.005,0.25,spare,0.6427200444072808,0.4987653974768314,0.0024528174051798705,0.0008176058017266235,0.0007652790304161198
60,0.005,0.25,tight,0.58,0.4958006489474169,0.0024528174051798705,0.0008176058017266235,0.001785651070970946
60,0.005,0.5,spare,0.6441207502520052,0.51550894150547,0.001635211603453247,0.001635211603453247,0.0015305580608322396
60,0.005,0.5,tight,0.58,0.5096450798620998,0.001635211603453247,0.001635211603453247,0.003571302141941892
60,0.005,0.75,spare,0.6454741731190856,0.5316614483135594,0.0008176058017266235,0.0024528174051798705,0.0022958370912483594
60,0.005,0.75,tight,0.58,0.5229618933474104,0.0008176058017266235,0.0024528174051798705,0.005356953212912838
60,0.005,1.0,spare,0.6467819091180717,0.5472428692704693,0.0,0.003270423206906494,0.0030611161216644793
60,0.005,1.0,tight,0.58,0.535768899940237,0.0,0.003270423206906494,0.007142604283883784
60,0.01,0.0,spare,0.6030680330069705,0.48171629488603485,0.006345586695694111,0.0,0.0
60,0.01,0.0,tight,0.58,0.48171629488603485,0.006345586695694111,0.0,0.0
60,0.01,0.25,spare,0.6058360941295173,0.5148321916310774,0.0047591900217705835,0.0015863966739235278,0.0014848672867924225
60,0.01,0.25,tight,0.58,0.5091396189392606,0.0047591900217705835,0.0015863966739235278,0.0034646903358489848
60,0.01,0.5,spare,0.6084257330655385,0.54571781104455,0.0031727933478470556,0.0031727933478470556,0.002969734573584845
60,0.01,0.5,tight,0.58,0.5345719800690729,0.0031727933478470556,0.0031727933478470556,0.0069293806716979696
60,0.01,0.75,spare,0.6108484504558204,0.5745169111362799,0.0015863966739235278,0.0047591900217705835,0.004454601860377268
60,0.01,0.75,tight,0.58,0.5581417106866291,0.0015863966739235278,0.0047591900217705835,0.010394071007546956
60,0.01,1.0,spare,0.6131150056390661,0.6013639836400588,0.0,0.006345586695694111,0.00593946914716969
60,0.01,1.0,tight,0.58,0.579968871221946,0.0,0.006345586695694111,0.013858761343395939
60,0.02,0.0,spare,0.5319214706284505,0.5011791414771646,0.012493897236913881,0.0,0.0
60,0.02,0.0,tight,0.5319214706284505,0.5011791414771646,0.012493897236913881,0.0,0.0
60,0.02,0.25,spare,0.5372012337481222,0.5642526085196238,0.009370422927685411,0.0031234743092284703,0.002923571953437849
60,0.02,0.25,tight,0.5366347017889326,0.5532728630918339,0.009370422927685411,0.0031234743092284703,0.006821667891354979
60,0.02,0.5,spare,0.5418318747878796,0.6192120495631523,0.006246948618456941,0.006246948618456941,0.005847143906875698
60,0.02,0.5,tight,0.5407684633132464,0.58,0.006246948618456941,0.006246948618456941,0.013643335782709959
60,0.02,0.75,spare,0.5458932002589394,0.6670550459979611,0.0031234743092284703,0.009370422927685411,0.008770715860313546
60,0.02,0.75,tight,0.5443939982717632,0.58,0.0031234743092284703,0.009370422927685411,0.02046500367406494
60,0.02,1.0,spare,0.549455204836764,0.7086565312673321,0.0,0.012493897236913881,0.011694287813751396
60,0.02,1.0,tight,0.5475737907339346,0.58,0.0,0.012493897236913881,0.027286671565419918
60,0.03,0.0,spare,0.5231290663036331,0.4838028252606733,0.018391110166206672,0.0,0.0
60,0.03,0.0,tight,0.5231290663036331,0.4838028252606733,0.018391110166206672,0.0,0.0
60,0.03,0.25,spare,0.5306702885526203,0.5737645835941211,0.013793332624655003,0.004597777541551668,0.0043035197788923625
60,0.03,0.25,tight,0.5298610962993757,0.557911654056708,0.013793332624655003,0.004597777541551668,0.010041546150748844
60,0.03,0.5,spare,0.536887227246079,0.6471727974834612,0.009195555083103336,0.009195555083103336,0.008607039557784725
60,0.03,0.5,tight,0.5354109417202129,0.58,0.009195555083103336,0.009195555083103336,0.020083092301497688
60,0.03,0.75,spare,0.5420124344660907,0.7069343679547166,0.004597777541551668,0.013793332624655003,0.012910559336677088
60,0.03,0.75,tight,0.5399862012206408,0.58,0.004597777541551668,0.013793332624655003,0.03012463845224653
60,0.03,1.0,spare,0.5462376247636402,0.7554457268951925,0.0,0.018391110166206672,0.01721407911556945
60,0.03,1.0,tight,0.5437580178946081,0.58,0.0,0.018391110166206672,0.040166184602995376
61,0.0,0.0,spare,0.6530480985848656,0.4763561773307197,0.0,0.0,0.0
61,0.0,0.0,tight,0.58,0.4763561773307197,0.0,0.0,0.0
61,0.0,0.25,spare,0.6530480985848656,0.4763561773307197,0.0,0.0,0.0
61,0.0,0.25,tight,0.58,0.4763561773307197,0.0,0.0,0.0
61,0.0,0.5,spare,0.6530480985848656,0.4763561773307197,0.0,0.0,0.0
61,0.0,0.5,tight,0.58,0.4763561773307197,0.0,0.0,0.0
61,0.0,0.75,spare,0.6530480985848656,0.4763561773307197,0.0,0.0,0.0
61,0.0,0.75,tight,0.58,0.4763561773307197,0.0,0.0,0.0
61,0.0,1.0,spare,0.6530480985848656,0.4763561773307197,0.0,0.0,0.0
61,0.0,1.0,tight,0.58,0.4763561773307197,0.0,0.0,0.0
61,0.0025,0.0,spare,0.6249393110932271,0.470989214006398,0.0015638185495335142,0.0,0.0
61,0.0025,0.0,tight,0.58,0.470989214006398,0.0015638185495335142,0.0,0.0
61,0.0025,0.25,spare,0.6256386979300064,0.47936561592554816,0.0011728639121501357,0.00039095463738337855,0.0003659335405908424
61,0.0025,0.25,tight,0.58,0.47793962979427645,0.0011728639121501357,0.00039095463738337855,0.0008538449280452989
61,0.0025,0.5,spare,0.6263266945388735,0.4875996399957962,0.0007819092747667571,0.0007819092747667571,0.0007318670811816848
61,0.0025,0.5,tight,0.58,0.48476294523715885,0.0007819092747667571,0.0007819092747667571,0.0017076898560905978
61,0.0025,0.75,spare,0.6270034864213064,0.4956936049856167,0.00039095463738337855,0.0011728639121501357,0.0010978006217725275
61,0.0025,0.75,tight,0.58,0.4914612302937878,0.00039095463738337855,0.0011728639121501357,0.0025615347841358967
61,0.0025,1.0,spare,0.6276692560577023,0.5036497918999748,0.0,0.0015638185495335142,0.0014637341623633697
61,0.0025,1.0,tight,0.58,0.4980365212115166,0.0,0.0015638185495335142,0.0034153797121811956
61,0.005,0.0,spare,0.6186780970546132,0.4889399406078714,0.003277948930015704,0.0,0.0
61,0.005,0.0,tight,0.58,0.4889399406078714,0.003277948930015704,0.0,0.0
61,0.005,0.25,spare,0.6201310165065452,0.5063343937073983,0.002458461697511778,0.000819487232503926,0.0007670400496236749
61,0.005,0.25,tight,0.58,0.5033628994136048,0.002458461697511778,0.000819487232503926,0.0017897601157885747
61,0.005,0.5,spare,0.6215347795004436,0.523114391081503,0.001638974465007852,0.001638974465007852,0.0015340800992473499
61,0.005,0.5,tight,0.58,0.5172373351499969,0.001638974465007852,0.001638974465007852,0.0035795202315771495
61,0.005,0.75,spare,0.6228910491411437,0.539300721540632,0.000819487232503926,0.002458461697511778,0.0023011201488710247
61,0.005,0.75,tight,0.58,0.5305818059354646,0.000819487232503926,0.002458461697511778,0.005369280347365724
61,0.005,1.0,spare,0.6242014322658455,0.5549134705497804,0.0,0.003277948930015704,0.0030681601984946997
61,0.005,1.0,tight,0.58,0.5434142420137212,0.0,0.003277948930015704,0.007159040463154299
61,0.01,0.0,spare,0.6149773119256915,0.496340029332192,0.00649087821731009,0.0,0.0
61,0.01,0.0,tight,0.58,0.496340029332192,0.00649087821731009,0.0,0.0
61,0.01,0.25,spare,0.6178066171651074,0.5301874793220406,0.004868158662982567,0.0016227195543275226,0.0015188655028505616
61,0.01,0.25,tight,0.58,0.5243674300641797,0.004868158662982567,0.0016227195543275226,0.0035440195066513097
61,0.01,0.5,spare,0.6204495175950555,0.5617048691935412,0.003245439108655045,0.003245439108655045,0.0030377310057011233
61,0.01,0.5,tight,0.58,0.5503147920318003,0.003245439108655045,0.003245439108655045,0.007088039013302619
61,0.01,0.75,spare,0.622918294235098,0.5910457116912218,0.0016227195543275226,0.004868158662982567,0.004556596508551685
61,0.01,0.75,tight,0.58,0.5743191556731639,0.0016227195543275226,0.004868158662982567,0.010632058519953929
61,0.01,1.0,spare,0.6252244189870393,0.6183534055876366,0.0,0.00649087821731009,0.0060754620114022466
61,0.01,1.0,tight,0.58,0.58,0.0,0.00649087821731009,0.014176078026605239
61,0.02,0.0,spare,0.5649758738061571,0.4834375457020894,0.012790687356229541,0.0,0.0
61,0.02,0.0,tight,0.5649758738061571,0.4834375457020894,0.012790687356229541,0.0,0.0
61,0.02,0.25,spare,0.5703728271515144,0.5479064416776984,0.009593015517172156,0.0031976718390573852,0.0029930208413577134
61,0.02,0.25,tight,0.5697937203842033,0.5366769126311663,0.009593015517172156,0.0031976718390573852,0.00698371529650133
61,0.02,0.5,spare,0.5750915226398495,0.6038971144405291,0.0063953436781147704,0.0063953436781147704,0.005986041682715427
61,0.02,0.5,tight,0.5740060878916738,0.58,0.0063953436781147704,0.0063953436781147704,0.01396743059300266
61,0.02,0.75,spare,0.5792171997926431,0.6524750580090916,0.0031976718390573852,0.009593015517172156,0.00897906252407314
61,0.02,0.75,tight,0.5776890694334375,0.58,0.0031976718390573852,0.009593015517172156,0.02095114588950399
61,0.02,1.0,spare,0.582824385721712,0.6945718612810952,0.0,0.012790687356229541,0.011972083365430854
61,0.02,1.0,tight,0.58,0.58,0.0,0.012790687356229541,0.02793486118600532
61,0.03,0.0,spare,0.5291769015631659,0.5082476165329577,0.0185840390890498,0.0,0.0
61,0.03,0.0,tight,0.5291769015631659,0.5082476165329577,0.0185840390890498,0.0,0.0
61,0.03,0.25,spare,0.5367897685280388,0.5990597884470327,0.01393802931678735,0.00464600977226245,0.004348665146837655
61,0.03,0.25,tight,0.5359728886152656,0.58,0.01393802931678735,0.00464600977226245,0.010146885342621191
61,0.03,0.5,spare,0.5430530699325343,0.6730023908563878,0.0092920195445249,0.0092920195445249,0.00869733029367531
61,0.03,0.5,tight,0.5415641219107838,0.58,0.0092920195445249,0.0092920195445249,0.020293770685242383
61,0.03,0.75,spare,0.5482060490486234,0.7330659646606625,0.00464600977226245,0.01393802931678735,0.013045995440512964
61,0.03,0.75,tight,0.5461641733124788,0.58,0.00464600977226245,0.01393802931678735,0.030440656027863576
61,0.03,1.0,spare,0.5524455374679083,0.7817109047548864,0.0,0.0185840390890498,0.01739466058735062
61,0.03,1.0,tight,0.5499487538834947,0.58,0.0,0.0185840390890498,0.040587541370484766
62,0.0,0.0,spare,0.6403356913493878,0.4967838140107906,0.0,0.0,0.0
62,0.0,0.0,tight,0.58,0.4967838140107906,0.0,0.0,0.0
62,0.0,0.25,spare,0.6403356913493878,0.4967838140107906,0.0,0.0,0.0
62,0.0,0.25,tight,0.58,0.4967838140107906,0.0,0.0,0.0
62,0.0,0.5,spare,0.6403356913493878,0.4967838140107906,0.0,0.0,0.0
62,0.0,0.5,tight,0.58,0.4967838140107906,0.0,0.0,0.0
62,0.0,0.75,spare,0.6403356913493878,0.4967838140107906,0.0,0.0,0.0
62,0.0,0.75,tight,0.58,0.4967838140107906,0.0,0.0,0.0
62,0.0,1.0,spare,0.6403356913493878,0.4967838140107906,0.0,0.0,0.0
62,0.0,1.0,tight,0.58,0.4967838140107906,0.0,0.0,0.0
62,0.0025,0.0,spare,0.621897778686341,0.5113357820204744,0.0016042332233609927,0.0,0.0
62,0.0025,0.0,tight,0.58,0.5113357820204744,0.0016042332233609927,0.0,0.0
62,0.0025,0.25,spare,0.6226150883937803,0.519926762789199,0.0012031749175207445,0.0004010583058402482,0.0003753905742664724
62,0.0025,0.25,tight,0.58,0.5184641276618184,0.0012031749175207445,0.0004010583058402482,0.0008759113399551021
62,0.0025,0.5,spare,0.6233204166086621,0.5283679749009558,0.0008021166116804964,0.0008021166116804964,0.0007507811485329448
62,0.0025,0.5,tight,0.58,0.5254587752025308,0.0008021166116804964,0.0008021166116804964,0.0017518226799102042
62,0.0025,0.75,spare,0.6240139634623418,0.5366619199976856,0.0004010583058402482,0.0012031749175207445,0.0011261717227994171
62,0.0025,0.75,tight,0.58,0.5323219578520344,0.0004010583058402482,0.0012031749175207445,0.0026277340198653065
62,0.0025,1.0,spare,0.6246959257433057,0.5448110579354675,0.0,0.0016042332233609927,0.0015015622970658896
62,0.0025,1.0,tight,0.58,0.5390558715176187,0.0,0.0016042332233609927,0.0035036453598204084
62,0.005,0.0,spare,0.6153477278577101,0.4897323349151648,0.0032049216741419817,0.0,0.0
62,0.005,0.0,tight,0.58,0.4897323349151648,0.0032049216741419817,0.0,0.0
62,0.005,0.25,spare,0.6167688203215197,0.5067460390410355,0.0024036912556064864,0.0008012304185354954,0.000749951671749224
62,0.005,0.25,tight,0.58,0.5038400182068274,0.0024036912556064864,0.0008012304185354954,0.0017498872340815223
62,0.005,0.5,spare,0.618142886337148,0.5231719125646405,0.0016024608370709909,0.0016024608370709909,0.001499903343498448
62,0.005,0.5,tight,0.58,0.5174229466091351,0.0016024608370709909,0.0016024608370709909,0.0034997744681630446
62,0.005,0.75,spare,0.619471482092447,0.5390294078341277,0.0008012304185354954,0.0024036912556064864,0.002249855015247672
62,0.005,0.75,tight,0.58,0.5304984851839963,0.0008012304185354954,0.0024036912556064864,0.005249661702244567
62,0.005,1.0,spare,0.6207561122782762,0.5543373334852443,0.0,0.0032049216741419817,0.002999806686996896
62,0.005,1.0,tight,0.58,0.5430834243528906,0.0,0.0032049216741419817,0.006999548936326089
62,0.01,0.0,spare,0.6413209529584821,0.4761207797061831,0.006695596525148027,0.0,0.0
62,0.01,0.0,tight,0.58,0.4761207797061831,0.006695596525148027,0.0,0.0
62,0.01,0.25,spare,0.6442363938191779,0.5109970208779949,0.0050216973938610205,0.0016738991312870068,0.0015667695868846387
62,0.01,0.25,tight,0.58,0.5049975673782051,0.0050216973938610205,0.0016738991312870068,0.003655795702730823
62,0.01,0.5,spare,0.6469539072531734,0.5433991692160539,0.0033477982625740137,0.0033477982625740137,0.0031335391737692775
62,0.01,0.5,tight,0.58,0.5316657386457295,0.0033477982625740137,0.0033477982625740137,0.007311591405461646
62,0.01,0.75,spare,0.6494869304276457,0.5734951893100741,0.0016738991312870068,0.0050216973938610205,0.004700308760653916
62,0.01,0.75,tight,0.58,0.5562752350724504,0.0016738991312870068,0.0050216973938610205,0.010967387108192471
62,0.01,1.0,spare,0.6518479882690345,0.6014416427405482,0.0,0.006695596525148027,0.006267078347538555
62,0.01,1.0,tight,0.58,0.5789658187846195,0.0,0.006695596525148027,0.014623182810923292
62,0.02,0.0,spare,0.5499076183750373,0.5074226446220184,0.012467109440874827,0.0,0.0
62,0.02,0.0,tight,0.5499076183750373,0.5074226446220184,0.012467109440874827,0.0,0.0
62,0.02,0.25,spare,0.5551767861147849,0.5703699377596985,0.00935033208065612,0.0031167773602187067,0.0029173036091647104
62,0.02,0.25,tight,0.5546113910667048,0.5594127615131428,0.00935033208065612,0.0031167773602187067,0.006807041754717656
62,0.02,0.5,spare,0.5597994344648716,0.6252357385266176,0.006233554720437413,0.006233554720437413,0.005834607218329421
62,0.02,0.5,tight,0.5587380175371994,0.58,0.006233554720437413,0.006233554720437413,0.013614083509435312
62,0.02,0.75,spare,0.5638548904351504,0.6730116345459369,0.0031167773602187067,0.00935033208065612,0.00875191082749413
62,0.02,0.75,tight,0.5623583128072396,0.58,0.0031167773602187067,0.00935033208065612,0.020421125264152972
62,0.02,1.0,spare,0.5674127477241568,0.7145675470493521,0.0,0.012467109440874827,0.011669214436658842
62,0.02,1.0,tight,0.5655344029951901,0.58,0.0,0.012467109440874827,0.027228167018870625
62,0.03,0.0,spare,0.5283297477933996,0.4976300976661615,0.018620488886582243,0.0,0.0
62,0.03,0.0,tight,0.5283297477933996,0.4976300976661615,0.018620488886582243,0.0,0.0
62,0.03,0.25,spare,0.5359561342037871,0.5886027333965456,0.013965366664936682,0.004655122221645561,0.004357194399460246
62,0.03,0.25,tight,0.5351378036202582,0.5725640085698204,0.013965366664936682,0.004655122221645561,0.010166786932073906
62,0.03,0.5,spare,0.542228157497545,0.662645830169059,0.009310244443291121,0.009310244443291121,0.008714388798920492
62,0.03,0.5,tight,0.5407368229242239,0.58,0.009310244443291121,0.009310244443291121,0.020333573864147813
62,0.03,0.75,spare,0.5473863378047821,0.7227658896100623,0.004655122221645561,0.013965366664936682,0.013071583198380738
62,0.03,0.75,tight,0.5453415174160794,0.58,0.004655122221645561,0.013965366664936682,0.030500360796221718
62,0.03,1.0,spare,0.5516284815016094,0.7714354914209423,0.0,0.018620488886582243,0.017428777597840985
62,0.03,1.0,tight,0.5491284683466301,0.58,0.0,0.018620488886582243,0.040667147728295626
63,0.0,0.0,spare,0.6631382194194295,0.49266486995213654,0.0,0.0,0.0
63,0.0,0.0,tight,0.58,0.49266486995213654,0.0,0.0,0.0
63,0.0,0.25,spare,0.6631382194194295,0.49266486995213654,0.0,0.0,0.0
63,0.0,0.25,tight,0.58,0.49266486995213654,0.0,0.0,0.0
63,0.0,0.5,spare,0.6631382194194295,0.49266486995213654,0.0,0.0,0.0
63,0.0,0.5,tight,0.58,0.49266486995213654,0.0,0.0,0.0
63,0.0,0.75,spare,0.6631382194194295,0.49266486995213654,0.0,0.0,0.0
63,0.0,0.75,tight,0.58,0.49266486995213654,0.0,0.0,0.0
63,0.0,1.0,spare,0.6631382194194295,0.49266486995213654,0.0,0.0,0.0
63,0.0,1.0,tight,0.58,0.49266486995213654,0.0,0.0,0.0
63,0.0025,0.0,spare,0.6458156465263384,0.49987204699159044,0.0016329195706845797,0.0,0.0
63,0.0025,0.0,tight,0.58,0.49987204699159044,0.0016329195706845797,0.0,0.0
63,0.0025,0.25,spare,0.646545673278245,0.5086152782108827,0.0012246896780134348,0.0004082298926711449,0.00038210317954019175
63,0.0025,0.25,tight,0.58,0.5071266358045073,0.0012246896780134348,0.0004082298926711449,0.0008915740855937807
63,0.0025,0.5,spare,0.6472632899365762,0.5172033832604833,0.0008164597853422899,0.0008164597853422899,0.0007642063590803835
63,0.0025,0.5,tight,0.58,0.5142427438787576,0.0008164597853422899,0.0008164597853422899,0.0017831481711875613
63,0.0025,0.75,spare,0.6479687074667826,0.5256389992085225,0.0004082298926711449,0.0012246896780134348,0.0011463095386205753
63,0.0025,0.75,tight,0.58,0.52122272531838,0.0004082298926711449,0.0012246896780134348,0.002674722256781342
63,0.0025,1.0,spare,0.6486621332480063,0.5339247182942778,0.0,0.0016329195706845797,0.001528412718160767
63,0.0025,1.0,tight,0.58,0.52806889420881,0.0,0.0016329195706845797,0.0035662963423751227
63,0.005,0.0,spare,0.6565992566163427,0.49755658390801955,0.003367991373397113,0.0,0.0
63,0.005,0.0,tight,0.58,0.49755658390801955,0.003367991373397113,0.0,0.0
63,0.005,0.25,spare,0.6580913850921998,0.5154200798748587,0.002525993530047835,0.0008419978433492783,0.0007881099813749246
63,0.005,0.25,tight,0.58,0.5123679019936741,0.002525993530047835,0.0008419978433492783,0.001838923289874824
63,0.005,0.5,spare,0.6595316682022674,0.5326355087693291,0.0016839956866985565,0.0016839956866985565,0.0015762199627498493
63,0.005,0.5,tight,0.58,0.5266006922457238,0.0016839956866985565,0.0016839956866985565,0.003677846579749648
63,0.005,0.75,spare,0.6609219073611002,0.5492253882733644,0.0008419978433492783,0.002525993530047835,0.002364329944124774
63,0.005,0.75,tight,0.58,0.5402750561417815,0.0008419978433492783,0.002525993530047835,0.005516769869624472
63,0.005,1.0,spare,0.66226384139146,0.5652114536714865,0.0,0.003367991373397113,0.0031524399254996985
63,0.005,1.0,tight,0.58,0.553410396715273,0.0,0.003367991373397113,0.007355693159499296
63,0.01,0.0,spare,0.6192727663550976,0.500332560447724,0.006571989835652041,0.0,0.0
63,0.01,0.0,tight,0.58,0.500332560447724,0.006571989835652041,0.0,0.0
63,0.01,0.25,spare,0.6221362216121615,0.5345879055394793,0.004928992376739031,0.0016429974589130102,0.0015378456215425782
63,0.01,0.25,tight,0.58,0.5286967446640235,0.004928992376739031,0.0016429974589130102,0.003588306450266015
63,0.01,0.5,spare,0.6248087450508291,0.5664566029012822,0.0032859949178260205,0.0032859949178260205,0.0030756912430851564
63,0.01,0.5,tight,0.58,0.5549303744984428,0.0032859949178260205,0.0032859949178260205,0.00717661290053203
63,0.01,0.75,spare,0.6273030677795005,0.5960977913881318,0.0016429974589130102,0.004928992376739031,0.0046135368646277345
63,0.01,0.75,tight,0.58,0.5791755128036566,0.0016429974589130102,0.004928992376739031,0.010764919350798045
63,0.01,1.0,spare,0.6296310720112869,0.6236599986639194,0.0,0.006571989835652041,0.006151382486170313
63,0.01,1.0,tight,0.58,0.58,0.0,0.006571989835652041,0.01435322580106406
63,0.02,0.0,spare,0.5806731099742474,0.5080899580752106,0.012782694917151128,0.0,0.0
63,0.02,0.0,tight,0.58,0.5080899580752106,0.012782694917151128,0.0,0.0
63,0.02,0.25,spare,0.5860669122163141,0.5725213354904326,0.009587021187863346,0.003195673729287782,0.0029911506106133647
63,0.02,0.25,tight,0.58,0.5612985266019743,0.009587021187863346,0.003195673729287782,0.006979351424764517
63,0.02,0.5,spare,0.5907832483949839,0.6284843871131908,0.006391347458575564,0.006391347458575564,0.005982301221226729
63,0.02,0.5,tight,0.58,0.58,0.006391347458575564,0.006391347458575564,0.013958702849529034
63,0.02,0.75,spare,0.5949072088132482,0.6770427417308815,0.003195673729287782,0.009587021187863346,0.008973451831840095
63,0.02,0.75,tight,0.58,0.58,0.003195673729287782,0.009587021187863346,0.02093805427429355
63,0.02,1.0,spare,0.5985131963610247,0.7191264354674745,0.0,0.012782694917151128,0.011964602442453459
63,0.02,1.0,tight,0.58,0.58,0.0,0.012782694917151128,0.027917405699058068
63,0.03,0.0,spare,0.5440004276414782,0.484856899083415,0.018795070683311786,0.0,0.0
63,0.03,0.0,tight,0.5440004276414782,0.484856899083415,0.018795070683311786,0.0,0.0
63,0.03,0.25,spare,0.5516914957800136,0.5765972042752142,0.01409630301248384,0.0046987676708279465,0.0043980465398949595
63,0.03,0.25,tight,0.5508662246831812,0.5604172535116156,0.01409630301248384,0.0046987676708279465,0.010262108593088237
63,0.03,0.5,spare,0.5580051298390132,0.6511195834728127,0.009397535341655893,0.009397535341655893,0.008796093079789919
63,0.03,0.5,tight,0.556502389811856,0.58,0.009397535341655893,0.009397535341655893,0.020524217186176474
63,0.03,0.75,spare,0.5631880217745602,0.711507686127255,0.0046987676708279465,0.01409630301248384,0.013194139619684879
63,0.03,0.75,tight,0.5611291443116959,0.58,0.0046987676708279465,0.01409630301248384,0.03078632577926471
63,0.03,1.0,spare,0.5674426821752954,0.7602928945965499,0.0,0.018795070683311786,0.017592186159579838
63,0.03,1.0,tight,0.5649272688721138,0.58,0.0,0.018795070683311786,0.04104843437235295
64,0.0,0.0,spare,0.6676426559528552,0.47971192520635925,0.0,0.0,0.0
64,0.0,0.0,tight,0.58,0.47971192520635925,0.0,0.0,0.0
64,0.0,0.25,spare,0.6676426559528552,0.47971192520635925,0.0,0.0,0.0
64,0.0,0.25,tight,0.58,0.47971192520635925,0.0,0.0,0.0
64,0.0,0.5,spare,0.6676426559528552,0.47971192520635925,0.0,0.0,0.0
64,0.0,0.5,tight,0.58,0.47971192520635925,0.0,0.0,0.0
64,0.0,0.75,spare,0.6676426559528552,0.47971192520635925,0.0,0.0,0.0
64,0.0,0.75,tight,0.58,0.47971192520635925,0.0,0.0,0.0
64,0.0,1.0,spare,0.6676426559528552,0.47971192520635925,0.0,0.0,0.0
64,0.0,1.0,tight,0.58,0.47971192520635925,0.0,0.0,0.0
64,0.0025,0.0,spare,0.6540983882212809,0.4736550975986844,0.0016641456606438113,0.0,0.0
64,0.0025,0.0,tight,0.58,0.4736550975986844,0.0016641456606438113,0.0,0.0
64,0.0025,0.25,spare,0.6548422535663313,0.4825640043272246,0.0012481092454828585,0.0004160364151609528,0.00038941008459065195
64,0.0025,0.25,tight,0.58,0.4810470579294712,0.0012481092454828585,0.0004160364151609528,0.0009086235307115211
64,0.0025,0.5,spare,0.655573233859883,0.4913118479120291,0.0008320728303219056,0.0008320728303219056,0.0007788201691813039
64,0.0025,0.5,tight,0.58,0.4882952375999038,0.0008320728303219056,0.0008320728303219056,0.0018172470614230421
64,0.0025,0.75,spare,0.6562915522936104,0.4999014182490318,0.0004160364151609528,0.0012481092454828585,0.0011682302537719558
64,0.0025,0.75,tight,0.58,0.495402127143014,0.0004160364151609528,0.0012481092454828585,0.0027258705921345636
64,0.0025,1.0,spare,0.6569974281931175,0.5083354569082795,0.0,0.0016641456606438113,0.0015576403383626078
64,0.0025,1.0,tight,0.58,0.5023701739514369,0.0,0.0016641456606438113,0.0036344941228460843
64,0.005,0.0,spare,0.6540921401991621,0.5075067387736533,0.003272352752954585,0.0,0.0
64,0.005,0.0,tight,0.58,0.5075067387736533,0.003272352752954585,0.0,0.0
64,0.005,0.25,spare,0.6555426215694155,0.5248720253576299,0.0024542645647159388,0.0008180881882386463,0.0007657305441913731
64,0.005,0.25,tight,0.58,0.5219055472253428,0.0024542645647159388,0.0008180881882386463,0.0017867046031132035
64,0.005,0.5,spare,0.6569441113178952,0.5416249166694345,0.0016361763764772925,0.0016361763764772925,0.0015314610883827462
64,0.005,0.5,tight,0.58,0.5357576719690874,0.0016361763764772925,0.0016361763764772925,0.003573409206226407
64,0.005,0.75,spare,0.658298264191124,0.5577860970406039,0.0008180881882386463,0.0024542645647159388,0.0022971916325741195
64,0.005,0.75,tight,0.58,0.5490815778552456,0.0008180881882386463,0.0024542645647159388,0.0053601138093396115
64,0.005,1.0,spare,0.6596066790447205,0.5733755521663684,0.0,0.003272352752954585,0.0030629221767654925
64,0.005,1.0,tight,0.58,0.561895106063315,0.0,0.003272352752954585,0.007146818412452814
64,0.01,0.0,spare,0.6180980707859796,0.5059403782826232,0.006602444075799061,0.0,0.0
64,0.01,0.0,tight,0.58,0.5059403782826232,0.006602444075799061,0.0,0.0
64,0.01,0.25,spare,0.6209743405307085,0.5403487781779988,0.004951833056849296,0.0016506110189497653,0.0015449719137369808
64,0.01,0.25,tight,0.58,0.5344309277422122,0.004951833056849296,0.0016506110189497653,0.003604934465386288
64,0.01,0.5,spare,0.6236579657233594,0.5723491211723977,0.0033012220378995307,0.0033012220378995307,0.0030899438274739617
64,0.01,0.5,tight,0.58,0.5607718109071886,0.0033012220378995307,0.0033012220378995307,0.007209868930772576
64,0.01,0.75,spare,0.6261618491605191,0.6021026922231565,0.0016506110189497653,0.004951833056849296,0.004634915741210942
64,0.01,0.75,tight,0.58,0.58,0.0016506110189497653,0.004951833056849296,0.010814803396158864
64,0.01,1.0,spare,0.6284980294453262,0.6297599738695078,0.0,0.006602444075799061,0.006179887654947923
64,0.01,1.0,tight,0.58,0.58,0.0,0.006602444075799061,0.014419737861545151
64,0.02,0.0,spare,0.5508175573535307,0.4824960577892958,0.012609308097083476,0.0,0.0
64,0.02,0.0,tight,0.5508175573535307,0.4824960577892958,0.012609308097083476,0.0,0.0
64,0.02,0.25,spare,0.556142934880279,0.5461126987789325,0.009456981072812606,0.003152327024270869,0.0029505780947175343
64,0.02,0.25,tight,0.5555715083796443,0.5350357633947088,0.009456981072812606,0.003152327024270869,0.006884682221007579
64,0.02,0.5,spare,0.5608079257219866,0.6014745062055582,0.006304654048541738,0.006304654048541738,0.005901156189435069
64,0.02,0.5,tight,0.5597359338851328,0.58,0.006304654048541738,0.006304654048541738,0.013769364442015158
64,0.02,0.75,spare,0.5648944227719904,0.6496051412358897,0.003152327024270869,0.009456981072812606,0.008851734284152602
64,0.02,0.75,tight,0.5633839394484,0.58,0.003152327024270869,0.009456981072812606,0.020654046663022736
64,0.02,1.0,spare,0.5684741635917127,0.6914013233877011,0.0,0.012609308097083476,0.011802312378870137
64,0.02,1.0,tight,0.5665795650087783,0.58,0.0,0.012609308097083476,0.027538728884030316
64,0.03,0.0,spare,0.49754069324984834,0.4867090591643819,0.018234542349823146,0.0,0.0
64,0.03,0.0,tight,0.49754069324984834,0.4867090591643819,0.018234542349823146,0.0,0.0
64,0.03,0.25,spare,0.5050236668087684,0.5759793457410252,0.013675906762367358,0.004558635587455786,0.004266882909858618
64,0.03,0.25,tight,0.504220724787543,0.5602533932625627,0.013675906762367358,0.004558635587455786,0.009956060123003438
64,0.03,0.5,spare,0.511202735438397,0.6489508207015237,0.009117271174911573,0.009117271174911573,0.008533765819717236
64,0.03,0.5,tight,0.5097367636983441,0.58,0.009117271174911573,0.009117271174911573,0.019912120246006876
64,0.03,0.75,spare,0.5163051040127381,0.7084635449709291,0.004558635587455786,0.013675906762367358,0.012800648729575852
64,0.03,0.75,tight,0.5142916351976441,0.58,0.004558635587455786,0.013675906762367358,0.029868180369010313
64,0.03,1.0,spare,0.5205183870540674,0.7568627000776869,0.0,0.018234542349823146,0.01706753163943447
64,0.03,1.0,tight,0.5180528222941513,0.58,0.0,0.018234542349823146,0.03982424049201375
65,0.0,0.0,spare,0.6439299140690801,0.501480749385634,0.0,0.0,0.0
65,0.0,0.0,tight,0.58,0.501480749385634,0.0,0.0,0.0
65,0.0,0.25,spare,0.6439299140690801,0.501480749385634,0.0,0.0,0.0
65,0.0,0.25,tight,0.58,0.501480749385634,0.0,0.0,0.0
65,0.0,0.5,spare,0.6439299140690801,0.501480749385634,0.0,0.0,0.0
65,0.0,0.5,tight,0.58,0.501480749385634,0.0,0.0,0.0
65,0.0,0.75,spare,0.6439299140690801,0.501480749385634,0.0,0.0,0.0
65,0.0,0.75,tight,0.58,0.501480749385634,0.0,0.0,0.0
65,0.0,1.0,spare,0.6439299140690801,0.501480749385634,0.0,0.0,0.0
65,0.0,1.0,tight,0.58,0.501480749385634,0.0,0.0,0.0
65,0.0025,0.0,spare,0.6356544125228564,0.5023687047893818,0.001642474290874633,0.0,0.0
65,0.0025,0.0,tight,0.58,0.5023687047893818,0.001642474290874633,0.0,0.0
65,0.0025,0.25,spare,0.6363886741607041,0.5111626362784135,0.0012318557181559748,0.00041061857271865827,0.00038433898406466425
65,0.0025,0.25,tight,0.58,0.5096653326244551,0.0012318557181559748,0.00041061857271865827,0.0008967909628175497
65,0.0025,0.5,spare,0.6371103813054255,0.5197996366033668,0.0008212371454373165,0.0008212371454373165,0.0007686779681293285
65,0.0025,0.5,tight,0.58,0.5168218684069457,0.0008212371454373165,0.0008212371454373165,0.0017935819256350994
65,0.0025,0.75,spare,0.6378197486152427,0.5282823889920166,0.00041061857271865827,0.0012318557181559748,0.0011530169521939927
65,0.0025,0.75,tight,0.58,0.5238407074474901,0.00041061857271865827,0.0012318557181559748,0.002690372888452649
65,0.0025,1.0,spare,0.6385169870781257,0.5366135307939889,0.0,0.001642474290874633,0.001537355936258657
65,0.0025,1.0,tight,0.58,0.530724204101418,0.0,0.001642474290874633,0.003587163851270199
65,0.005,0.0,spare,0.651819300525139,0.49452433156123043,0.003275652178195271,0.0,0.0
65,0.005,0.0,tight,0.58,0.49452433156123043,0.003275652178195271,0.0,0.0
65,0.005,0.25,spare,0.6532712193705007,0.5119068145185532,0.002456739133646453,0.0008189130445488178,0.0007665026096976936
65,0.005,0.25,tight,0.58,0.5089373789065786,0.002456739133646453,0.0008189130445488178,0.0017885060892946184
65,0.005,0.5,spare,0.65467404944133,0.528675687794222,0.0016378260890976355,0.0016378260890976355,0.001533005219395387
65,0.005,0.5,tight,0.58,0.5228026584437139,0.0016378260890976355,0.0016378260890976355,0.003577012178589237
65,0.005,0.75,spare,0.656029450408753,0.5448516972773129,0.0008189130445488178,0.002456739133646453,0.0022995078290930808
65,0.005,0.75,tight,0.58,0.5361386899752543,0.0008189130445488178,0.002456739133646453,0.005365518267883854
65,0.005,1.0,spare,0.6573390258311029,0.5604548874469889,0.0,0.003275652178195271,0.003066010438790774
65,0.005,1.0,tight,0.58,0.5489633671569655,0.0,0.003275652178195271,0.007154024357178474
65,0.01,0.0,spare,0.6086604927931981,0.5047258367208185,0.0064172764642862895,0.0,0.0
65,0.01,0.0,tight,0.58,0.5047258367208185,0.0064172764642862895,0.0,0.0
65,0.01,0.25,spare,0.6114587846758189,0.5382028425609362,0.004812957348214717,0.0016043191160715724,0.0015016426926429923
65,0.01,0.25,tight,0.58,0.5324473546969869,0.004812957348214717,0.0016043191160715724,0.003503832949500315
65,0.01,0.5,spare,0.6140747358947769,0.5694005901052671,0.0032086382321431448,0.0032086382321431448,0.0030032853852859846
65,0.01,0.5,tight,0.58,0.5581341845670802,0.0032086382321431448,0.0032086382321431448,0.00700766589900063
65,0.01,0.75,spare,0.6165202280260546,0.5984675990535944,0.0016043191160715724,0.004812957348214717,0.004504928077928977
65,0.01,0.75,tight,0.58,0.58,0.0016043191160715724,0.004812957348214717,0.010511498848500944
65,0.01,1.0,spare,0.6188063684253098,0.6255427113516424,0.0,0.0064172764642862895,0.006006570770571969
65,0.01,1.0,tight,0.58,0.58,0.0,0.0064172764642862895,0.01401533179800126
65,0.02,0.0,spare,0.5675842069267969,0.4862289418086693,0.01291463042174458,0.0,0.0
65,0.02,0.0,tight,0.5675842069267969,0.4862289418086693,0.01291463042174458,0.0,0.0
65,0.02,0.25,spare,0.5730299922988749,0.5512792354409553,0.009685972816308435,0.003228657605436145,0.003022023518688233
65,0.02,0.25,tight,0.5724456457313791,0.5399455386556747,0.009685972816308435,0.003228657605436145,0.007051388210272542
65,0.02,0.5,spare,0.57778519043365,0.6076971886069542,0.00645731521087229,0.00645731521087229,0.006044047037376466
65,0.02,0.5,tight,0.576690599058846,0.58,0.00645731521087229,0.00645731521087229,0.014102776420545084
65,0.02,0.75,spare,0.5819373756109991,0.6565774798051319,0.003228657605436145,0.009685972816308435,0.009066070556064698
65,0.02,0.75,tight,0.58,0.58,0.003228657605436145,0.009685972816308435,0.021154164630817623
65,0.02,1.0,spare,0.5855630167006769,0.698875969907415,0.0,0.01291463042174458,0.012088094074752932
65,0.02,1.0,tight,0.58,0.58,0.0,0.01291463042174458,0.028205552841090168
65,0.03,0.0,spare,0.5150847583252456,0.48937519041437677,0.01802006235598232,0.0,0.0
65,0.03,0.0,tight,0.5150847583252456,0.48937519041437677,0.01802006235598232,0.0,0.0
65,0.03,0.25,spare,0.522487782245373,0.5776962948246688,0.01351504676698674,0.00450501558899558,0.004216694591299864
65,0.03,0.25,tight,0.521693419022945,0.5621444950892527,0.01351504676698674,0.00450501558899558,0.009838954046366349
65,0.03,0.5,spare,0.528614614772943,0.6500650068279955,0.00901003117799116,0.00901003117799116,0.008433389182599728
65,0.03,0.5,tight,0.5271628268977803,0.58,0.00901003117799116,0.00901003117799116,0.019677908092732697
65,0.03,0.75,spare,0.5336852558009739,0.7092313250870808,0.00450501558899558,0.01351504676698674,0.012650083773899593
65,0.03,0.75,tight,0.5316893752968719,0.58,0.00450501558899558,0.01351504676698674,0.029516862139099046
65,0.03,1.0,spare,0.5378817799134661,0.7574711819019331,0.0,0.01802006235598232,0.016866778365199456
65,0.03,1.0,tight,0.5354356017400653,0.58,0.0,0.01802006235598232,0.039355816185465395
66,0.0,0.0,spare,0.6442387400655654,0.4935119168599008,0.0,0.0,0.0
66,0.0,0.0,tight,0.58,0.4935119168599008,0.0,0.0,0.0
66,0.0,0.25,spare,0.6442387400655654,0.4935119168599008,0.0,0.0,0.0
66,0.0,0.25,tight,0.58,0.4935119168599008,0.0,0.0,0.0
66,0.0,0.5,spare,0.6442387400655654,0.4935119168599008,0.0,0.0,0.0
66,0.0,0.5,tight,0.58,0.4935119168599008,0.0,0.0,0.0
66,0.0,0.75,spare,0.6442387400655654,0.4935119168599008,0.0,0.0,0.0
66,0.0,0.75,tight,0.58,0.4935119168599008,0.0,0.0,0.0
66,0.0,1.0,spare,0.6442387400655654,0.4935119168599008,0.0,0.0,0.0
66,0.0,1.0,tight,0.58,0.4935119168599008,0.0,0.0,0.0
66,0.0025,0.0,spare,0.6336168721774267,0.49563850461277115,0.0015941038639591633,0.0,0.0
66,0.0025,0.0,tight,0.58,0.49563850461277115,0.0015941038639591633,0.0,0.0
66,0.0025,0.25,spare,0.6343296904881373,0.5041757131924864,0.0011955778979693724,0.0003985259659897908,0.0003730203041664443
66,0.0025,0.25,tight,0.58,0.5027222626533403,0.0011955778979693724,0.0003985259659897908,0.0008703807097217033
66,0.0025,0.5,spare,0.635030676879509,0.512565022780467,0.0007970519319795816,0.0007970519319795816,0.0007460406083328886
66,0.0025,0.5,tight,0.58,0.5096739916386946,0.0007970519319795816,0.0007970519319795816,0.0017407614194434066
66,0.0025,0.75,spare,0.6357200277470514,0.5208088883205804,0.0003985259659897908,0.0011955778979693724,0.0011190609124993329
66,0.0025,0.75,tight,0.58,0.5164958830910052,0.0003985259659897908,0.0011955778979693724,0.00261114212916511
66,0.0025,1.0,spare,0.6363979362263466,0.5289097240076036,0.0,0.0015941038639591633,0.0014920812166657773
66,0.0025,1.0,tight,0.58,0.5231900921558329,0.0,0.0015941038639591633,0.0034815228388868132
66,0.005,0.0,spare,0.6307138076315388,0.4976656006532304,0.003202477526164728,0.0,0.0
66,0.005,0.0,tight,0.58,0.4976656006532304,0.003202477526164728,0.0,0.0
66,0.005,0.25,spare,0.6321338344563046,0.5146665562216797,0.002401858144623546,0.000800619381541182,0.0007493797411225467
66,0.005,0.25,tight,0.58,0.5117627272837559,0.002401858144623546,0.000800619381541182,0.0017485527292859418
66,0.005,0.5,spare,0.6335069053341847,0.5310805624540591,0.001601238763082364,0.001601238763082364,0.0014987594822450934
66,0.005,0.5,tight,0.58,0.5253358857290269,0.001601238763082364,0.001601238763082364,0.0034971054585718835
66,0.005,0.75,spare,0.6348345729548254,0.5469270279709444,0.000800619381541182,0.002401858144623546,0.0022481392233676396
66,0.005,0.75,tight,0.58,0.5384024020154589,0.000800619381541182,0.002401858144623546,0.005245658187857825
66,0.005,1.0,spare,0.6361183386651716,0.5622247196091498,0.0,0.003202477526164728,0.0029975189644901867
66,0.005,1.0,tight,0.58,0.5509790292507294,0.0,0.003202477526164728,0.006994210917143767
66,0.01,0.0,spare,0.5695801539052634,0.4821135280664179,0.006094795623675653,0.0,0.0
66,0.01,0.0,tight,0.5695801539052634,0.4821135280664179,0.006094795623675653,0.0,0.0
66,0.01,0.25,spare,0.5722422800582221,0.5139639228024611,0.00457109671775674,0.0015236989059189132,0.0014261821759401034
66,0.01,0.25,tight,0.5719566271774277,0.5084916855579447,0.00457109671775674,0.0015236989059189132,0.003327758410526907
66,0.01,0.5,spare,0.5747393793004536,0.5437514811544151,0.0030473978118378264,0.0030473978118378264,0.002852364351880207
66,0.01,0.5,tight,0.5741857813444868,0.533028354235657,0.0030473978118378264,0.0030473978118378264,0.006655516821053814
66,0.01,0.75,spare,0.5770816817561892,0.5716040796751708,0.0015236989059189132,0.00457109671775674,0.004278546527820309
66,0.01,0.75,tight,0.5762767488124236,0.5558376891743415,0.0015236989059189132,0.00457109671775674,0.00998327523158072
66,0.01,1.0,spare,0.579278783377686,0.597641667767941,0.0,0.006094795623675653,0.005704728703760414
66,0.01,1.0,tight,0.5782380958635065,0.5770267689023503,0.0,0.006094795623675653,0.013311033642107627
66,0.02,0.0,spare,0.5664978028195249,0.4909393953827989,0.012710530965292908,0.0,0.0
66,0.02,0.0,tight,0.5664978028195249,0.4909393953827989,0.012710530965292908,0.0,0.0
66,0.02,0.25,spare,0.5718631416873339,0.555031866984534,0.009532898223969681,0.003177632741323227,0.0029742642458785414
66,0.02,0.25,tight,0.57128742723356,0.5438697506511895,0.009532898223969681,0.003177632741323227,0.006939949907049928
66,0.02,0.5,spare,0.5765581456732871,0.6107451525630694,0.006355265482646454,0.006355265482646454,0.005948528491757083
66,0.02,0.5,tight,0.5754786453968774,0.58,0.006355265482646454,0.006355265482646454,0.013879899814099856
66,0.02,0.75,spare,0.5806665650986413,0.6591261311341203,0.003177632741323227,0.009532898223969681,0.008922792737635623
66,0.02,0.75,tight,0.579146221009079,0.58,0.003177632741323227,0.009532898223969681,0.020819849721149784
66,0.02,1.0,spare,0.5842616866842949,0.70109088670891,0.0,0.012710530965292908,0.011897056983514166
66,0.02,1.0,tight,0.58,0.58,0.0,0.012710530965292908,0.027759799628199713
66,0.03,0.0,spare,0.5153695634422435,0.4912973293030345,0.018702999550557698,0.0,0.0
66,0.03,0.0,tight,0.5153695634422435,0.4912973293030345,0.018702999550557698,0.0,0.0
66,0.03,0.25,spare,0.5230265344394033,0.5826329648727014,0.014027249662918274,0.0046757498876394245,0.004376501894830503
66,0.03,0.25,tight,0.5222049220522267,0.5665274741732198,0.014027249662918274,0.0046757498876394245,0.010211837754604505
66,0.03,0.5,spare,0.5293182575590634,0.6569030019736224,0.009351499775278849,0.009351499775278849,0.008753003789661006
66,0.03,0.5,tight,0.5278215273408652,0.58,0.009351499775278849,0.009351499775278849,0.02042367550920901
66,0.03,0.75,spare,0.5344881582716493,0.717150258986115,0.0046757498876394245,0.014027249662918274,0.013129505684491508
66,0.03,0.75,tight,0.5324366846088814,0.58,0.0046757498876394245,0.014027249662918274,0.030635513263813516
66,0.03,1.0,spare,0.5387362589699266,0.765875015819751,0.0,0.018702999550557698,0.01750600757932201
66,0.03,1.0,tight,0.5362289533395344,0.58,0.0,0.018702999550557698,0.04084735101841802
67,0.0,0.0,spare,0.6587250197879582,0.4827261109876999,0.0,0.0,0.0
67,0.0,0.0,tight,0.58,0.4827261109876999,0.0,0.0,0.0
67,0.0,0.25,spare,0.6587250197879582,0.4827261109876999,0.0,0.0,0.0
67,0.0,0.25,tight,0.58,0.4827261109876999,0.0,0.0,0.0
67,0.0,0.5,spare,0.6587250197879582,0.4827261109876999,0.0,0.0,0.0
67,0.0,0.5,tight,0.58,0.4827261109876999,0.0,0.0,0.0
67,0.0,0.75,spare,0.6587250197879582,0.4827261109876999,0.0,0.0,0.0
67,0.0,0.75,tight,0.58,0.4827261109876999,0.0,0.0,0.0
67,0.0,1.0,spare,0.6587250197879582,0.4827261109876999,0.0,0.0,0.0
67,0.0,1.0,tight,0.58,0.4827261109876999,0.0,0.0,0.0
67,0.0025,0.0,spare,0.6158386624585528,0.500985543231265,0.001578086128405806,0.0,0.0
67,0.0025,0.0,tight,0.58,0.500985543231265,0.001578086128405806,0.0,0.0
67,0.0025,0.25,spare,0.6165443774689872,0.5094377087076482,0.0011835645963043544,0.0003945215321014515,0.00036927215404695875
67,0.0025,0.25,tight,0.58,0.5079987832284455,0.0011835645963043544,0.0003945215321014515,0.0008616350261095703
67,0.0025,0.5,spare,0.6172384951974741,0.5177449081596878,0.000789043064202903,0.000789043064202903,0.0007385443080939175
67,0.0025,0.5,tight,0.58,0.5148826124229705,0.000789043064202903,0.000789043064202903,0.0017232700522191405
67,0.0025,0.75,spare,0.6179212062265385,0.5259095238689456,0.0003945215321014515,0.0011835645963043544,0.001107816462140876
67,0.0025,0.75,tight,0.58,0.5216391574715549,0.0003945215321014515,0.0011835645963043544,0.0025849050783287105
67,0.0025,1.0,spare,0.6185926980067905,0.5339338989680484,0.0,0.001578086128405806,0.001477088616187835
67,0.0025,1.0,tight,0.58,0.5282705100827578,0.0,0.001578086128405806,0.003446540104438281
67,0.005,0.0,spare,0.6307523327396094,0.4825070979126312,0.003252348836135906,0.0,0.0
67,0.005,0.0,tight,0.58,0.4825070979126312,0.003252348836135906,0.0,0.0
67,0.005,0.25,spare,0.6321940978491088,0.49976811215371836,0.0024392616271019297,0.0008130872090339765,0.0007610496276558023
67,0.005,0.25,tight,0.58,0.49681956620425155,0.0024392616271019297,0.0008130872090339765,0.001775782464530205
67,0.005,0.5,spare,0.6335874583705176,0.516424069043671,0.001626174418067953,0.001626174418067953,0.0015220992553116046
67,0.005,0.5,tight,0.58,0.5105919013314464,0.001626174418067953,0.001626174418067953,0.00355156492906041
67,0.005,0.75,spare,0.6349340393980569,0.532495282260258,0.0008130872090339765,0.0024392616271019297,0.0022831488829674067
67,0.005,0.75,tight,0.58,0.5238422372628944,0.0008130872090339765,0.0024392616271019297,0.0053273473935906155
67,0.005,1.0,spare,0.6362354114664258,0.5480013834872132,0.0,0.003252348836135906,0.003044198510623209
67,0.005,1.0,tight,0.58,0.5365880991529275,0.0,0.003252348836135906,0.00710312985812082
67,0.01,0.0,spare,0.5867899201305852,0.4825650980970254,0.006340274019074686,0.0,0.0
67,0.01,0.0,tight,0.58,0.4825650980970254,0.006340274019074686,0.0,0.0
67,0.01,0.25,spare,0.589555740052025,0.5156542229945601,0.004755205514306015,0.0015850685047686715,0.001483624120463477
67,0.01,0.25,tight,0.58,0.5099663139398102,0.004755205514306015,0.0015850685047686715,0.0034617896144147793
67,0.01,0.5,spare,0.5921434265942307,0.5465166806516673,0.003170137009537343,0.003170137009537343,0.002967248240926954
67,0.01,0.5,tight,0.58,0.5353797895783982,0.003170137009537343,0.003170137009537343,0.006923579228829559
67,0.01,0.75,spare,0.594564452485615,0.575295880173507,0.0015850685047686715,0.004755205514306015,0.004450872361390431
67,0.01,0.75,tight,0.58,0.558933545957634,0.0015850685047686715,0.004755205514306015,0.010385368843244338
67,0.01,1.0,spare,0.5968295515504177,0.6021259943630789,0.0,0.006340274019074686,0.005934496481853908
67,0.01,1.0,tight,0.58,0.58,0.0,0.006340274019074686,0.013847158457659117
67,0.02,0.0,spare,0.5374357356628,0.4848690745018491,0.012222308384650273,0.0,0.0
67,0.02,0.0,tight,0.5374357356628,0.4848690745018491,0.012222308384650273,0.0,0.0
67,0.02,0.25,spare,0.5426079390301165,0.5466615964312959,0.009166731288487705,0.0030555770961625682,0.0028600201620081647
67,0.02,0.25,tight,0.5420529485048605,0.535910854649585,0.009166731288487705,0.0030555770961625682,0.0066733803780190505
67,0.02,0.5,spare,0.5471571988506537,0.6006673240260046,0.0061111541923251364,0.0061111541923251364,0.005720040324016329
67,0.02,0.5,tight,0.5461140612209586,0.58,0.0061111541923251364,0.0061111541923251364,0.013346760756038101
67,0.02,0.75,spare,0.551158542851459,0.6478241038740608,0.0030555770961625682,0.009166731288487705,0.008580060486024494
67,0.02,0.75,tight,0.5496860508729441,0.58,0.0030555770961625682,0.009166731288487705,0.02002014113405715
67,0.02,1.0,spare,0.5546779623712014,0.6889568277088333,0.0,0.012222308384650273,0.011440080648032659
67,0.02,1.0,tight,0.5528278277616562,0.58,0.0,0.012222308384650273,0.026693521512076202
67,0.03,0.0,spare,0.5197325041860725,0.5047689718706924,0.01837434519761413,0.0,0.0
67,0.03,0.0,tight,0.5197325041860725,0.5047689718706924,0.01837434519761413,0.0,0.0
67,0.03,0.25,spare,0.5272674938587095,0.5946567460024125,0.013780758898210597,0.0045935862994035325,0.004299596776241707
67,0.03,0.25,tight,0.5264589703766978,0.5788174067756103,0.013780758898210597,0.0045935862994035325,0.010032392477897317
67,0.03,0.5,spare,0.5334803880263458,0.6680183263216252,0.009187172598807065,0.009187172598807065,0.008599193552483415
67,0.03,0.5,tight,0.5320052052595803,0.58,0.009187172598807065,0.009187172598807065,0.020064784955794633
67,0.03,0.75,spare,0.5386031626571359,0.7277534124302594,0.0045935862994035325,0.013780758898210597,0.012898790328725124
67,0.03,0.75,tight,0.5365782931937729,0.58,0.0045935862994035325,0.013780758898210597,0.030097177433691946
67,0.03,1.0,spare,0.5428270910244608,0.7762529202455787,0.0,0.01837434519761413,0.01719838710496683
67,0.03,1.0,tight,0.5403489833458259,0.58,0.0,0.01837434519761413,0.040129569911589266
68,0.0,0.0,spare,0.6359450847561379,0.4955584017434005,0.0,0.0,0.0
68,0.0,0.0,tight,0.58,0.4955584017434005,0.0,0.0,0.0
68,0.0,0.25,spare,0.6359450847561379,0.4955584017434005,0.0,0.0,0.0
68,0.0,0.25,tight,0.58,0.4955584017434005,0.0,0.0,0.0
68,0.0,0.5,spare,0.6359450847561379,0.4955584017434005,0.0,0.0,0.0
68,0.0,0.5,tight,0.58,0.4955584017434005,0.0,0.0,0.0
68,0.0,0.75,spare,0.6359450847561379,0.4955584017434005,0.0,0.0,0.0
68,0.0,0.75,tight,0.58,0.4955584017434005,0.0,0.0,0.0
68,0.0,1.0,spare,0.6359450847561379,0.4955584017434005,0.0,0.0,0.0
68,0.0,1.0,tight,0.58,0.4955584017434005,0.0,0.0,0.0
68,0.0025,0.0,spare,0.6265618699069008,0.49203586587425746,0.0015891197192728337,0.0,0.0
68,0.0025,0.0,tight,0.58,0.49203586587425746,0.0015891197192728337,0.0,0.0
68,0.0025,0.25,spare,0.6272724780534209,0.5005466136914496,0.0011918397894546252,0.00039727992981820843,0.0003718540143098432
68,0.0025,0.25,tight,0.58,0.49909768265815996,0.0011918397894546252,0.00039727992981820843,0.0008676593667229673
68,0.0025,0.5,spare,0.627971327538943,0.508910378246166,0.0007945598596364169,0.0007945598596364169,0.0007437080286196864
68,0.0025,0.5,tight,0.58,0.5060282878560372,0.0007945598596364169,0.0007945598596364169,0.0017353187334459346
68,0.0025,0.75,spare,0.6286586129378033,0.5171295917176101,0.00039727992981820843,0.0011918397894546252,0.0011155620429295296
68,0.0025,0.75,tight,0.58,0.512829852668102,0.00039727992981820843,0.0011918397894546252,0.002602978100168902
68,0.0025,1.0,spare,0.6293345256046542,0.5252066460389359,0.0,0.0015891197192728337,0.0014874160572393728
68,0.0025,1.0,tight,0.58,0.5195045123670209,0.0,0.0015891197192728337,0.0034706374668918693
68,0.005,0.0,spare,0.6173540904758168,0.49878356156031356,0.0033336239095864456,0.0,0.0
68,0.005,0.0,tight,0.58,0.49878356156031356,0.0033336239095864456,0.0,0.0
68,0.005,0.25,spare,0.6188312579976514,0.5164680875884026,0.0025002179321898343,0.0008334059773966114,0.0007800679948432285
68,0.005,0.25,tight,0.58,0.5134466992093103,0.0025002179321898343,0.0008334059773966114,0.0018201586546341996
68,0.005,0.5,spare,0.6202576146055617,0.5335174771924385,0.0016668119547932228,0.0016668119547932228,0.001560135989686457
68,0.005,0.5,tight,0.58,0.5275428521816934,0.0016668119547932228,0.0016668119547932228,0.003640317309268399
68,0.005,0.75,spare,0.6216349080694762,0.5499535774965256,0.0008334059773966114,0.0025002179321898343,0.0023402039845296855
68,0.005,0.75,tight,0.58,0.5410915233498004,0.0008334059773966114,0.0025002179321898343,0.005460475963902599
68,0.005,1.0,spare,0.6229648260403547,0.5657974841376655,0.0,0.0033336239095864456,0.003120271979372914
68,0.005,1.0,tight,0.58,0.5541115447353359,0.0,0.0033336239095864456,0.007280634618536798
68,0.01,0.0,spare,0.5901247261031445,0.5041941459119398,0.0063576841889222795,0.0,0.0
68,0.01,0.0,tight,0.58,0.5041941459119398,0.0063576841889222795,0.0,0.0
68,0.01,0.25,spare,0.5928978901971446,0.5373709989867337,0.00476826314169171,0.0015894210472305699,0.0014876981002078138
68,0.01,0.25,tight,0.58,0.5316678073549611,0.00476826314169171,0.0015894210472305699,0.003471295567151565
68,0.01,0.5,spare,0.5954919736490935,0.5683093440358862,0.0031788420944611397,0.0031788420944611397,0.0029753962004156276
68,0.01,0.5,tight,0.58,0.5571431583548242,0.0031788420944611397,0.0031788420944611397,0.00694259113430313
68,0.01,0.75,spare,0.5979185408220328,0.5971537355974198,0.0015894210472305699,0.00476826314169171,0.004463094300623442
68,0.01,0.75,tight,0.58,0.58,0.0015894210472305699,0.00476826314169171,0.010413886701454695
68,0.01,1.0,spare,0.6001884092953709,0.6240393934139381,0.0,0.0063576841889222795,0.005950792400831255
68,0.01,1.0,tight,0.58,0.58,0.0,0.0063576841889222795,0.01388518226860626
68,0.02,0.0,spare,0.578586935803522,0.4935464084157733,0.012999007413341255,0.0,0.0
68,0.02,0.0,tight,0.578586935803522,0.4935464084157733,0.012999007413341255,0.0,0.0
68,0.02,0.25,spare,0.5840659283220282,0.5589920471623798,0.009749255560005941,0.003249751853335314,0.0030417677347218544
68,0.02,0.25,tight,0.58,0.547587484618932,0.009749255560005941,0.003249751853335314,0.007097458047684326
68,0.02,0.5,spare,0.5888458858410504,0.6156997484154344,0.006499503706670628,0.006499503706670628,0.006083535469443709
68,0.02,0.5,tight,0.58,0.58,0.006499503706670628,0.006499503706670628,0.014194916095368652
68,0.02,0.75,spare,0.5930159944525302,0.6647843383242092,0.003249751853335314,0.009749255560005941,0.009125303204165564
68,0.02,0.75,tight,0.58,0.58,0.003249751853335314,0.009749255560005941,0.02129237414305298
68,0.02,1.0,spare,0.5966540614776727,0.7072184084037716,0.0,0.012999007413341255,0.012167070938887418
68,0.02,1.0,tight,0.58,0.58,0.0,0.012999007413341255,0.028389832190737305
68,0.03,0.0,spare,0.5194755756590653,0.5003259863617665,0.018654477262053007,0.0,0.0
68,0.03,0.0,tight,0.5194755756590653,0.5003259863617665,0.018654477262053007,0.0,0.0
68,0.03,0.25,spare,0.5271145638979317,0.5914481916682754,0.013990857946539755,0.004663619315513252,0.004365147679320405
68,0.03,0.25,tight,0.5262948811062799,0.575381959866867,0.013990857946539755,0.004663619315513252,0.010185344585080944
68,0.03,0.5,spare,0.5333947094273732,0.6655848631069744,0.009327238631026503,0.009327238631026503,0.00873029535864081
68,0.03,0.5,tight,0.5319011511094623,0.58,0.009327238631026503,0.009327238631026503,0.02037068917016189
68,0.03,0.75,spare,0.5385577266539605,0.7257574307599952,0.004663619315513252,0.013990857946539755,0.013095443037961216
68,0.03,0.75,tight,0.5365101635069673,0.58,0.004663619315513252,0.013990857946539755,0.03055603375524283
68,0.03,1.0,spare,0.5428023332091859,0.7744498650209924,0.0,0.018654477262053007,0.01746059071728162
68,0.03,1.0,tight,0.5402993130249704,0.58,0.0,0.018654477262053007,0.04074137834032378
69,0.0,0.0,spare,0.6545486904926848,0.5077092369502207,0.0,0.0,0.0
69,0.0,0.0,tight,0.58,0.5077092369502207,0.0,0.0,0.0
69,0.0,0.25,spare,0.6545486904926848,0.5077092369502207,0.0,0.0,0.0
69,0.0,0.25,tight,0.58,0.5077092369502207,0.0,0.0,0.0
69,0.0,0.5,spare,0.6545486904926848,0.5077092369502207,0.0,0.0,0.0
69,0.0,0.5,tight,0.58,0.5077092369502207,0.0,0.0,0.0
69,0.0,0.75,spare,0.6545486904926848,0.5077092369502207,0.0,0.0,0.0
69,0.0,0.75,tight,0.58,0.5077092369502207,0.0,0.0,0.0
69,0.0,1.0,spare,0.6545486904926848,0.5077092369502207,0.0,0.0,0.0
69,0.0,1.0,tight,0.58,0.5077092369502207,0.0,0.0,0.0
69,0.0025,0.0,spare,0.6344940248613026,0.48205064398296427,0.001643535578288922,0.0,0.0
69,0.0025,0.0,tight,0.58,0.48205064398296427,0.001643535578288922,0.0,0.0
69,0.0025,0.25,spare,0.6352287568615024,0.49085020666014273,0.0012326516837166915,0.0004108838945722305,0.0003845873253196078
69,0.0025,0.25,tight,0.58,0.4893519409961103,0.0012326516837166915,0.0004108838945722305,0.0008973704257457516
69,0.0025,0.5,spare,0.6359509182788009,0.49949263705105373,0.000821767789144461,0.000821767789144461,0.0007691746506392156
69,0.0025,0.5,tight,0.58,0.496512966415405,0.000821767789144461,0.000821767789144461,0.0017947408514915031
69,0.0025,0.75,spare,0.6366607241842095,0.5079806235433413,0.0004108838945722305,0.0012326516837166915,0.0011537619759588236
69,0.0025,0.75,tight,0.58,0.503536120157687,0.0004108838945722305,0.0012326516837166915,0.0026921112772372545
69,0.0025,1.0,spare,0.6373583859690741,0.5163168085288309,0.0,0.001643535578288922,0.0015383493012784313
69,0.0025,1.0,tight,0.58,0.5104237610794445,0.0,0.001643535578288922,0.0035894817029830063
69,0.005,0.0,spare,0.6686299544387168,0.5084039079010896,0.003344908540447077,0.0,0.0
69,0.005,0.0,tight,0.58,0.5084039079010896,0.003344908540447077,0.0,0.0
69,0.005,0.25,spare,0.6701120350173984,0.5261472065361456,0.002508681405335308,0.0008362271351117693,0.0007827085984646162
69,0.005,0.25,tight,0.58,0.5231157075591364,0.002508681405335308,0.0008362271351117693,0.0018263200630841043
69,0.005,0.5,spare,0.6715429661260329,0.543251136795612,0.0016724542702235385,0.0016724542702235385,0.0015654171969292324
69,0.005,0.5,tight,0.58,0.5372567446881548,0.0016724542702235385,0.0016724542702235385,0.0036526401261682087
69,0.005,0.75,spare,0.6729245130318559,0.5597377645199343,0.0008362271351117693,0.002508681405335308,0.002348125795393849
69,0.005,0.75,tight,0.58,0.5508467174080055,0.0008362271351117693,0.002508681405335308,0.005478960189252313
69,0.005,1.0,spare,0.674258380079313,0.575628394014685,0.0,0.003344908540447077,0.003130834393858465
69,0.005,1.0,tight,0.58,0.5639046440182984,0.0,0.003344908540447077,0.007305280252336417
69,0.01,0.0,spare,0.6384581639684411,0.470063754736582,0.00650425920970597,0.0,0.0
69,0.01,0.0,tight,0.58,0.470063754736582,0.00650425920970597,0.0,0.0
69,0.01,0.25,spare,0.6412931049434045,0.5039785202685529,0.004878194407279477,0.0016260648024264924,0.0015219966550711974
69,0.01,0.25,tight,0.58,0.4981467370322826,0.004878194407279477,0.0016260648024264924,0.00355132552849946
69,0.01,0.5,spare,0.6439408977642247,0.5355539338737337,0.003252129604852985,0.003252129604852985,0.003043993310142395
69,0.01,0.5,tight,0.58,0.5241413857897607,0.003252129604852985,0.003252129604852985,0.00710265105699892
69,0.01,0.75,spare,0.6464138969849853,0.5649444274781702,0.0016260648024264924,0.004878194407279477,0.004565989965213592
69,0.01,0.75,tight,0.58,0.5481855619981392,0.0016260648024264924,0.004878194407279477,0.01065397658549838
69,0.01,1.0,spare,0.6487236415759493,0.5922942382101488,0.0,0.00650425920970597,0.00608798662028479
69,0.01,1.0,tight,0.58,0.5704080257764099,0.0,0.00650425920970597,0.01420530211399784
69,0.02,0.0,spare,0.5610490006870013,0.4896144956317418,0.012598232985902355,0.0,0.0
69,0.02,0.0,tight,0.5610490006870013,0.4896144956317418,0.012598232985902355,0.0,0.0
69,0.02,0.25,spare,0.5663700033399035,0.5531790422743188,0.009448674739426767,0.003149558246475589,0.002947986518701152
69,0.02,0.25,tight,0.5657990462743165,0.5421114302628781,0.009448674739426767,0.003149558246475589,0.006878635210302687
69,0.02,0.5,spare,0.5710317038963035,0.6085023127106176,0.006299116492951178,0.006299116492951178,0.005895973037402304
69,0.02,0.5,tight,0.569960534550447,0.58,0.006299116492951178,0.006299116492951178,0.013757270420605374
69,0.02,0.75,spare,0.575115793586747,0.6566054473224588,0.003149558246475589,0.009448674739426767,0.008843959556103457
69,0.02,0.75,tight,0.5736063910699336,0.58,0.003149558246475589,0.009448674739426767,0.02063590563090806
69,0.02,1.0,spare,0.5786938416397662,0.6983830614664991,0.0,0.012598232985902355,0.011791946074804608
69,0.02,1.0,tight,0.5768005055017646,0.58,0.0,0.012598232985902355,0.027514540841210747
69,0.03,0.0,spare,0.5072411068589433,0.48797014585601833,0.018024788038755794,0.0,0.0
69,0.03,0.0,tight,0.5072411068589433,0.48797014585601833,0.018024788038755794,0.0,0.0
69,0.03,0.25,spare,0.5146458942667917,0.5763121880530556,0.013518591029066846,0.004506197009688948,0.004217800401068857
69,0.03,0.25,tight,0.5138513418176635,0.5607565485708601,0.013518591029066846,0.004506197009688948,0.009841534269160665
69,0.03,0.5,spare,0.5207738822019449,0.6486942368414003,0.009012394019377897,0.009012394019377897,0.008435600802137714
69,0.03,0.5,tight,0.5193217811219208,0.58,0.009012394019377897,0.009012394019377897,0.01968306853832133
69,0.03,0.75,spare,0.5258452278145926,0.7078682565984283,0.004506197009688948,0.013518591029066846,0.012653401203206571
69,0.03,0.75,tight,0.5238489585019149,0.58,0.004506197009688948,0.013518591029066846,0.029524602807481995
69,0.03,1.0,spare,0.5300421267959675,0.7561116934645454,0.0,0.018024788038755794,0.016871201604275427
69,0.03,1.0,tight,0.5275955195896103,0.58,0.0,0.018024788038755794,0.03936613707664266
70,0.0,0.0,spare,0.6652728102695188,0.4879473577765731,0.0,0.0,0.0
70,0.0,0.0,tight,0.58,0.4879473577765731,0.0,0.0,0.0
70,0.0,0.25,spare,0.6652728102695188,0.4879473577765731,0.0,0.0,0.0
70,0.0,0.25,tight,0.58,0.4879473577765731,0.0,0.0,0.0
70,0.0,0.5,spare,0.6652728102695188,0.4879473577765731,0.0,0.0,0.0
70,0.0,0.5,tight,0.58,0.4879473577765731,0.0,0.0,0.0
70,0.0,0.75,spare,0.6652728102695188,0.4879473577765731,0.0,0.0,0.0
70,0.0,0.75,tight,0.58,0.4879473577765731,0.0,0.0,0.0
70,0.0,1.0,spare,0.6652728102695188,0.4879473577765731,0.0,0.0,0.0
70,0.0,1.0,tight,0.58,0.4879473577765731,0.0,0.0,0.0
70,0.0025,0.0,spare,0.6270226008136913,0.48140980838943725,0.001594454004681592,0.0,0.0
70,0.0025,0.0,tight,0.58,0.48140980838943725,0.001594454004681592,0.0,0.0
70,0.0025,0.25,spare,0.6277355743861094,0.489948875807567,0.001195840503511194,0.000398613501170398,0.00037310223709549265
70,0.0025,0.25,tight,0.58,0.4884951077748333,0.001195840503511194,0.000398613501170398,0.0008705718865561495
70,0.0025,0.5,spare,0.6284367108843152,0.4983399797980449,0.000797227002340796,0.000797227002340796,0.0007462044741909853
70,0.0025,0.5,tight,0.58,0.4954483205832345,0.000797227002340796,0.000797227002340796,0.001741143773112299
70,0.0025,0.75,spare,0.6291262068321792,0.5065855769092501,0.000398613501170398,0.001195840503511194,0.0011193067112864779
70,0.0025,0.75,tight,0.58,0.5022716397691556,0.000398613501170398,0.001195840503511194,0.002611715659668448
70,0.0025,1.0,spare,0.6298042554908034,0.5146880829049573,0.0,0.001594454004681592,0.0014924089483819706
70,0.0025,1.0,tight,0.58,0.5089672218787973,0.0,0.001594454004681592,0.003482287546224598
70,0.005,0.0,spare,0.6246170709210132,0.4804266213312404,0.003128975402641021,0.0,0.0
70,0.005,0.0,tight,0.58,0.4804266213312404,0.003128975402641021,0.0,0.0
70,0.005,0.25,spare,0.6260050383239254,0.4970440336234256,0.002346731551980766,0.0007822438506602553,0.0007321802442179993
70,0.005,0.25,tight,0.58,0.49420613806289687,0.002346731551980766,0.0007822438506602553,0.0017084205698419978
70,0.005,0.5,spare,0.627348146060492,0.5131007000862903,0.0015644877013205106,0.0015644877013205106,0.0014643604884359985
70,0.005,0.5,tight,0.58,0.5074850784133865,0.0015644877013205106,0.0015644877013205106,0.0034168411396839956
70,0.005,0.75,spare,0.6286478440132249,0.5286147442512339,0.0007822438506602553,0.002346731551980766,0.0021965407326539977
70,0.005,0.75,tight,0.58,0.520279621213273,0.0007822438506602553,0.002346731551980766,0.005125261709525993
70,0.005,1.0,spare,0.6299055352038485,0.5436037038898103,0.0,0.003128975402641021,0.002928720976871997
70,0.005,1.0,tight,0.58,0.53260542238679,0.0,0.003128975402641021,0.006833682279367991
70,0.01,0.0,spare,0.5925438315580108,0.5092855825526832,0.006482549063536347,0.0,0.0
70,0.01,0.0,tight,0.58,0.5092855825526832,0.006482549063536347,0.0,0.0
70,0.01,0.25,spare,0.5953696283686691,0.5430911262050444,0.00486191179765226,0.0016206372658840867,0.0015169164808675059
70,0.01,0.25,tight,0.58,0.537278381434341,0.00486191179765226,0.0016206372658840867,0.0035394717886908455
70,0.01,0.5,spare,0.5980094823790497,0.5745723848539339,0.0032412745317681735,0.0032412745317681735,0.0030338329617350117
70,0.01,0.5,tight,0.58,0.5631962969820503,0.0032412745317681735,0.0032412745317681735,0.007078943577381691
70,0.01,0.75,spare,0.6004756289787759,0.6038823008696451,0.0016206372658840867,0.00486191179765226,0.004550749442602517
70,0.01,0.75,tight,0.58,0.58,0.0016206372658840867,0.00486191179765226,0.01061841536607254
70,0.01,1.0,spare,0.6027794984455821,0.6311637527238546,0.0,0.006482549063536347,0.006067665923470023
70,0.01,1.0,tight,0.58,0.58,0.0,0.006482549063536347,0.014157887154763382
70,0.02,0.0,spare,0.5399741928548617,0.4804261586052465,0.01232427670988123,0.0,0.0
70,0.02,0.0,tight,0.5399741928548617,0.4804261586052465,0.01232427670988123,0.0,0.0
70,0.02,0.25,spare,0.5451868156123126,0.5427000623232725,0.009243207532410922,0.0030810691774703076,0.002883880750112209
70,0.02,0.25,tight,0.5446274879840914,0.5318632926370237,0.009243207532410922,0.0030810691774703076,0.006729055083595152
70,0.02,0.5,spare,0.5497667205043694,0.5970649927238687,0.006162138354940615,0.006162138354940615,0.005767761500224418
70,0.02,0.5,tight,0.5487159574778947,0.5762401062259684,0.006162138354940615,0.006162138354940615,0.013458110167190304
70,0.02,0.75,spare,0.5537907080047696,0.6444809557287586,0.0030810691774703076,0.009243207532410922,0.008651642250336626
70,0.02,0.75,tight,0.5523081609246007,0.58,0.0030810691774703076,0.009243207532410922,0.02018716525078546
70,0.02,1.0,spare,0.557326256402611,0.685791429951664,0.0,0.01232427670988123,0.011535523000448836
70,0.02,1.0,tight,0.5554643360219284,0.58,0.0,0.01232427670988123,0.026916220334380608
70,0.03,0.0,spare,0.5148349115161707,0.49568508061443345,0.018416209450635542,0.0,0.0
70,0.03,0.0,tight,0.5148349115161707,0.49568508061443345,0.018416209450635542,0.0,0.0
70,0.03,0.25,spare,0.5223854626718999,0.5857575770495996,0.013812157087976656,0.0046040523626588855,0.004309393011448718
70,0.03,0.25,tight,0.5215752694033269,0.5698843038438386,0.013812157087976656,0.0046040523626588855,0.010055250360047008
70,0.03,0.5,spare,0.5286084518223365,0.6592355484186089,0.009208104725317771,0.009208104725317771,0.008618786022897435
70,0.03,0.5,tight,0.5271305160517792,0.58,0.009208104725317771,0.009208104725317771,0.020110500720094016
70,0.03,0.75,spare,0.533737295156782,0.71903669708773,0.0046040523626588855,0.013812157087976656,0.012928179034346152
70,0.03,0.75,tight,0.5317090215023499,0.58,0.0046040523626588855,0.013812157087976656,0.03016575108014102
70,0.03,1.0,spare,0.5379643688850789,0.7675657256799917,0.0,0.018416209450635542,0.01723757204579487
70,0.03,1.0,tight,0.5354825195101737,0.58,0.0,0.018416209450635542,0.04022100144018803
71,0.0,0.0,spare,0.6818550046152235,0.4712552679918398,0.0,0.0,0.0
71,0.0,0.0,tight,0.58,0.4712552679918398,0.0,0.0,0.0
71,0.0,0.25,spare,0.6818550046152235,0.4712552679918398,0.0,0.0,0.0
71,0.0,0.25,tight,0.58,0.4712552679918398,0.0,0.0,0.0
71,0.0,0.5,spare,0.6818550046152235,0.4712552679918398,0.0,0.0,0.0
71,0.0,0.5,tight,0.58,0.4712552679918398,0.0,0.0,0.0
71,0.0,0.75,spare,0.6818550046152235,0.4712552679918398,0.0,0.0,0.0
71,0.0,0.75,tight,0.58,0.4712552679918398,0.0,0.0,0.0
71,0.0,1.0,spare,0.6818550046152235,0.4712552679918398,0.0,0.0,0.0
71,0.0,1.0,tight,0.58,0.4712552679918398,0.0,0.0,0.0
71,0.0025,0.0,spare,0.6567380285804407,0.4897676557119657,0.0016596040886551113,0.0,0.0
71,0.0025,0.0,tight,0.58,0.4897676557119657,0.0016596040886551113,0.0,0.0
71,0.0025,0.25,spare,0.6574798815005394,0.4986524698564538,0.0012447030664913335,0.00041490102216377783,0.00038834735674529616
71,0.0025,0.25,tight,0.58,0.4971396396578593,0.0012447030664913335,0.00041490102216377783,0.0009061438324056909
71,0.0025,0.5,spare,0.6582089189922882,0.507377091146568,0.0008298020443275557,0.0008298020443275557,0.0007766947134905923
71,0.0025,0.5,tight,0.58,0.504368619848507,0.0008298020443275557,0.0008298020443275557,0.0018122876648113818
71,0.0025,0.75,spare,0.6589253624408151,0.5159442868964101,0.00041490102216377783,0.0012447030664913335,0.0011650420702358885
71,0.0025,0.75,tight,0.58,0.5114570666581966,0.00041490102216377783,0.0012447030664913335,0.0027184314972170725
71,0.0025,1.0,spare,0.6596294294068445,0.5243567766150329,0.0,0.0016596040886551113,0.0015533894269811846
71,0.0025,1.0,tight,0.58,0.5184074077857691,0.0,0.0016596040886551113,0.0036245753296227637
71,0.005,0.0,spare,0.6469815932304365,0.48058146647424804,0.0032576967636089816,0.0,0.0
71,0.005,0.0,tight,0.58,0.48058146647424804,0.0032576967636089816,0.0,0.0
71,0.005,0.25,spare,0.6484256887593978,0.4978703595435793,0.002443272572706736,0.0008144241909022454,0.000762301042684502
71,0.005,0.25,tight,0.58,0.4949170192918353,0.002443272572706736,0.0008144241909022454,0.0017787024329305042
71,0.005,0.5,spare,0.6498212230947867,0.5145522376932576,0.0016288483818044908,0.0016288483818044908,0.001524602085369004
71,0.005,0.5,tight,0.58,0.5087106914285402,0.0016288483818044908,0.0016288483818044908,0.0035574048658610084
71,0.005,0.75,spare,0.6511698292238083,0.5306475132633419,0.0008144241909022454,0.002443272572706736,0.0022869031280535056
71,0.005,0.75,tight,0.58,0.5219807049286178,0.0008144241909022454,0.002443272572706736,0.005336107298791512
71,0.005,1.0,spare,0.6524730852205354,0.5461759121797464,0.0,0.0032576967636089816,0.003049204170738008
71,0.005,1.0,tight,0.58,0.5347446690761557,0.0,0.0032576967636089816,0.007114809731722017
71,0.01,0.0,spare,0.6045288840617111,0.5051780288010639,0.006540454879039576,0.0,0.0
71,0.01,0.0,tight,0.58,0.5051780288010639,0.006540454879039576,0.0,0.0
71,0.01,0.25,spare,0.6073790657698326,0.5392748337108874,0.004905341159279682,0.001635113719759894,0.0015304664416952612
71,0.01,0.25,tight,0.58,0.5334113153097756,0.004905341159279682,0.001635113719759894,0.0035710883639556087
71,0.01,0.5,spare,0.6100400816860085,0.5710070662213913,0.003270227439519788,0.003270227439519788,0.0030609328833905223
71,0.01,0.5,tight,0.58,0.5595337540283346,0.003270227439519788,0.003270227439519788,0.0071421767279112175
71,0.01,0.75,spare,0.612524486692877,0.6005316623655503,0.001635113719759894,0.004905341159279682,0.004591399325085784
71,0.01,0.75,tight,0.58,0.58,0.001635113719759894,0.004905341159279682,0.010713265091866826
71,0.01,1.0,spare,0.614844002408898,0.6279951423741196,0.0,0.006540454879039576,0.006121865766781045
71,0.01,1.0,tight,0.58,0.58,0.0,0.006540454879039576,0.014284353455822435
71,0.02,0.0,spare,0.5621736631778095,0.4828964793900161,0.012543251691541937,0.0,0.0
71,0.02,0.0,tight,0.5621736631778095,0.4828964793900161,0.012543251691541937,0.0,0.0
71,0.02,0.25,spare,0.5674729396685548,0.5462023146285127,0.009407438768656452,0.003135812922885484,0.002935120895820814
71,0.02,0.25,tight,0.5669043138752111,0.5351809976839544,0.009407438768656452,0.003135812922885484,0.0068486154235818985
71,0.02,0.5,spare,0.5721182870580203,0.6013340361010097,0.006271625845770968,0.006271625845770968,0.005870241791641628
71,0.02,0.5,tight,0.5710512037206504,0.58,0.006271625845770968,0.006271625845770968,0.013697230847163797
71,0.02,0.75,spare,0.5761903999976826,0.6493003269509693,0.003135812922885484,0.009407438768656452,0.008805362687462442
71,0.02,0.75,tight,0.5746863686250584,0.58,0.003135812922885484,0.009407438768656452,0.020545846270745693
71,0.02,1.0,spare,0.5797600154436601,0.6909853991298651,0.0,0.012543251691541937,0.011740483583283256
71,0.02,1.0,tight,0.5778729552899472,0.58,0.0,0.012543251691541937,0.027394461694327594
71,0.03,0.0,spare,0.5178080926306141,0.4819258521882595,0.019227553746032917,0.0,0.0
71,0.03,0.0,tight,0.5178080926306141,0.4819258521882595,0.019227553746032917,0.0,0.0
71,0.03,0.25,spare,0.5256588839448254,0.5755614960393283,0.014420665309524688,0.004806888436508229,0.004499247576571704
71,0.03,0.25,tight,0.5248164741465792,0.5590323767924884,0.014420665309524688,0.004806888436508229,0.010498244345333975
71,0.03,0.5,spare,0.5320744357783339,0.651256646381614,0.009613776873016459,0.009613776873016459,0.008998495153143408
71,0.03,0.5,tight,0.5305436210143462,0.58,0.009613776873016459,0.009613776873016459,0.02099648869066795
71,0.03,0.75,spare,0.5373171309005352,0.7122910878325582,0.004806888436508229,0.014420665309524688,0.013497742729715111
71,0.03,0.75,tight,0.5352237616673992,0.58,0.004806888436508229,0.014420665309524688,0.03149473303600192
71,0.03,1.0,spare,0.5416013846728754,0.7613450124102387,0.0,0.019227553746032917,0.017996990306286816
71,0.03,1.0,tight,0.539048304155673,0.58,0.0,0.019227553746032917,0.0419929773813359
72,0.0,0.0,spare,0.6526634952220177,0.48495563734828684,0.0,0.0,0.0
72,0.0,0.0,tight,0.58,0.48495563734828684,0.0,0.0,0.0
72,0.0,0.25,spare,0.6526634952220177,0.48495563734828684,0.0,0.0,0.0
72,0.0,0.25,tight,0.58,0.48495563734828684,0.0,0.0,0.0
72,0.0,0.5,spare,0.6526634952220177,0.48495563734828684,0.0,0.0,0.0
72,0.0,0.5,tight,0.58,0.48495563734828684,0.0,0.0,0.0
72,0.0,0.75,spare,0.6526634952220177,0.48495563734828684,0.0,0.0,0.0
72,0.0,0.75,tight,0.58,0.48495563734828684,0.0,0.0,0.0
72,0.0,1.0,spare,0.6526634952220177,0.48495563734828684,0.0,0.0,0.0
72,0.0,1.0,tight,0.58,0.48495563734828684,0.0,0.0,0.0
72,0.0025,0.0,spare,0.6517090719220446,0.49869208230466827,0.0016564853035187625,0.0,0.0
72,0.0025,0.0,tight,0.58,0.49869208230466827,0.0016564853035187625,0.0,0.0
72,0.0025,0.25,spare,0.6524495428155098,0.5075603509119593,0.001242363977639072,0.0004141213258796906,0.0003876175610233905
72,0.0025,0.25,tight,0.58,0.5060503474613172,0.001242363977639072,0.0004141213258796906,0.0009044409757212445
72,0.0025,0.5,spare,0.6531772459848675,0.5162690229679076,0.0008282426517593812,0.0008282426517593812,0.000775235122046781
72,0.0025,0.5,tight,0.58,0.5132661411809253,0.0008282426517593812,0.0008282426517593812,0.001808881951442489
72,0.0025,0.75,spare,0.6538924015802686,0.5248208503493985,0.0004141213258796906,0.001242363977639072,0.0011628526830701716
72,0.0025,0.75,tight,0.58,0.5203419200570164,0.0004141213258796906,0.001242363977639072,0.002713322927163733
72,0.0025,1.0,spare,0.654595225955879,0.5332185374835052,0.0,0.0016564853035187625,0.001550470244093562
72,0.0025,1.0,tight,0.58,0.527280098324787,0.0,0.0016564853035187625,0.003617763902884978
72,0.005,0.0,spare,0.638412269725725,0.4961395049683023,0.0032712059754969503,0.0,0.0
72,0.005,0.0,tight,0.58,0.4961395049683023,0.0032712059754969503,0.0,0.0
72,0.005,0.25,spare,0.6398622514627363,0.513498814482679,0.002453404481622713,0.0008178014938742376,0.0007654621982662866
72,0.005,0.25,tight,0.58,0.5105333642938674,0.002453404481622713,0.0008178014938742376,0.001786078462621335
72,0.005,0.5,spare,0.6412632753234981,0.5302461505439344,0.0016356029877484751,0.0016356029877484751,0.0015309243965325732
72,0.005,0.5,tight,0.58,0.5243809164682857,0.0016356029877484751,0.0016356029877484751,0.00357215692524267
72,0.005,0.75,spare,0.6426169943451386,0.5464021761161748,0.0008178014938742376,0.002453404481622713,0.00229638659479886
72,0.005,0.75,tight,0.58,0.5377006072672641,0.0008178014938742376,0.002453404481622713,0.005358235387864006
72,0.005,1.0,spare,0.6439250057508509,0.5619868564893115,0.0,0.0032712059754969503,0.0030618487930651464
72,0.005,1.0,tight,0.58,0.5505102596545243,0.0,0.0032712059754969503,0.00714431385048534
72,0.01,0.0,spare,0.6282861516295395,0.4892811801955914,0.00653074997848954,0.0,0.0
72,0.01,0.0,tight,0.58,0.4892811801955914,0.00653074997848954,0.0,0.0
72,0.01,0.25,spare,0.6311322475110371,0.5233291832193456,0.004898062483867155,0.001632687494622385,0.0015281954949665528
72,0.01,0.25,tight,0.58,0.5174741729915593,0.004898062483867155,0.001632687494622385,0.0035657894882552897
72,0.01,0.5,spare,0.633789719562275,0.5550193883648519,0.00326537498924477,0.00326537498924477,0.0030563909899331055
72,0.01,0.5,tight,0.58,0.5435623655951717,0.00326537498924477,0.00326537498924477,0.007131578976510579
72,0.01,0.75,spare,0.6362710687497781,0.5845080577136745,0.001632687494622385,0.004898062483867155,0.0045845864848996585
72,0.01,0.75,tight,0.58,0.5676852527707461,0.001632687494622385,0.004898062483867155,0.010697368464765867
72,0.01,1.0,spare,0.6385879675436731,0.6119410971423946,0.0,0.00653074997848954,0.006112781979866211
72,0.01,1.0,tight,0.58,0.58,0.0,0.00653074997848954,0.014263157953021159
72,0.02,0.0,spare,0.5720333608273555,0.49099107695824146,0.012473526293170513,0.0,0.0
72,0.02,0.0,tight,0.5720333608273555,0.49099107695824146,0.012473526293170513,0.0,0.0
72,0.02,0.25,spare,0.5773050668968455,0.5539685976742632,0.009355144719877884,0.003118381573292628,0.0029188051526019007
72,0.02,0.25,tight,0.576739399479553,0.5430060147546377,0.009355144719877884,0.003118381573292628,0.0068105453560711
72,0.02,0.5,spare,0.5819296305277385,0.6088568379078263,0.006236763146585256,0.006236763146585256,0.0058376103052038015
72,0.02,0.5,tight,0.58,0.58,0.006236763146585256,0.006236763146585256,0.0136210907121422
72,0.02,0.75,spare,0.5859864934283384,0.6566488190127213,0.003118381573292628,0.009355144719877884,0.008756415457805701
72,0.02,0.75,tight,0.58,0.58,0.003118381573292628,0.009355144719877884,0.020431636068213303
72,0.02,1.0,spare,0.5895453452266611,0.6982156613391547,0.0,0.012473526293170513,0.011675220610407603
72,0.02,1.0,tight,0.58,0.58,0.0,0.012473526293170513,0.0272421814242844
72,0.03,0.0,spare,0.49491034651790594,0.48568326221184194,0.01785277998539569,0.0,0.0
72,0.03,0.0,tight,0.49491034651790594,0.48568326221184194,0.01785277998539569,0.0,0.0
72,0.03,0.25,spare,0.5022508891042806,0.5732624940249437,0.013389584989046768,0.004463194996348923,0.004177550516582593
72,0.03,0.25,tight,0.5014632302872628,0.5578466914567771,0.013389584989046768,0.004463194996348923,0.009747617872026049
72,0.03,0.5,spare,0.5083366914367811,0.6451574726646158,0.008926389992697846,0.008926389992697846,0.008355101033165186
72,0.03,0.5,tight,0.5068960106109106,0.58,0.008926389992697846,0.008926389992697846,0.019495235744052097
72,0.03,0.75,spare,0.513382229909511,0.7040491530571585,0.004463194996348923,0.013389584989046768,0.012532651549747777
72,0.03,0.75,tight,0.5114001500224834,0.58,0.004463194996348923,0.013389584989046768,0.029242853616078143
72,0.03,1.0,spare,0.5175653198439059,0.7521602267205113,0.0,0.01785277998539569,0.016710202066330372
72,0.03,1.0,tight,0.5151343838089253,0.58,0.0,0.01785277998539569,0.038990471488104195
73,0.0,0.0,spare,0.658428821130046,0.4872678533484223,0.0,0.0,0.0
73,0.0,0.0,tight,0.58,0.4872678533484223,0.0,0.0,0.0
73,0.0,0.25,spare,0.658428821130046,0.4872678533484223,0.0,0.0,0.0
73,0.0,0.25,tight,0.58,0.4872678533484223,0.0,0.0,0.0
73,0.0,0.5,spare,0.658428821130046,0.4872678533484223,0.0,0.0,0.0
73,0.0,0.5,tight,0.58,0.4872678533484223,0.0,0.0,0.0
73,0.0,0.75,spare,0.658428821130046,0.4872678533484223,0.0,0.0,0.0
73,0.0,0.75,tight,0.58,0.4872678533484223,0.0,0.0,0.0
73,0.0,1.0,spare,0.658428821130046,0.4872678533484223,0.0,0.0,0.0
73,0.0,1.0,tight,0.58,0.4872678533484223,0.0,0.0,0.0
73,0.0025,0.0,spare,0.6649604631627524,0.48358915618089027,0.0016563044620714652,0.0,0.0
73,0.0025,0.0,tight,0.58,0.48358915618089027,0.0016563044620714652,0.0,0.0
73,0.0025,0.25,spare,0.6657008539185949,0.49245646538479776,0.001242228346553599,0.0004140761155178663,0.00038757524412472296
73,0.0025,0.25,tight,0.58,0.4909466258438113,0.001242228346553599,0.0004140761155178663,0.0009043422362910201
73,0.0025,0.5,spare,0.66642847971376,0.5011642125802358,0.0008281522310357326,0.0008281522310357326,0.0007751504882494459
73,0.0025,0.5,tight,0.58,0.49816165490602715,0.0008281522310357326,0.0008281522310357326,0.0018086844725820402
73,0.0025,0.75,spare,0.6671435606269286,0.509715148750719,0.0004140761155178663,0.001242228346553599,0.001162725732374169
73,0.0025,0.75,tight,0.58,0.5052366991635515,0.0004140761155178663,0.001242228346553599,0.0027130267088730604
73,0.0025,1.0,spare,0.66784631294244,0.5181119774504876,0.0,0.0016563044620714652,0.0015503009764988918
73,0.0025,1.0,tight,0.58,0.5121741720724052,0.0,0.0016563044620714652,0.0036173689451640804
73,0.005,0.0,spare,0.6164822345784219,0.48031227321385034,0.003190943981693727,0.0,0.0
73,0.005,0.0,tight,0.58,0.48031227321385034,0.003190943981693727,0.0,0.0
73,0.005,0.25,spare,0.6178972324534774,0.49725306576032774,0.002393207986270295,0.0007977359954234318,0.0007466808917163323
73,0.005,0.25,tight,0.58,0.4943595805263405,0.002393207986270295,0.0007977359954234318,0.0017422554140047752
73,0.005,0.5,spare,0.6192656063767256,0.5136110589092142,0.0015954719908468635,0.0015954719908468635,0.0014933617834326646
73,0.005,0.5,tight,0.58,0.507886624293142,0.0015954719908468635,0.0015954719908468635,0.0034845108280095504
73,0.005,0.75,spare,0.6205888925998603,0.529405455806681,0.0007977359954234318,0.002393207986270295,0.002240042675148997
73,0.005,0.75,tight,0.58,0.5209105471141904,0.0007977359954234318,0.002393207986270295,0.005226766242014325
73,0.005,1.0,spare,0.6218685767553295,0.5446548268583293,0.0,0.003190943981693727,0.002986723566865329
73,0.005,1.0,tight,0.58,0.5334479267435172,0.0,0.003190943981693727,0.006969021656019101
73,0.01,0.0,spare,0.6068125665211468,0.48345073113937037,0.0064407330866667195,0.0,0.0
73,0.01,0.0,tight,0.58,0.48345073113937037,0.0064407330866667195,0.0,0.0
73,0.01,0.25,spare,0.609620744854741,0.5170458287670185,0.00483054981500004,0.0016101832716666799,0.0015071315422800129
73,0.01,0.25,tight,0.58,0.5112697619214228,0.00483054981500004,0.0016101832716666799,0.003516640265320029
73,0.01,0.5,spare,0.6122452918183355,0.5483455342696701,0.0032203665433333598,0.0032203665433333598,0.0030142630845600257
73,0.01,0.5,tight,0.58,0.5370397019689405,0.0032203665433333598,0.0032203665433333598,0.007033280530640058
73,0.01,0.75,spare,0.6146982153672815,0.5774999470892149,0.0016101832716666799,0.00483054981500004,0.004521394626840039
73,0.01,0.75,tight,0.58,0.5608945446734165,0.0016101832716666799,0.00483054981500004,0.010549920795960089
73,0.01,1.0,spare,0.6169907382371079,0.6046493514197645,0.0,0.0064407330866667195,0.0060285261691200515
73,0.01,1.0,tight,0.58,0.58,0.0,0.0064407330866667195,0.014066561061280116
73,0.02,0.0,spare,0.5441973373267424,0.5004201115651559,0.012477605491950237,0.0,0.0
73,0.02,0.0,tight,0.5441973373267424,0.5004201115651559,0.012477605491950237,0.0,0.0
73,0.02,0.25,spare,0.549470656925819,0.5634168468684977,0.009358204118962678,0.003119401372987559,0.002919759685116356
73,0.02,0.25,tight,0.5489048163727139,0.5524508270411955,0.009358204118962678,0.003119401372987559,0.0068127725986048306
73,0.02,0.5,spare,0.5540964378793571,0.6183193491026081,0.006238802745975118,0.006238802745975118,0.005839519370232712
73,0.02,0.5,tight,0.5530342393103733,0.58,0.006238802745975118,0.006238802745975118,0.013625545197209661
73,0.02,0.75,spare,0.5581541948629967,0.6661215517129853,0.003119401372987559,0.009358204118962678,0.008759279055349069
73,0.02,0.75,tight,0.5566565886892108,0.58,0.003119401372987559,0.009358204118962678,0.02043831779581449
73,0.02,1.0,spare,0.5617136785271941,0.7076953378303378,0.0,0.012477605491950237,0.011679038740465424
73,0.02,1.0,tight,0.559834130738174,0.58,0.0,0.012477605491950237,0.027251090394419322
73,0.03,0.0,spare,0.5293749112288272,0.46759931073969824,0.018623166191147567,0.0,0.0
73,0.03,0.0,tight,0.5293749112288272,0.46759931073969824,0.018623166191147567,0.0,0.0
73,0.03,0.25,spare,0.5370022904633447,0.558583730282439,0.013967374643360675,0.004655791547786892,0.004357820888728532
73,0.03,0.25,tight,0.5361838533472713,0.5425428384798833,0.013967374643360675,0.004655791547786892,0.010168248740366573
73,0.03,0.5,spare,0.5432749539287874,0.6326342027117443,0.009311583095573783,0.009311583095573783,0.008715641777457064
73,0.03,0.5,tight,0.5417834441308781,0.58,0.009311583095573783,0.009311583095573783,0.020336497480733146
73,0.03,0.75,spare,0.5484335157022258,0.6927584039909954,0.004655791547786892,0.013967374643360675,0.013073462666185596
73,0.03,0.75,tight,0.546388479156645,0.58,0.004655791547786892,0.013967374643360675,0.03050474622109972
73,0.03,1.0,spare,0.552675853860009,0.7414298100745557,0.0,0.018623166191147567,0.017431283554914127
73,0.03,1.0,tight,0.5501756036819984,0.58,0.0,0.018623166191147567,0.04067299496146629
74,0.0,0.0,spare,0.6478804576259847,0.4926974653167312,0.0,0.0,0.0
74,0.0,0.0,tight,0.58,0.4926974653167312,0.0,0.0,0.0
74,0.0,0.25,spare,0.6478804576259847,0.4926974653167312,0.0,0.0,0.0
74,0.0,0.25,tight,0.58,0.4926974653167312,0.0,0.0,0.0
74,0.0,0.5,spare,0.6478804576259847,0.4926974653167312,0.0,0.0,0.0
74,0.0,0.5,tight,0.58,0.4926974653167312,0.0,0.0,0.0
74,0.0,0.75,spare,0.6478804576259847,0.4926974653167312,0.0,0.0,0.0
74,0.0,0.75,tight,0.58,0.4926974653167312,0.0,0.0,0.0
74,0.0,1.0,spare,0.6478804576259847,0.4926974653167312,0.0,0.0,0.0
74,0.0,1.0,tight,0.58,0.4926974653167312,0.0,0.0,0.0
74,0.0025,0.0,spare,0.661602172964241,0.4876069652214717,0.0016756972565805182,0.0,0.0
74,0.0025,0.0,tight,0.58,0.4876069652214717,0.0016756972565805182,0.0,0.0
74,0.0025,0.25,spare,0.6623511565273784,0.49657714660264995,0.0012567729424353886,0.00041892431414512955,0.0003921131580398414
74,0.0025,0.25,tight,0.58,0.49504973113486556,0.0012567729424353886,0.00041892431414512955,0.000914930702092963
74,0.0025,0.5,spare,0.6630870771159943,0.50538404080231,0.0008378486282902591,0.0008378486282902591,0.0007842263160796828
74,0.0025,0.5,tight,0.58,0.5023467309950113,0.0008378486282902591,0.0008378486282902591,0.001829861404185926
74,0.0025,0.75,spare,0.6638101625605938,0.5140304957017626,0.00041892431414512955,0.0012567729424353886,0.001176339474119524
74,0.0025,0.75,tight,0.58,0.5095005070983402,0.00041892431414512955,0.0012567729424353886,0.002744792106278889
74,0.0025,1.0,spare,0.6645206367181042,0.5225193095126033,0.0,0.0016756972565805182,0.0015684526321593656
74,0.0025,1.0,tight,0.58,0.5165135574012537,0.0,0.0016756972565805182,0.003659722808371852
74,0.005,0.0,spare,0.6543070954066639,0.509304577072518,0.0033836504096256465,0.0,0.0
74,0.005,0.0,tight,0.58,0.509304577072518,0.0033836504096256465,0.0,0.0
74,0.005,0.25,spare,0.6558060388340072,0.5272495957184574,0.002537737807219235,0.0008459126024064116,0.0007917741958524015
74,0.005,0.25,tight,0.58,0.5241833914484649,0.002537737807219235,0.0008459126024064116,0.0018474731236556032
74,0.005,0.5,spare,0.6572526622306507,0.5445406139806483,0.0016918252048128233,0.0016918252048128233,0.001583548391704803
74,0.005,0.5,tight,0.58,0.5384783813387705,0.0016918252048128233,0.0016918252048128233,0.0036949462473112064
74,0.005,0.75,spare,0.658648791806685,0.5612004594852247,0.0008459126024064116,0.002537737807219235,0.0023753225875572047
74,0.005,0.75,tight,0.58,0.55220992490745,0.0008459126024064116,0.002537737807219235,0.005542419370966811
74,0.005,1.0,spare,0.659996190029056,0.5772511630690099,0.0,0.0033836504096256465,0.003167096783409606
74,0.005,1.0,tight,0.58,0.5653976890267198,0.0,0.0033836504096256465,0.007389892494622413
74,0.01,0.0,spare,0.5864221819144545,0.4999242683381495,0.006417146806424233,0.0,0.0
74,0.01,0.0,tight,0.58,0.4999242683381495,0.006417146806424233,0.0,0.0
74,0.01,0.25,spare,0.589220419142368,0.5334006213343645,0.004812860104818175,0.0016042867016060583,0.001501612352703271
74,0.01,0.25,tight,0.58,0.5276452472310252,0.004812860104818175,0.0016042867016060583,0.003503762156307632
74,0.01,0.5,spare,0.5918363228293052,0.5645978050683773,0.0032085734032121166,0.0032085734032121166,0.003003224705406542
74,0.01,0.5,tight,0.58,0.5533316174978814,0.0032085734032121166,0.0032085734032121166,0.007007524312615264
74,0.01,0.75,spare,0.5942817738550693,0.5936643305377245,0.0016042867016060583,0.004812860104818175,0.004504837058109813
74,0.01,0.75,tight,0.58,0.5771159545299617,0.0016042867016060583,0.004812860104818175,0.010511286468922895
74,0.01,1.0,spare,0.596567878939623,0.6207390317419438,0.0,0.006417146806424233,0.006006449410813084
74,0.01,1.0,tight,0.58,0.58,0.0,0.006417146806424233,0.014015048625230528
74,0.02,0.0,spare,0.5615671300350569,0.4868918402507758,0.012647431793361127,0.0,0.0
74,0.02,0.0,tight,0.5615671300350569,0.4868918402507758,0.012647431793361127,0.0,0.0
74,0.02,0.25,spare,0.5669075632380638,0.5506877562487164,0.009485573845020846,0.003161857948340282,0.002959499039646505
74,0.02,0.25,tight,0.5663345212252227,0.5395787323686717,0.009485573845020846,0.003161857948340282,0.006905497759175177
74,0.02,0.5,spare,0.5715838704445224,0.6061820972898007,0.006323715896680564,0.006323715896680564,0.00591899807929301
74,0.02,0.5,tight,0.570509048820854,0.58,0.006323715896680564,0.006323715896680564,0.013810995518350353
74,0.02,0.75,spare,0.5756786410853876,0.6544072312609707,0.003161857948340282,0.009485573845020846,0.008878497118939514
74,0.02,0.75,tight,0.5741644401977217,0.58,0.003161857948340282,0.009485573845020846,0.02071649327752553
74,0.02,1.0,spare,0.5792641939289083,0.6962671427653306,0.0,0.012647431793361127,0.01183799615858602
74,0.02,1.0,tight,0.5773652541370196,0.58,0.0,0.012647431793361127,0.027621991036700707
74,0.03,0.0,spare,0.5180417247840091,0.4758231830579625,0.018308324483412835,0.0,0.0
74,0.03,0.0,tight,0.5180417247840091,0.4758231830579625,0.018308324483412835,0.0,0.0
74,0.03,0.25,spare,0.5255521598011857,0.5654194728435515,0.013731243362559625,0.004577081120853209,0.004284147929118604
74,0.03,0.25,tight,0.5247462710959149,0.5496336667888415,0.013731243362559625,0.004577081120853209,0.00999634516794341
74,0.03,0.5,spare,0.5317491020336372,0.6385971028200773,0.009154162241706417,0.009154162241706417,0.008568295858237209
74,0.03,0.5,tight,0.5302782657266727,0.58,0.009154162241706417,0.009154162241706417,0.01999269033588682
74,0.03,0.75,spare,0.5368622669760826,0.698227516671526,0.004577081120853209,0.013731243362559625,0.012852443787355812
74,0.03,0.75,tight,0.5348427751164265,0.58,0.004577081120853209,0.013731243362559625,0.029989035503830228
74,0.03,1.0,spare,0.5410811954004501,0.7466799740469998,0.0,0.018308324483412835,0.017136591716474418
74,0.03,1.0,tight,0.538609001832069,0.58,0.0,0.018308324483412835,0.03998538067177364
75,0.0,0.0,spare,0.6724645987984532,0.49168540535540506,0.0,0.0,0.0
75,0.0,0.0,tight,0.58,0.49168540535540506,0.0,0.0,0.0
75,0.0,0.25,spare,0.6724645987984532,0.49168540535540506,0.0,0.0,0.0
75,0.0,0.25,tight,0.58,0.49168540535540506,0.0,0.0,0.0
75,0.0,0.5,spare,0.6724645987984532,0.49168540535540506,0.0,0.0,0.0
75,0.0,0.5,tight,0.58,0.49168540535540506,0.0,0.0,0.0
75,0.0,0.75,spare,0.6724645987984532,0.49168540535540506,0.0,0.0,0.0
75,0.0,0.75,tight,0.58,0.49168540535540506,0.0,0.0,0.0
75,0.0,1.0,spare,0.6724645987984532,0.49168540535540506,0.0,0.0,0.0
75,0.0,1.0,tight,0.58,0.49168540535540506,0.0,0.0,0.0
75,0.0025,0.0,spare,0.647716284559522,0.4949569066830537,0.0016218544535086333,0.0,0.0
75,0.0025,0.0,tight,0.58,0.4949569066830537,0.0016218544535086333,0.0,0.0
75,0.0025,0.25,spare,0.6484414064496168,0.5036414163671176,0.001216390840131475,0.0004054636133771583,0.0003795139421210203
75,0.0025,0.25,tight,0.58,0.5021628050785389,0.001216390840131475,0.0004054636133771583,0.0008855325316157139
75,0.0025,0.5,spare,0.6491542844463739,0.51217287738446,0.0008109272267543166,0.0008109272267543166,0.0007590278842420406
75,0.0025,0.5,tight,0.58,0.5092320773169957,0.0008109272267543166,0.0008109272267543166,0.0017710650632314277
75,0.0025,0.75,spare,0.6498551252914819,0.5205538740061898,0.0004054636133771583,0.001216390840131475,0.001138541826363061
75,0.0025,0.75,tight,0.58,0.5161670303706954,0.0004054636133771583,0.001216390840131475,0.0026565975948471417
75,0.0025,1.0,spare,0.6505441322357364,0.5287869468672486,0.0,0.0016218544535086333,0.0015180557684840812
75,0.0025,1.0,tight,0.58,0.5229699322580137,0.0,0.0016218544535086333,0.0035421301264628555
75,0.005,0.0,spare,0.6133126869390368,0.47780417328619973,0.0031521627582374277,0.0,0.0
75,0.005,0.0,tight,0.58,0.47780417328619973,0.0031521627582374277,0.0,0.0
75,0.005,0.25,spare,0.6147107706427077,0.49454261349665884,0.002364122068678071,0.0007880406895593569,0.0007376060854275584
75,0.005,0.25,tight,0.58,0.491683914672417,0.002364122068678071,0.0007880406895593569,0.0017210808659976356
75,0.005,0.5,spare,0.6160633383710976,0.5107121040161049,0.0015760813791187139,0.0015760813791187139,0.0014752121708551168
75,0.005,0.5,tight,0.58,0.5050557561109189,0.0015760813791187139,0.0015760813791187139,0.0034421617319952713
75,0.005,0.75,spare,0.6173718719410679,0.5263311675553051,0.0007880406895593569,0.002364122068678071,0.002212818256282675
75,0.005,0.75,tight,0.58,0.51793623277868,0.0007880406895593569,0.002364122068678071,0.005163242597992907
75,0.005,1.0,spare,0.6186378049274902,0.5414177238001565,0.0,0.0031521627582374277,0.0029504243417102336
75,0.005,1.0,tight,0.58,0.5303413415339,0.0,0.0031521627582374277,0.0068843234639905425
75,0.01,0.0,spare,0.6031538239328905,0.473168405249389,0.006309216006811229,0.0,0.0
75,0.01,0.0,tight,0.58,0.473168405249389,0.006309216006811229,0.0,0.0
75,0.01,0.25,spare,0.6059065392463795,0.5061009901224078,0.004731912005108422,0.0015773040017028072,0.001476356545593828
75,0.01,0.25,tight,0.58,0.50044034813791,0.004731912005108422,0.0015773040017028072,0.0034448319397189318
75,0.01,0.5,spare,0.6084828051933187,0.5368279579135535,0.0031546080034056145,0.0031546080034056145,0.002952713091187656
75,0.01,0.5,tight,0.58,0.5257433422454443,0.0031546080034056145,0.0031546080034056145,0.0068896638794378635
75,0.01,0.75,spare,0.6108939321982925,0.5654906889301324,0.0015773040017028072,0.004731912005108422,0.004429069636781484
75,0.01,0.75,tight,0.58,0.549203597414133,0.0015773040017028072,0.004731912005108422,0.010334495819156795
75,0.01,1.0,spare,0.6131505056863755,0.5922215009855764,0.0,0.006309216006811229,0.005905426182375312
75,0.01,1.0,tight,0.58,0.570939233420795,0.0,0.006309216006811229,0.013779327758875727
75,0.02,0.0,spare,0.5807424298503606,0.4831510029428168,0.012812241088416665,0.0,0.0
75,0.02,0.0,tight,0.58,0.4831510029428168,0.012812241088416665,0.0,0.0
75,0.02,0.25,spare,0.58614787966362,0.5477210611938719,0.009609180816312499,0.0032030602721041662,0.0029980644146895
75,0.02,0.25,tight,0.58,0.5364734112262478,0.009609180816312499,0.0032030602721041662,0.0069954836342755
75,0.02,0.5,spare,0.5908729343650209,0.603786180546691,0.0064061205442083324,0.0064061205442083324,0.005996128829379
75,0.02,0.5,tight,0.58,0.58,0.0064061205442083324,0.0064061205442083324,0.013990967268551
75,0.02,0.75,spare,0.5950032366899934,0.6524168951941591,0.0032030602721041662,0.009609180816312499,0.0089941932440685
75,0.02,0.75,tight,0.58,0.58,0.0032030602721041662,0.009609180816312499,0.0209864509028265
75,0.02,1.0,spare,0.5986136493462991,0.6945489889832916,0.0,0.012812241088416665,0.011992257658758
75,0.02,1.0,tight,0.58,0.58,0.0,0.012812241088416665,0.027981934537102
75,0.03,0.0,spare,0.5007777937428136,0.4843567203237267,0.018004395967604486,0.0,0.0
75,0.03,0.0,tight,0.5007777937428136,0.4843567203237267,0.018004395967604486,0.0,0.0
75,0.03,0.25,spare,0.5081749707953446,0.5726084048239444,0.013503296975703363,0.004501098991901121,0.004213028656419451
75,0.03,0.25,tight,0.5073812349566229,0.5570693352980312,0.013503296975703363,0.004501098991901121,0.00983040019831205
75,0.03,0.5,spare,0.5142979715171544,0.6449328851901472,0.009002197983802243,0.009002197983802243,0.008426057312838901
75,0.03,0.5,tight,0.512847222188164,0.58,0.009002197983802243,0.009002197983802243,0.0196608003966241
75,0.03,0.75,spare,0.5193662749487257,0.7040736494283689,0.004501098991901121,0.013503296975703363,0.01263908596925835
75,0.03,0.75,tight,0.5173716838208186,0.58,0.004501098991901121,0.013503296975703363,0.029491200594936148
75,0.03,1.0,spare,0.5235615544924597,0.7523016150686247,0.0,0.018004395967604486,0.016852114625677803
75,0.03,1.0,tight,0.5211167992406348,0.58,0.0,0.018004395967604486,0.0393216007932482
76,0.0,0.0,spare,0.6168382187805145,0.4743169871721552,0.0,0.0,0.0
76,0.0,0.0,tight,0.58,0.4743169871721552,0.0,0.0,0.0
76,0.0,0.25,spare,0.6168382187805145,0.4743169871721552,0.0,0.0,0.0
76,0.0,0.25,tight,0.58,0.4743169871721552,0.0,0.0,0.0
76,0.0,0.5,spare,0.6168382187805145,0.4743169871721552,0.0,0.0,0.0
76,0.0,0.5,tight,0.58,0.4743169871721552,0.0,0.0,0.0
76,0.0,0.75,spare,0.6168382187805145,0.4743169871721552,0.0,0.0,0.0
76,0.0,0.75,tight,0.58,0.4743169871721552,0.0,0.0,0.0
76,0.0,1.0,spare,0.6168382187805145,0.4743169871721552,0.0,0.0,0.0
76,0.0,1.0,tight,0.58,0.4743169871721552,0.0,0.0,0.0
76,0.0025,0.0,spare,0.6603984269849883,0.4769146822968273,0.0016385748242667966,0.0,0.0
76,0.0025,0.0,tight,0.58,0.4769146822968273,0.0016385748242667966,0.0,0.0
76,0.0025,0.25,spare,0.6611309603350691,0.48568792266395866,0.0012289311182000974,0.00040964370606669915,0.00038342650887843047
76,0.0025,0.25,tight,0.58,0.4841941537642826,0.0012289311182000974,0.00040964370606669915,0.0008946618540496711
76,0.0025,0.5,spare,0.6618509982234094,0.4943049697593348,0.0008192874121333983,0.0008192874121333983,0.0007668530177568609
76,0.0025,0.5,tight,0.58,0.4913341918937627,0.0008192874121333983,0.0008192874121333983,0.0017893237080993422
76,0.0025,0.75,spare,0.6625587537960239,0.5027684879081377,0.00040964370606669915,0.0012289311182000974,0.0011502795266352915
76,0.0025,0.75,tight,0.58,0.49833717512160736,0.00040964370606669915,0.0012289311182000974,0.002683985562149013
76,0.0025,1.0,spare,0.6632544365631092,0.5110810959878256,0.0,0.0016385748242667966,0.0015337060355137219
76,0.0025,1.0,tight,0.58,0.5052054413130886,0.0,0.0016385748242667966,0.0035786474161986844
76,0.005,0.0,spare,0.6185724973782363,0.5241886419000329,0.0032291584779299306,0.0,0.0
76,0.005,0.0,tight,0.58,0.5241886419000329,0.0032291584779299306,0.0,0.0
76,0.005,0.25,spare,0.6200041555144866,0.5413287455193264,0.002421868858447448,0.0008072896194824827,0.000755623083835604
76,0.005,0.25,tight,0.58,0.5384009912595694,0.002421868858447448,0.0008072896194824827,0.0017631205289497425
76,0.005,0.5,spare,0.6213880853296888,0.5578722451255179,0.0016145792389649653,0.0016145792389649653,0.001511246167671208
76,0.005,0.5,tight,0.58,0.5520807537281254,0.0016145792389649653,0.0016145792389649653,0.003526241057899485
76,0.005,0.75,spare,0.6227258779806786,0.5738390301790556,0.0008072896194824827,0.002421868858447448,0.002266869251506812
76,0.005,0.75,tight,0.58,0.5652456845766518,0.0008072896194824827,0.002421868858447448,0.005289361586849227
76,0.005,1.0,spare,0.6240190715786365,0.5892483270696933,0.0,0.0032291584779299306,0.003022492335342416
76,0.005,1.0,tight,0.58,0.5779129471545718,0.0,0.0032291584779299306,0.00705248211579897
76,0.01,0.0,spare,0.6096582174399315,0.4755137676036185,0.006527108751034582,0.0,0.0
76,0.01,0.0,tight,0.58,0.4755137676036185,0.006527108751034582,0.0,0.0
76,0.01,0.25,spare,0.6125027802334339,0.5095434590746558,0.0048953315632759365,0.0016317771877586455,0.0015273434477420926
76,0.01,0.25,tight,0.58,0.5036916412126606,0.0048953315632759365,0.0016317771877586455,0.003563801378064882
76,0.01,0.5,spare,0.6151589223514943,0.541217892102669,0.003263554375517291,0.003263554375517291,0.003054686895484185
76,0.01,0.5,tight,0.58,0.529766981576738,0.003263554375517291,0.003263554375517291,0.007127602756129764
76,0.01,0.75,spare,0.6176391245700743,0.5706930763871764,0.0016317771877586455,0.0048953315632759365,0.004582030343226278
76,0.01,0.75,tight,0.58,0.5538790581593548,0.0016317771877586455,0.0048953315632759365,0.010691404134194645
76,0.01,1.0,spare,0.6199550409524178,0.5981146877187292,0.0,0.006527108751034582,0.00610937379096837
76,0.01,1.0,tight,0.58,0.576157915369662,0.0,0.006527108751034582,0.014255205512259528
76,0.02,0.0,spare,0.5578307288989258,0.49439744275383296,0.012870753367904803,0.0,0.0
76,0.02,0.0,tight,0.5578307288989258,0.49439744275383296,0.012870753367904803,0.0,0.0
76,0.02,0.25,spare,0.563259234523429,0.5592420067720317,0.009653065025928602,0.0032176883419762006,0.003011756288089725
76,0.02,0.25,tight,0.5626767421166269,0.5479451766362189,0.009653065025928602,0.0032176883419762006,0.007027431338876023
76,0.02,0.5,spare,0.5680015284928636,0.6155089251018743,0.006435376683952401,0.006435376683952401,0.00602351257617945
76,0.02,0.5,tight,0.5669101759283873,0.58,0.006435376683952401,0.006435376683952401,0.014054862677752047
76,0.02,0.75,spare,0.5721443540968426,0.6642824888635227,0.0032176883419762006,0.009653065025928602,0.009035268864269174
76,0.02,0.75,tight,0.5706084658490781,0.58,0.0032176883419762006,0.009653065025928602,0.021082294016628072
76,0.02,1.0,spare,0.5757634894974747,0.706509925083333,0.0,0.012870753367904803,0.0120470251523589
76,0.02,1.0,tight,0.5738392588520268,0.58,0.0,0.012870753367904803,0.028109725355504094
76,0.03,0.0,spare,0.5209346093986774,0.47914852622180243,0.01893148773599986,0.0,0.0
76,0.03,0.0,tight,0.5209346093986774,0.47914852622180243,0.01893148773599986,0.0,0.0
76,0.03,0.25,spare,0.5286761369512449,0.5714876524986717,0.014198615801999895,0.004732871933999965,0.004429968130223968
76,0.03,0.25,tight,0.5278454514314463,0.5551974593275573,0.014198615801999895,0.004732871933999965,0.010336592303855923
76,0.03,0.5,spare,0.5350220970474235,0.646382185570681,0.00946574386799993,0.00946574386799993,0.008859936260447936
76,0.03,0.5,tight,0.5335104739316118,0.58,0.00946574386799993,0.00946574386799993,0.020673184607711847
76,0.03,0.75,spare,0.5402240690444018,0.7069768674026855,0.004732871933999965,0.014198615801999895,0.013289904390671906
76,0.03,0.75,tight,0.5381542611539515,0.58,0.004732871933999965,0.014198615801999895,0.031009776911567775
76,0.03,1.0,spare,0.544488280014408,0.7558495363975382,0.0,0.01893148773599986,0.017719872520895873
76,0.03,1.0,tight,0.5419609114833609,0.58,0.0,0.01893148773599986,0.041346369215423694
77,0.0,0.0,spare,0.710164315821102,0.4951894797371443,0.0,0.0,0.0
77,0.0,0.0,tight,0.58,0.4951894797371443,0.0,0.0,0.0
77,0.0,0.25,spare,0.710164315821102,0.4951894797371443,0.0,0.0,0.0
77,0.0,0.25,tight,0.58,0.4951894797371443,0.0,0.0,0.0
77,0.0,0.5,spare,0.710164315821102,0.4951894797371443,0.0,0.0,0.0
77,0.0,0.5,tight,0.58,0.4951894797371443,0.0,0.0,0.0
77,0.0,0.75,spare,0.710164315821102,0.4951894797371443,0.0,0.0,0.0
77,0.0,0.75,tight,0.58,0.4951894797371443,0.0,0.0,0.0
77,0.0,1.0,spare,0.710164315821102,0.4951894797371443,0.0,0.0,0.0
77,0.0,1.0,tight,0.58,0.4951894797371443,0.0,0.0,0.0
77,0.0025,0.0,spare,0.6257693096574404,0.4894228957722739,0.0016437157623707436,0.0,0.0
77,0.0025,0.0,tight,0.58,0.4894228957722739,0.0016437157623707436,0.0,0.0
77,0.0025,0.25,spare,0.6265041215146657,0.49822341449919655,0.0012327868217780577,0.0004109289405926859,0.0003846294883947541
77,0.0025,0.25,tight,0.58,0.49672498550696603,0.0012327868217780577,0.0004109289405926859,0.0008974688062544261
77,0.0025,0.5,spare,0.6272263600562821,0.5068667667810048,0.0008218578811853718,0.0008218578811853718,0.0007692589767895082
77,0.0025,0.5,tight,0.58,0.5038867731542908,0.0008218578811853718,0.0008218578811853718,0.0017949376125088522
77,0.0025,0.75,spare,0.6279362404234357,0.5153556418820299,0.0004109289405926859,0.0012327868217780577,0.0011538884651842623
77,0.0025,0.75,tight,0.58,0.5109106594137033,0.0004109289405926859,0.0012327868217780577,0.002692406418763279
77,0.0025,1.0,spare,0.6286339740760075,0.5236926830507838,0.0,0.0016437157623707436,0.0015385179535790164
77,0.0025,1.0,tight,0.58,0.5177990039064533,0.0,0.0016437157623707436,0.0035898752250177043
77,0.005,0.0,spare,0.6234087784165635,0.49404864333241333,0.0032495653345758304,0.0,0.0
77,0.005,0.0,tight,0.58,0.49404864333241333,0.0032495653345758304,0.0,0.0
77,0.005,0.25,spare,0.6248493305322137,0.5112951464897495,0.002437174000931873,0.0008123913336439576,0.0007603982882907445
77,0.005,0.25,tight,0.58,0.5083490959591842,0.002437174000931873,0.0008123913336439576,0.0017742626726784036
77,0.005,0.5,spare,0.626241559473546,0.5279376099681131,0.0016247826672879152,0.0016247826672879152,0.001520796576581489
77,0.005,0.5,tight,0.58,0.5221103238948903,0.0016247826672879152,0.0016247826672879152,0.0035485253453568072
77,0.005,0.75,spare,0.627587086236532,0.5439962962171473,0.0008123913336439576,0.002437174000931873,0.002281194864872234
77,0.005,0.75,tight,0.58,0.5353504153769922,0.0008123913336439576,0.002437174000931873,0.0053227880180352115
77,0.005,1.0,spare,0.6288874774409979,0.5594907879846812,0.0,0.0032495653345758304,0.003041593153162978
77,0.005,1.0,tight,0.58,0.5480868518748637,0.0,0.0032495653345758304,0.0070970506907136145
77,0.01,0.0,spare,0.6227833636994586,0.48427864407163046,0.006482118395611406,0.0,0.0
77,0.01,0.0,tight,0.58,0.48427864407163046,0.006482118395611406,0.0,0.0
77,0.01,0.25,spare,0.6256089790946618,0.518082020807098,0.004861588796708554,0.0016205295989028515,0.0015168157045730695
77,0.01,0.25,tight,0.58,0.5122696537340117,0.004861588796708554,0.0016205295989028515,0.003539236644003828
77,0.01,0.5,spare,0.6282486755637844,0.5495614109665568,0.003241059197805703,0.003241059197805703,0.003033631409146139
77,0.01,0.5,tight,0.58,0.5381860464678841,0.003241059197805703,0.003241059197805703,0.007078473288007656
77,0.01,0.75,spare,0.6307146861400741,0.5788697274656043,0.0016205295989028515,0.004861588796708554,0.0045504471137192085
77,0.01,0.75,tight,0.58,0.5621643272455924,0.0016205295989028515,0.004861588796708554,0.010617709932011485
77,0.01,1.0,spare,0.6330184389516214,0.6061498219053716,0.0,0.006482118395611406,0.006067262818292278
77,0.01,1.0,tight,0.58,0.58,0.0,0.006482118395611406,0.014156946576015312
77,0.02,0.0,spare,0.5445496240936446,0.48387698350030767,0.012517045448098268,0.0,0.0
77,0.02,0.0,tight,0.5445496240936446,0.48387698350030767,0.012517045448098268,0.0,0.0
77,0.02,0.25,spare,0.5498385406278229,0.5470594515426813,0.0093877840860737,0.003129261362024567,0.002928988634854996
77,0.02,0.25,tight,0.5492710264840662,0.5360602065659141,0.0093877840860737,0.003129261362024567,0.006834306814661655
77,0.02,0.5,spare,0.5544760823924059,0.6020997349651125,0.006258522724049134,0.006258522724049134,0.005857977269709992
77,0.02,0.5,tight,0.5534109482679487,0.58,0.006258522724049134,0.006258522724049134,0.01366861362932331
77,0.02,0.75,spare,0.5585424716952562,0.6500006126158864,0.003129261362024567,0.0093877840860737,0.008786965904564986
77,0.02,0.75,tight,0.5570410036962755,0.58,0.003129261362024567,0.0093877840860737,0.020502920443984964
77,0.02,1.0,spare,0.5621080507890376,0.6916413626533,0.0,0.012517045448098268,0.011715954539419983
77,0.02,1.0,tight,0.5602239871197853,0.58,0.0,0.012517045448098268,0.02733722725864662
77,0.03,0.0,spare,0.5426436992059775,0.48480402767031716,0.01888346776569654,0.0,0.0
77,0.03,0.0,tight,0.5426436992059775,0.48480402767031716,0.01888346776569654,0.0,0.0
77,0.03,0.25,spare,0.5503674728554201,0.5769324668311762,0.014162600824272405,0.004720866941424135,0.004418731457172991
77,0.03,0.25,tight,0.5495386923744069,0.5606810688756136,0.014162600824272405,0.004720866941424135,0.010310373400070313
77,0.03,0.5,spare,0.5567020727113683,0.6516962335733552,0.00944173388284827,0.00944173388284827,0.008837462914345982
77,0.03,0.5,tight,0.5551935736169001,0.58,0.00944173388284827,0.00944173388284827,0.020620746800140626
77,0.03,0.75,spare,0.5618973512314573,0.712218483617295,0.004720866941424135,0.014162600824272405,0.013256194371518974
77,0.03,0.75,tight,0.559831385589379,0.58,0.004720866941424135,0.014162600824272405,0.030931120200210938
77,0.03,1.0,spare,0.5661582231910262,0.7610606516547325,0.0,0.01888346776569654,0.017674925828691963
77,0.03,1.0,tight,0.5636350551926305,0.58,0.0,0.01888346776569654,0.04124149360028125
78,0.0,0.0,spare,0.6446684119646147,0.47999164575198455,0.0,0.0,0.0
78,0.0,0.0,tight,0.58,0.47999164575198455,0.0,0.0,0.0
78,0.0,0.25,spare,0.6446684119646147,0.47999164575198455,0.0,0.0,0.0
78,0.0,0.25,tight,0.58,0.47999164575198455,0.0,0.0,0.0
78,0.0,0.5,spare,0.6446684119646147,0.47999164575198455,0.0,0.0,0.0
78,0.0,0.5,tight,0.58,0.47999164575198455,0.0,0.0,0.0
78,0.0,0.75,spare,0.6446684119646147,0.47999164575198455,0.0,0.0,0.0
78,0.0,0.75,tight,0.58,0.47999164575198455,0.0,0.0,0.0
78,0.0,1.0,spare,0.6446684119646147,0.47999164575198455,0.0,0.0,0.0
78,0.0,1.0,tight,0.58,0.47999164575198455,0.0,0.0,0.0
78,0.0025,0.0,spare,0.6632639717501776,0.5030385039936001,0.0016791778643924227,0.0,0.0
78,0.0025,0.0,tight,0.58,0.5030385039936001,0.0016791778643924227,0.0,0.0
78,0.0025,0.25,spare,0.664014497360327,0.5120271465001999,0.001259383398294317,0.00041979446609810567,0.00039292762026782706
78,0.0025,0.25,tight,0.58,0.510496576763388,0.001259383398294317,0.00041979446609810567,0.0009168311139582629
78,0.0025,0.5,spare,0.6647519061510956,0.5208518287645395,0.0008395889321962113,0.0008395889321962113,0.0007858552405356541
78,0.0025,0.5,tight,0.58,0.5178082826403089,0.0008395889321962113,0.0008395889321962113,0.0018336622279165257
78,0.0025,0.75,spare,0.665476427363096,0.5295154162942766,0.00041979446609810567,0.001259383398294317,0.001178782860803481
78,0.0025,0.75,tight,0.58,0.5249761796557886,0.00041979446609810567,0.001259383398294317,0.0027504933418747886
78,0.0025,1.0,spare,0.6661882862305383,0.5380207245170376,0.0,0.0016791778643924227,0.0015717104810713083
78,0.0025,1.0,tight,0.58,0.5320027811349366,0.0,0.0016791778643924227,0.0036673244558330514
78,0.005,0.0,spare,0.6369066068039312,0.48104420966830397,0.0032235796319188188,0.0,0.0
78,0.005,0.0,tight,0.58,0.48104420966830397,0.0032235796319188188,0.0,0.0
78,0.005,0.25,spare,0.6383358331638485,0.49815522153340086,0.002417684723939114,0.0008058949079797047,0.0007543176338690037
78,0.005,0.25,tight,0.58,0.4952324695706184,0.002417684723939114,0.0008058949079797047,0.0017600744790276753
78,0.005,0.5,spare,0.639717493205121,0.5146716544154377,0.0016117898159594094,0.0016117898159594094,0.0015086352677380075
78,0.005,0.5,tight,0.58,0.5088899503211401,0.0016117898159594094,0.0016117898159594094,0.0035201489580553506
78,0.005,0.75,spare,0.6410531699902591,0.5306132965957958,0.0008058949079797047,0.002417684723939114,0.0022629529016070116
78,0.005,0.75,tight,0.58,0.5220343168685239,0.0008058949079797047,0.002417684723939114,0.005280223437083026
78,0.005,1.0,spare,0.6423443938956085,0.5459992777787944,0.0,0.0032235796319188188,0.003017270535476015
78,0.005,1.0,tight,0.58,0.5346826462513496,0.0,0.0032235796319188188,0.007040297916110701
78,0.01,0.0,spare,0.6200730310506501,0.47536408805222286,0.0065204950995482285,0.0,0.0
78,0.01,0.0,tight,0.58,0.47536408805222286,0.0065204950995482285,0.0,0.0
78,0.01,0.25,spare,0.6229148091085869,0.5093605179231377,0.004890371324661171,0.0016301237748870571,0.0015257958532942859
78,0.01,0.25,tight,0.58,0.503514498635174,0.004890371324661171,0.0016301237748870571,0.0035601903243533332
78,0.01,0.5,spare,0.6255685352260762,0.5410062985384607,0.0032602475497741142,0.0032602475497741142,0.0030515917065885717
78,0.01,0.5,tight,0.58,0.5295664905831035,0.0032602475497741142,0.0032602475497741142,0.0071203806487066664
78,0.01,0.75,spare,0.6280466535601161,0.5704569818606651,0.0016301237748870571,0.004890371324661171,0.0045773875598828576
78,0.01,0.75,tight,0.58,0.5536589247388153,0.0016301237748870571,0.004890371324661171,0.010680570973060001
78,0.01,1.0,spare,0.6303607847875371,0.5978578263501323,0.0,0.0065204950995482285,0.006103183413177143
78,0.01,1.0,tight,0.58,0.5759214729618749,0.0,0.0065204950995482285,0.014240761297413333
78,0.02,0.0,spare,0.5476791676044476,0.49621525837742625,0.012724665035960099,0.0,0.0
78,0.02,0.0,tight,0.5476791676044476,0.49621525837742625,0.012724665035960099,0.0,0.0
78,0.02,0.25,spare,0.5530500830226911,0.5603741294870547,0.009543498776970074,0.0031811662589900248,0.002977571618414664
78,0.02,0.25,tight,0.5524737701909271,0.5492001235987872,0.009543498776970074,0.0031811662589900248,0.006947667109634215
78,0.02,0.5,spare,0.5577492693884493,0.6161363874406178,0.0063623325179800495,0.0063623325179800495,0.005955143236829328
78,0.02,0.5,tight,0.5566687219541003,0.58,0.0063623325179800495,0.0063623325179800495,0.01389533421926843
78,0.02,0.75,spare,0.5618607384361874,0.6645521789189311,0.0031811662589900248,0.009543498776970074,0.008932714855243992
78,0.02,0.75,tight,0.5603390199564778,0.58,0.0031811662589900248,0.009543498776970074,0.020843001328902645
78,0.02,1.0,spare,0.5654579947301038,0.7065403109744707,0.0,0.012724665035960099,0.011910286473658657
78,0.02,1.0,tight,0.5635502815362928,0.58,0.0,0.012724665035960099,0.02779066843853686
78,0.03,0.0,spare,0.5022379077224663,0.46889406853259785,0.018533287922445314,0.0,0.0
78,0.03,0.0,tight,0.5022379077224663,0.46889406853259785,0.018533287922445314,0.0,0.0
78,0.03,0.25,spare,0.5098319421596786,0.5594827096238997,0.013899965941833986,0.004633321980611328,0.004336789373852204
78,0.03,0.25,tight,0.5090170830248362,0.543514584606566,0.013899965941833986,0.004633321980611328,0.010119175205655142
78,0.03,0.5,spare,0.5160830798235684,0.6332851410486688,0.009266643961222657,0.009266643961222657,0.008673578747704408
78,0.03,0.5,tight,0.5145974577799329,0.58,0.009266643961222657,0.009266643961222657,0.020238350411310283
78,0.03,0.75,spare,0.5212287928718812,0.6932697647787268,0.004633321980611328,0.013899965941833986,0.013010368121556615
78,0.03,0.75,tight,0.519191022781333,0.58,0.004633321980611328,0.013899965941833986,0.03035752561696543
78,0.03,1.0,spare,0.5254645598953035,0.741880063197653,0.0,0.018533287922445314,0.017347157495408817
78,0.03,1.0,tight,0.5229722812716905,0.58,0.0,0.018533287922445314,0.040476700822620566
79,0.0,0.0,spare,0.6463368596543934,0.49218889033095425,0.0,0.0,0.0
79,0.0,0.0,tight,0.58,0.49218889033095425,0.0,0.0,0.0
79,0.0,0.25,spare,0.6463368596543934,0.49218889033095425,0.0,0.0,0.0
79,0.0,0.25,tight,0.58,0.49218889033095425,0.0,0.0,0.0
79,0.0,0.5,spare,0.6463368596543934,0.49218889033095425,0.0,0.0,0.0
79,0.0,0.5,tight,0.58,0.49218889033095425,0.0,0.0,0.0
79,0.0,0.75,spare,0.6463368596543934,0.49218889033095425,0.0,0.0,0.0
79,0.0,0.75,tight,0.58,0.49218889033095425,0.0,0.0,0.0
79,0.0,1.0,spare,0.6463368596543934,0.49218889033095425,0.0,0.0,0.0
79,0.0,1.0,tight,0.58,0.49218889033095425,0.0,0.0,0.0
79,0.0025,0.0,spare,0.6253200498930713,0.48716868150344494,0.001605576785920311,0.0,0.0
79,0.0025,0.0,tight,0.58,0.48716868150344494,0.001605576785920311,0.0,0.0
79,0.0025,0.25,spare,0.6260379553054095,0.49576679418976727,0.0012041825894402334,0.00040139419648007777,0.00037570496790535285
79,0.0025,0.25,tight,0.58,0.49430294086280696,0.0012041825894402334,0.00040139419648007777,0.0008766449251124899
79,0.0025,0.5,spare,0.626743859316363,0.5042148893587808,0.0008027883929601555,0.0008027883929601555,0.0007514099358107057
79,0.0025,0.5,tight,0.58,0.5013032799645416,0.0008027883929601555,0.0008027883929601555,0.0017532898502249797
79,0.0025,0.75,spare,0.6274379625563112,0.5125154748902271,0.00040139419648007777,0.0012041825894402334,0.0011271149037160588
79,0.0025,0.75,tight,0.58,0.5081719375865403,0.00040139419648007777,0.0012041825894402334,0.0026299347753374704
79,0.0025,1.0,spare,0.6281204623016459,0.5206710167390054,0.0,0.001605576785920311,0.0015028198716214114
79,0.0025,1.0,tight,0.58,0.514911115080494,0.0,0.001605576785920311,0.0035065797004499594
79,0.005,0.0,spare,0.6332249679795218,0.47494497138342223,0.00318890268478742,0.0,0.0
79,0.005,0.0,tight,0.58,0.47494497138342223,0.00318890268478742,0.0,0.0
79,0.005,0.25,spare,0.6346390757282906,0.4918751150147925,0.002391677013590565,0.000797225671196855,0.0007462032282402565
79,0.005,0.25,tight,0.58,0.4889834605755115,0.002391677013590565,0.000797225671196855,0.0017411408658939314
79,0.005,0.5,spare,0.6360066181658373,0.5082231922558849,0.00159445134239371,0.00159445134239371,0.001492406456480513
79,0.005,0.5,tight,0.58,0.5025023405756834,0.00159445134239371,0.00159445134239371,0.0034822817317878628
79,0.005,0.75,spare,0.6373291286464701,0.524008370035555,0.000797225671196855,0.002391677013590565,0.002238609684720769
79,0.005,0.75,tight,0.58,0.5155187216527677,0.000797225671196855,0.002391677013590565,0.005223422597681794
79,0.005,1.0,spare,0.6386080900325032,0.5392491841327284,0.0,0.00318890268478742,0.002984812912961026
79,0.005,1.0,tight,0.58,0.5280491506496499,0.0,0.00318890268478742,0.0069645634635757256
79,0.01,0.0,spare,0.6041761972170121,0.4843106323075409,0.006392893006772802,0.0,0.0
79,0.01,0.0,tight,0.58,0.4843106323075409,0.006392893006772802,0.0,0.0
79,0.01,0.25,spare,0.6069642094264893,0.5176648479624216,0.004794669755079602,0.0015982232516932005,0.0014959369635848363
79,0.01,0.25,tight,0.58,0.5119307556743687,0.004794669755079602,0.0015982232516932005,0.0034905195816979503
79,0.01,0.5,spare,0.6095712181877504,0.5487565205146004,0.003196446503386401,0.003196446503386401,0.0029918739271696726
79,0.01,0.5,tight,0.58,0.5375311125456403,0.003196446503386401,0.003196446503386401,0.006981039163395901
79,0.01,0.75,spare,0.612008974614422,0.5777325388844111,0.0015982232516932005,0.004794669755079602,0.004487810890754509
79,0.01,0.75,tight,0.58,0.5612428302883893,0.0015982232516932005,0.004794669755079602,0.010471558745093852
79,0.01,1.0,spare,0.6142884669138281,0.6047302556634022,0.0,0.006392893006772802,0.005983747854339345
79,0.01,1.0,tight,0.58,0.58,0.0,0.006392893006772802,0.013962078326791801
79,0.02,0.0,spare,0.5745592517709605,0.4959416141433161,0.012511966437078876,0.0,0.0
79,0.02,0.0,tight,0.5745592517709605,0.4959416141433161,0.012511966437078876,0.0,0.0
79,0.02,0.25,spare,0.5798461601204609,0.5591001683657946,0.009383974827809158,0.003127991609269719,0.002927800146276458
79,0.02,0.25,tight,0.5792788614600078,0.5481052015817623,0.009383974827809158,0.003127991609269719,0.006831533674645067
79,0.02,0.5,spare,0.5844821882562873,0.6141227199173478,0.006255983218539438,0.006255983218539438,0.005855600292552916
79,0.02,0.5,tight,0.58,0.58,0.006255983218539438,0.006255983218539438,0.013663067349290134
79,0.02,0.75,spare,0.5885474671405343,0.6620109058241604,0.003127991609269719,0.009383974827809158,0.008783400438829374
79,0.02,0.75,tight,0.58,0.58,0.003127991609269719,0.009383974827809158,0.020494601023935202
79,0.02,1.0,spare,0.5921122626772551,0.7036430498868931,0.0,0.012511966437078876,0.011711200585105832
79,0.02,1.0,tight,0.58,0.58,0.0,0.012511966437078876,0.02732613469858027
79,0.03,0.0,spare,0.535886799610332,0.49708843304269673,0.01852156534756538,0.0,0.0
79,0.03,0.0,tight,0.535886799610332,0.49708843304269673,0.01852156534756538,0.0,0.0
79,0.03,0.25,spare,0.5434764826572577,0.5876254248379373,0.013891174010674034,0.004630391336891345,0.0043340462913303
79,0.03,0.25,tight,0.5426620904376174,0.5716667937039931,0.013891174010674034,0.004630391336891345,0.0101127746797707
79,0.03,0.5,spare,0.5497248074526746,0.6613954384893188,0.00926078267378269,0.00926078267378269,0.0086680925826606
79,0.03,0.5,tight,0.548239954152155,0.58,0.00926078267378269,0.00926078267378269,0.0202255493595414
79,0.03,0.75,spare,0.5548688381727501,0.7213617761989325,0.004630391336891345,0.013891174010674034,0.0130021388739909
79,0.03,0.75,tight,0.5528320173433998,0.58,0.004630391336891345,0.013891174010674034,0.030338324039312095
79,0.03,1.0,spare,0.5591037415933421,0.7699640226650019,0.0,0.01852156534756538,0.0173361851653212
79,0.03,1.0,tight,0.5566125048976988,0.58,0.0,0.01852156534756538,0.0404510987190828
80,0.0,0.0,spare,0.6739569303704803,0.48441316926241396,0.0,0.0,0.0
80,0.0,0.0,tight,0.58,0.48441316926241396,0.0,0.0,0.0
80,0.0,0.25,spare,0.6739569303704803,0.48441316926241396,0.0,0.0,0.0
80,0.0,0.25,tight,0.58,0.48441316926241396,0.0,0.0,0.0
80,0.0,0.5,spare,0.6739569303704803,0.48441316926241396,0.0,0.0,0.0
80,0.0,0.5,tight,0.58,0.48441316926241396,0.0,0.0,0.0
80,0.0,0.75,spare,0.6739569303704803,0.48441316926241396,0.0,0.0,0.0
80,0.0,0.75,tight,0.58,0.48441316926241396,0.0,0.0,0.0
80,0.0,1.0,spare,0.6739569303704803,0.48441316926241396,0.0,0.0,0.0
80,0.0,1.0,tight,0.58,0.48441316926241396,0.0,0.0,0.0
80,0.0025,0.0,spare,0.7120156167702801,0.49446665259547645,0.0016993412304369179,0.0,0.0
80,0.0025,0.0,tight,0.58,0.49446665259547645,0.0016993412304369179,0.0,0.0
80,0.0025,0.25,spare,0.7127750744407916,0.5035622276289474,0.0012745059228276884,0.00042483530760922946,0.0003976458479222389
80,0.0025,0.25,tight,0.58,0.5020133865130983,0.0012745059228276884,0.00042483530760922946,0.0009278403118185573
80,0.0025,0.5,spare,0.7135211012256544,0.5124899165918093,0.0008496706152184589,0.0008496706152184589,0.0007952916958444778
80,0.0025,0.5,tight,0.58,0.5094102489608322,0.0008496706152184589,0.0008496706152184589,0.0018556806236371146
80,0.0025,0.75,spare,0.7142539346479013,0.5212526885219744,0.00042483530760922946,0.0012745059228276884,0.0011929375437667168
80,0.0025,0.75,tight,0.58,0.5166598903913002,0.00042483530760922946,0.0012745059228276884,0.002783520935455672
80,0.0025,1.0,spare,0.7149738080300092,0.5298534599504009,0.0,0.0016993412304369179,0.0015905833916889556
80,0.0025,1.0,tight,0.58,0.5237649143842997,0.0,0.0016993412304369179,0.003711361247274229
80,0.005,0.0,spare,0.603025527119586,0.48730629015307997,0.00314649868741325,0.0,0.0
80,0.005,0.0,tight,0.58,0.48730629015307997,0.00314649868741325,0.0,0.0
80,0.005,0.25,spare,0.6044211399001517,0.5040151692172956,0.0023598740155599375,0.0007866246718533125,0.0007362806928547007
80,0.005,0.25,tight,0.58,0.5011615517870178,0.0023598740155599375,0.0007866246718533125,0.0017179882833276347
80,0.005,0.5,spare,0.6057713974498753,0.5201571078959865,0.001573249343706625,0.001573249343706625,0.0014725613857094013
80,0.005,0.5,tight,0.58,0.5145107071751592,0.001573249343706625,0.001573249343706625,0.0034359765666552695
80,0.005,0.75,spare,0.6070777737427656,0.5357505308642609,0.0007866246718533125,0.0023598740155599375,0.002208842078564102
80,0.005,0.75,tight,0.58,0.5273702039782943,0.0007866246718533125,0.0023598740155599375,0.005153964849982905
80,0.005,1.0,spare,0.6083416948509832,0.5508132640241263,0.0,0.00314649868741325,0.0029451227714188026
80,0.005,1.0,tight,0.58,0.5397559553339819,0.0,0.00314649868741325,0.006871953133310539
80,0.01,0.0,spare,0.6063203102051968,0.4784362303898388,0.006416399840682746,0.0,0.0
80,0.01,0.0,tight,0.58,0.4784362303898388,0.006416399840682746,0.0,0.0
80,0.01,0.25,spare,0.6091182325630262,0.5119088222999862,0.00481229988051206,0.0016040999601706866,0.0015014375627197631
80,0.01,0.25,tight,0.58,0.5061541035794304,0.00481229988051206,0.0016040999601706866,0.00350335431301278
80,0.01,0.5,spare,0.6117338624115308,0.5431027578435745,0.003208199920341373,0.003208199920341373,0.0030028751254395263
80,0.01,0.5,tight,0.58,0.5318378260036433,0.003208199920341373,0.003208199920341373,0.00700670862602556
80,0.01,0.75,spare,0.6141790766202968,0.5721664978904295,0.0016040999601706866,0.00481229988051206,0.004504312688159289
80,0.01,0.75,tight,0.58,0.5556199283048411,0.0016040999601706866,0.00481229988051206,0.010510062939038339
80,0.01,1.0,spare,0.6164649782474592,0.5992388306672387,0.0,0.006416399840682746,0.006005750250879053
80,0.01,1.0,tight,0.58,0.5776243063813631,0.0,0.006416399840682746,0.01401341725205112
80,0.02,0.0,spare,0.5507943461225833,0.4911822314230527,0.012378457327620319,0.0,0.0
80,0.02,0.0,tight,0.5507943461225833,0.4911822314230527,0.012378457327620319,0.0,0.0
80,0.02,0.25,spare,0.5560284280233749,0.5537116961682862,0.00928384299571524,0.0030946143319050797,0.0028965590146631556
80,0.02,0.25,tight,0.5554667977747059,0.5428292393737042,0.00928384299571524,0.0030946143319050797,0.006758637700880695
80,0.02,0.5,spare,0.5606245718339982,0.6082669347864135,0.006189228663810159,0.006189228663810159,0.005793118029326311
80,0.02,0.5,tight,0.5595697637099715,0.58,0.006189228663810159,0.006189228663810159,0.01351727540176139
80,0.02,0.75,spare,0.564660530446861,0.6558198584325369,0.0030946143319050797,0.00928384299571524,0.008689677043989468
80,0.02,0.75,tight,0.5631726537384438,0.58,0.0030946143319050797,0.00928384299571524,0.02027591310264209
80,0.02,1.0,spare,0.56820458011021,0.697223920209735,0.0,0.012378457327620319,0.011586236058652622
80,0.02,1.0,tight,0.5663364178939521,0.58,0.0,0.012378457327620319,0.02703455080352278
80,0.03,0.0,spare,0.5000124501576027,0.48573489577551365,0.01858053492213472,0.0,0.0
80,0.03,0.0,tight,0.5000124501576027,0.48573489577551365,0.01858053492213472,0.0,0.0
80,0.03,0.25,spare,0.5076240171335918,0.5765316378035985,0.013935401191601039,0.00464513373053368,0.004347845171779526
80,0.03,0.25,tight,0.5068072767129194,0.5605252556494867,0.013935401191601039,0.00464513373053368,0.010144972067485557
80,0.03,0.5,spare,0.5138864794190545,0.6504645712001025,0.00929026746106736,0.00929026746106736,0.008695690343559052
80,0.03,0.5,tight,0.512397760929003,0.58,0.00929026746106736,0.00929026746106736,0.020289944134971115
80,0.03,0.75,spare,0.519038957745864,0.710522705113441,0.00464513373053368,0.013935401191601039,0.013043535515338576
80,0.03,0.75,tight,0.5169973652773768,0.58,0.00464513373053368,0.013935401191601039,0.030434916202456672
80,0.03,1.0,spare,0.5232781901273296,0.7591652647099822,0.0,0.01858053492213472,0.017391380687118103
80,0.03,1.0,tight,0.5207817172840802,0.58,0.0,0.01858053492213472,0.04057988826994223
81,0.0,0.0,spare,0.6312878009875487,0.46173221256252145,0.0,0.0,0.0
81,0.0,0.0,tight,0.58,0.46173221256252145,0.0,0.0,0.0
81,0.0,0.25,spare,0.6312878009875487,0.46173221256252145,0.0,0.0,0.0
81,0.0,0.25,tight,0.58,0.46173221256252145,0.0,0.0,0.0
81,0.0,0.5,spare,0.6312878009875487,0.46173221256252145,0.0,0.0,0.0
81,0.0,0.5,tight,0.58,0.46173221256252145,0.0,0.0,0.0
81,0.0,0.75,spare,0.6312878009875487,0.46173221256252145,0.0,0.0,0.0
81,0.0,0.75,tight,0.58,0.46173221256252145,0.0,0.0,0.0
81,0.0,1.0,spare,0.6312878009875487,0.46173221256252145,0.0,0.0,0.0
81,0.0,1.0,tight,0.58,0.46173221256252145,0.0,0.0,0.0
81,0.0025,0.0,spare,0.6494972792195691,0.46614884262637907,0.0015998718090056555,0.0,0.0
81,0.0025,0.0,tight,0.58,0.46614884262637907,0.0015998718090056555,0.0,0.0
81,0.0025,0.25,spare,0.6502126551177507,0.47471667135034135,0.0011999038567542418,0.0003999679522514139,0.00037437000330732355
81,0.0025,0.25,tight,0.58,0.4732579907671486,0.0011999038567542418,0.0003999679522514139,0.000873530007717088
81,0.0025,0.5,spare,0.6509161140385734,0.48313553785731783,0.0007999359045028278,0.0007999359045028278,0.0007487400066146471
81,0.0025,0.5,tight,0.58,0.4802341607142154,0.0007999359045028278,0.0007999359045028278,0.001747060015434176
81,0.0025,0.75,spare,0.6516078544991382,0.49140792361106994,0.0003999679522514139,0.0011999038567542418,0.0011231100099219707
81,0.0025,0.75,tight,0.58,0.48707956766399246,0.0003999679522514139,0.0011999038567542418,0.0026205900231512647
81,0.0025,1.0,spare,0.6522880717095798,0.49953626873828366,0.0,0.0015998718090056555,0.0014974800132292942
81,0.0025,1.0,tight,0.58,0.49379638991139024,0.0,0.0015998718090056555,0.003494120030868352
81,0.005,0.0,spare,0.6070210345982011,0.46304139939650385,0.0032590653935057733,0.0,0.0
81,0.005,0.0,tight,0.58,0.46304139939650385,0.0032590653935057733,0.0,0.0
81,0.005,0.25,spare,0.6084657265019819,0.48033742689168385,0.00244429904512933,0.0008147663483764433,0.0007626213020803513
81,0.005,0.25,tight,0.58,0.4773828597207987,0.00244429904512933,0.0008147663483764433,0.0017794497048541523
81,0.005,0.5,spare,0.6098618170948265,0.49702593800015976,0.0016295326967528867,0.0016295326967528867,0.0015252426041607026
81,0.005,0.5,tight,0.58,0.4911819917058449,0.0016295326967528867,0.0016295326967528867,0.0035588994097083045
81,0.005,0.75,spare,0.6112109413879218,0.5131273703617715,0.0008147663483764433,0.00244429904512933,0.0022878639062410533
81,0.005,0.75,tight,0.58,0.5044570399809484,0.0008147663483764433,0.00244429904512933,0.005338349114562458
81,0.005,1.0,spare,0.6125146793885565,0.5286614740676253,0.0,0.0032590653935057733,0.003050485208321405
81,0.005,1.0,tight,0.58,0.5172256354024021,0.0,0.0032590653935057733,0.007117798819416609
81,0.01,0.0,spare,0.6144636663696851,0.5042762288016747,0.006492334569784255,0.0,0.0
81,0.01,0.0,tight,0.58,0.5042762288016747,0.006492334569784255,0.0,0.0
81,0.01,0.25,spare,0.617293585026328,0.538131005720382,0.004869250927338191,0.0016230836424460638,0.0015192062893295162
81,0.01,0.25,tight,0.58,0.5323096793152671,0.004869250927338191,0.0016230836424460638,0.0035448146751022036
81,0.01,0.5,spare,0.6199370180364728,0.5696547120578628,0.0032461672848921276,0.0032461672848921276,0.0030384125786590325
81,0.01,0.5,tight,0.58,0.5582621890268404,0.0032461672848921276,0.0032461672848921276,0.007089629350204407
81,0.01,0.75,spare,0.6224062544092994,0.5990009604288654,0.0016230836424460638,0.004869250927338191,0.004557618867988548
81,0.01,0.75,tight,0.58,0.58,0.0016230836424460638,0.004869250927338191,0.010634444025306609
81,0.01,1.0,spare,0.6247127733343074,0.6263132407021351,0.0,0.006492334569784255,0.006076825157318065
81,0.01,1.0,tight,0.58,0.58,0.0,0.006492334569784255,0.014179258700408814
81,0.02,0.0,spare,0.5905632780752654,0.491361788125617,0.013140008558310734,0.0,0.0
81,0.02,0.0,tight,0.58,0.491361788125617,0.013140008558310734,0.0,0.0
81,0.02,0.25,spare,0.596097696947943,0.5574672620314433,0.009855006418733051,0.0032850021395776836,0.0030747620026447126
81,0.02,0.25,tight,0.58,0.545944364777927,0.009855006418733051,0.0032850021395776836,0.007174444672837662
81,0.02,0.5,spare,0.6009188661871854,0.6146571155193266,0.006570004279155367,0.006570004279155367,0.006149524005289425
81,0.02,0.5,tight,0.58,0.58,0.006570004279155367,0.006570004279155367,0.014348889345675324
81,0.02,0.75,spare,0.6051187060200836,0.6640803514279103,0.0032850021395776836,0.009855006418733051,0.00922428600793414
81,0.02,0.75,tight,0.58,0.58,0.0032850021395776836,0.009855006418733051,0.021523334018512988
81,0.02,1.0,spare,0.6087772904311903,0.7067378945641,0.0,0.013140008558310734,0.01229904801057885
81,0.02,1.0,tight,0.58,0.58,0.0,0.013140008558310734,0.028697778691350647
81,0.03,0.0,spare,0.5474123484283907,0.49440947832663246,0.018997820422553855,0.0,0.0
81,0.03,0.0,tight,0.5474123484283907,0.49440947832663246,0.018997820422553855,0.0,0.0
81,0.03,0.25,spare,0.5551783857275245,0.5870394545869277,0.014248365316915392,0.004749455105638464,0.0044454899788776035
81,0.03,0.25,tight,0.5543450702498232,0.5706956911438235,0.014248365316915392,0.004749455105638464,0.010372809950714405
81,0.03,0.5,spare,0.5615400048231483,0.6621142033033468,0.009498910211276928,0.009498910211276928,0.008890979957755207
81,0.03,0.5,tight,0.5600240714991206,0.58,0.009498910211276928,0.009498910211276928,0.02074561990142881
81,0.03,0.75,spare,0.5667511821532286,0.7228084299504732,0.004749455105638464,0.014248365316915392,0.01333646993663281
81,0.03,0.75,tight,0.5646760762989986,0.58,0.004749455105638464,0.014248365316915392,0.03111842985214322
81,0.03,1.0,spare,0.5710199647944629,0.7717227229870243,0.0,0.018997820422553855,0.017781959915510414
81,0.03,1.0,tight,0.5684868077477309,0.58,0.0,0.018997820422553855,0.04149123980285762
82,0.0,0.0,spare,0.6574507816119972,0.5029243933652068,0.0,0.0,0.0
82,0.0,0.0,tight,0.58,0.5029243933652068,0.0,0.0,0.0
82,0.0,0.25,spare,0.6574507816119972,0.5029243933652068,0.0,0.0,0.0
82,0.0,0.25,tight,0.58,0.5029243933652068,0.0,0.0,0.0
82,0.0,0.5,spare,0.6574507816119972,0.5029243933652068,0.0,0.0,0.0
82,0.0,0.5,tight,0.58,0.5029243933652068,0.0,0.0,0.0
82,0.0,0.75,spare,0.6574507816119972,0.5029243933652068,0.0,0.0,0.0
82,0.0,0.75,tight,0.58,0.5029243933652068,0.0,0.0,0.0
82,0.0,1.0,spare,0.6574507816119972,0.5029243933652068,0.0,0.0,0.0
82,0.0,1.0,tight,0.58,0.5029243933652068,0.0,0.0,0.0
82,0.0025,0.0,spare,0.6189460239344269,0.47345326543329486,0.0016145848989753612,0.0,0.0
82,0.0025,0.0,tight,0.58,0.47345326543329486,0.0016145848989753612,0.0,0.0
82,0.0025,0.25,spare,0.6196679231209423,0.4820991923983777,0.0012109386742315208,0.0004036462247438403,0.00037781286636023463
82,0.0025,0.25,tight,0.58,0.48062717176404957,0.0012109386742315208,0.0004036462247438403,0.0008815633548405473
82,0.0025,0.5,spare,0.620377687004843,0.49059342808077494,0.0008072924494876806,0.0008072924494876806,0.0007556257327204693
82,0.0025,0.5,tight,0.58,0.4876656636710656,0.0008072924494876806,0.0008072924494876806,0.0017631267096810945
82,0.0025,0.75,spare,0.6210755195835459,0.4989385224482023,0.0004036462247438403,0.0012109386742315208,0.0011334385990807037
82,0.0025,0.75,tight,0.58,0.4945710175040621,0.0004036462247438403,0.0012109386742315208,0.002644690064521642
82,0.0025,1.0,spare,0.6217616214252218,0.5071369826027913,0.0,0.0016145848989753612,0.0015112514654409385
82,0.0025,1.0,tight,0.58,0.5013454713467606,0.0,0.0016145848989753612,0.003526253419362189
82,0.005,0.0,spare,0.6221496184413148,0.490798848826603,0.003176656271283698,0.0,0.0
82,0.005,0.0,tight,0.58,0.490798848826603,0.003176656271283698,0.0,0.0
82,0.005,0.25,spare,0.6235583856282773,0.507665101096154,0.0023824922034627735,0.0007941640678209245,0.0007433375674803855
82,0.005,0.25,tight,0.58,0.5047844307355399,0.0023824922034627735,0.0007941640678209245,0.0017344543241208995
82,0.005,0.5,spare,0.624920938559766,0.5239536751722838,0.001588328135641849,0.001588328135641849,0.001486675134960771
82,0.005,0.5,tight,0.58,0.518254320784776,0.001588328135641849,0.001588328135641849,0.003468908648241799
82,0.005,0.75,spare,0.6262387932828817,0.5396835216437479,0.0007941640678209245,0.0023824922034627735,0.0022300127024411564
82,0.005,0.75,tight,0.58,0.5312254361168812,0.0007941640678209245,0.0023824922034627735,0.005203362972362698
82,0.005,1.0,spare,0.6275134161111782,0.5548729694299741,0.0,0.003176656271283698,0.002973350269921542
82,0.005,1.0,tight,0.58,0.543714138911792,0.0,0.003176656271283698,0.006937817296483598
82,0.01,0.0,spare,0.6152617164417238,0.5102018613755727,0.006531387770711611,0.0,0.0
82,0.01,0.0,tight,0.58,0.5102018613755727,0.006531387770711611,0.0,0.0
82,0.01,0.25,spare,0.6181080808507017,0.5442530717494497,0.004898540828033708,0.0016328469426779028,0.0015283447383465174
82,0.01,0.25,tight,0.58,0.5383975023595031,0.004898540828033708,0.0016328469426779028,0.00356613772280854
82,0.01,0.5,spare,0.6207657858346447,0.5759460393103913,0.0032656938853558057,0.0032656938853558057,0.003056689476693035
82,0.01,0.5,tight,0.58,0.5644879459590099,0.0032656938853558057,0.0032656938853558057,0.00713227544561708
82,0.01,0.75,spare,0.6232473358987886,0.6054370703738423,0.0016328469426779028,0.004898540828033708,0.004585034215039552
82,0.01,0.75,tight,0.58,0.58,0.0016328469426779028,0.004898540828033708,0.010698413168425621
82,0.01,1.0,spare,0.6255644067392532,0.6328721111413045,0.0,0.006531387770711611,0.00611337895338607
82,0.01,1.0,tight,0.58,0.58,0.0,0.006531387770711611,0.01426455089123416
82,0.02,0.0,spare,0.5757969689453643,0.5052130671985114,0.012752756242186863,0.0,0.0
82,0.02,0.0,tight,0.5757969689453643,0.5052130671985114,0.012752756242186863,0.0,0.0
82,0.02,0.25,spare,0.5811789651986482,0.5695038754038884,0.009564567181640147,0.0031881890605467158,0.002984144960671727
82,0.02,0.25,tight,0.58,0.5583062425383596,0.009564567181640147,0.0031881890605467158,0.006963004908234029
82,0.02,0.5,spare,0.5858864578269701,0.6253633882972419,0.0063763781210934315,0.0063763781210934315,0.005968289921343454
82,0.02,0.5,tight,0.58,0.58,0.0063763781210934315,0.0063763781210934315,0.013926009816468058
82,0.02,0.75,spare,0.5900039796168052,0.6738482657095067,0.0031881890605467158,0.009564567181640147,0.00895243488201518
82,0.02,0.75,tight,0.58,0.58,0.0031881890605467158,0.009564567181640147,0.020889014724702084
82,0.02,1.0,spare,0.5936054692055012,0.715882740607536,0.0,0.012752756242186863,0.011936579842686907
82,0.02,1.0,tight,0.58,0.58,0.0,0.012752756242186863,0.027852019632936115
82,0.03,0.0,spare,0.5083126359635785,0.5022037640556944,0.018587245198226937,0.0,0.0
82,0.03,0.0,tight,0.5083126359635785,0.5022037640556944,0.018587245198226937,0.0,0.0
82,0.03,0.25,spare,0.5159266923008653,0.5930300528953949,0.013940433898670203,0.004646811299556734,0.004349415376385104
82,0.03,0.25,tight,0.5151096847654187,0.5770182382004658,0.013940433898670203,0.004646811299556734,0.010148635878231909
82,0.03,0.5,spare,0.5221907613545415,0.6669815006899615,0.009293622599113469,0.009293622599113469,0.008698830752770208
82,0.03,0.5,tight,0.5207016033394157,0.58,0.009293622599113469,0.009293622599113469,0.020297271756463817
82,0.03,0.75,spare,0.5273441985463663,0.7270500502113861,0.004646811299556734,0.013940433898670203,0.013048246129155313
82,0.03,0.75,tight,0.5253020636641594,0.58,0.004646811299556734,0.013940433898670203,0.030445907634695728
82,0.03,1.0,spare,0.5315839211072944,0.7756971668466033,0.0,0.018587245198226937,0.017397661505540417
82,0.03,1.0,tight,0.5290868532528271,0.58,0.0,0.018587245198226937,0.040594543512927635
83,0.0,0.0,spare,0.6704841392254165,0.4750004104987415,0.0,0.0,0.0
83,0.0,0.0,tight,0.58,0.4750004104987415,0.0,0.0,0.0
83,0.0,0.25,spare,0.6704841392254165,0.4750004104987415,0.0,0.0,0.0
83,0.0,0.25,tight,0.58,0.4750004104987415,0.0,0.0,0.0
83,0.0,0.5,spare,0.6704841392254165,0.4750004104987415,0.0,0.0,0.0
83,0.0,0.5,tight,0.58,0.4750004104987415,0.0,0.0,0.0
83,0.0,0.75,spare,0.6704841392254165,0.4750004104987415,0.0,0.0,0.0
83,0.0,0.75,tight,0.58,0.4750004104987415,0.0,0.0,0.0
83,0.0,1.0,spare,0.6704841392254165,0.4750004104987415,0.0,0.0,0.0
83,0.0,1.0,tight,0.58,0.4750004104987415,0.0,0.0,0.0
83,0.0025,0.0,spare,0.6601300200478197,0.49504500385778333,0.0016729768239772316,0.0,0.0
83,0.0025,0.0,tight,0.58,0.49504500385778333,0.0016729768239772316,0.0,0.0
83,0.0025,0.25,spare,0.6608777983124096,0.5040007555883455,0.0012547326179829237,0.0004182442059943079,0.00039147657681067234
83,0.0025,0.25,tight,0.58,0.502475805540381,0.0012547326179829237,0.0004182442059943079,0.0009134453458915686
83,0.0025,0.5,spare,0.6616125556117192,0.512793745252905,0.0008364884119886158,0.0008364884119886158,0.0007829531536213447
83,0.0025,0.5,tight,0.58,0.5097613099390211,0.0008364884119886158,0.0008364884119886158,0.0018268906917831371
83,0.0025,0.75,spare,0.6623345186781168,0.5214268070060647,0.0004182442059943079,0.0012547326179829237,0.001174429730432017
83,0.0025,0.75,tight,0.58,0.5169040470963372,0.0004182442059943079,0.0012547326179829237,0.0027403360376747057
83,0.0025,1.0,spare,0.6630439102959095,0.529902725651663,0.0,0.0016729768239772316,0.0015659063072426893
83,0.0025,1.0,tight,0.58,0.5239065029996601,0.0,0.0016729768239772316,0.0036537813835662743
83,0.005,0.0,spare,0.6127060619329269,0.4924984050217427,0.00319535430119411,0.0,0.0
83,0.005,0.0,tight,0.58,0.4924984050217427,0.00319535430119411,0.0,0.0
83,0.005,0.25,spare,0.6141229829032173,0.5094622042438939,0.0023965157258955825,0.0007988385752985275,0.000747712906479422
83,0.005,0.25,tight,0.58,0.5065647635778358,0.0023965157258955825,0.0007988385752985275,0.0017446634484519843
83,0.005,0.5,spare,0.6154931531042257,0.5258416188500195,0.001597677150597055,0.001597677150597055,0.001495425812958844
83,0.005,0.5,tight,0.58,0.5201094434677599,0.001597677150597055,0.001597677150597055,0.0034893268969039687
83,0.005,0.75,spare,0.616818115059829,0.5416559303885813,0.0007988385752985275,0.0023965157258955825,0.002243138719438266
83,0.005,0.75,tight,0.58,0.5331496572809766,0.0007988385752985275,0.0023965157258955825,0.005233990345355953
83,0.005,1.0,spare,0.6180993603989148,0.5569237842206733,0.0,0.00319535430119411,0.002990851625917688
83,0.005,1.0,tight,0.58,0.545702049684096,0.0,0.00319535430119411,0.006978653793807937
83,0.01,0.0,spare,0.6136715952338582,0.48461156882579726,0.006644763879408469,0.0,0.0
83,0.01,0.0,tight,0.58,0.48461156882579726,0.006644763879408469,0.0,0.0
83,0.01,0.25,spare,0.6165656654373992,0.5192325716222786,0.0049835729095563525,0.0016611909698521173,0.0015548747477815825
83,0.01,0.25,tight,0.58,0.5132776419786589,0.0049835729095563525,0.0016611909698521173,0.003628041078157025
83,0.01,0.5,spare,0.6192646992600017,0.5514156196570285,0.0033223819397042347,0.0033223819397042347,0.003109749495563165
83,0.01,0.5,tight,0.58,0.5397673590923593,0.0033223819397042347,0.0033223819397042347,0.00725608215631405
83,0.01,0.75,spare,0.6217818405396566,0.5813250109049328,0.0016611909698521173,0.0049835729095563525,0.004664624243344747
83,0.01,0.75,tight,0.58,0.5642273885528251,0.0016611909698521173,0.0049835729095563525,0.010884123234471075
83,0.01,1.0,spare,0.62412934732845,0.6091139710170695,0.0,0.006644763879408469,0.00621949899112633
83,0.01,1.0,tight,0.58,0.58,0.0,0.006644763879408469,0.0145121643126281
83,0.02,0.0,spare,0.5566968398070193,0.4782996661799133,0.012724589223360061,0.0,0.0
83,0.02,0.0,tight,0.5566968398070193,0.4782996661799133,0.012724589223360061,0.0,0.0
83,0.02,0.25,spare,0.5620677253158619,0.5424581811621794,0.009543441917520046,0.0031811473058400153,0.0029775538782662553
83,0.02,0.25,tight,0.5614914156934527,0.5312842390443743,0.009543441917520046,0.0031811473058400153,0.006947625715954594
83,0.02,0.5,spare,0.5667668892536097,0.5982201765057604,0.0063622946116800305,0.0063622946116800305,0.0059551077565325105
83,0.02,0.5,tight,0.5656863474351976,0.5767732601002328,0.0063622946116800305,0.0063622946116800305,0.013895251431909188
83,0.02,0.75,spare,0.5708783419512093,0.6466357813474887,0.0031811473058400153,0.009543441917520046,0.008932661634798765
83,0.02,0.75,tight,0.5693566308418476,0.58,0.0031811473058400153,0.009543441917520046,0.020842877147863783
83,0.02,1.0,spare,0.5744755868033862,0.688623788121434,0.0,0.012724589223360061,0.011910215513065021
83,0.02,1.0,tight,0.572567882207651,0.58,0.0,0.012724589223360061,0.027790502863818376
83,0.03,0.0,spare,0.4941777919274613,0.5050300100193589,0.01820073346122752,0.0,0.0
83,0.03,0.0,tight,0.4941777919274613,0.5050300100193589,0.01820073346122752,0.0,0.0
83,0.03,0.25,spare,0.5016481748238425,0.5941508245941969,0.01365055009592064,0.00455018336530688,0.004258971629927241
83,0.03,0.25,tight,0.5008465838126064,0.5784523081138422,0.01365055009592064,0.00455018336530688,0.009937600469830228
83,0.03,0.5,spare,0.5078190369345832,0.6670276293485289,0.00910036673061376,0.00910036673061376,0.008517943259854482
83,0.03,0.5,tight,0.5063552967847877,0.58,0.00910036673061376,0.00910036673061376,0.019875200939660456
83,0.03,0.75,spare,0.5129164381947278,0.726486173470408,0.00455018336530688,0.01365055009592064,0.012776914889781724
83,0.03,0.75,tight,0.5109057339752893,0.58,0.00455018336530688,0.01365055009592064,0.029812801409490684
83,0.03,1.0,spare,0.5171271139707586,0.7748606490408667,0.0,0.01820073346122752,0.017035886519708963
83,0.03,1.0,tight,0.51466459357267,0.58,0.0,0.01820073346122752,0.03975040187932091
84,0.0,0.0,spare,0.6411508145487815,0.48133767234242486,0.0,0.0,0.0
84,0.0,0.0,tight,0.58,0.48133767234242486,0.0,0.0,0.0
84,0.0,0.25,spare,0.6411508145487815,0.48133767234242486,0.0,0.0,0.0
84,0.0,0.25,tight,0.58,0.48133767234242486,0.0,0.0,0.0
84,0.0,0.5,spare,0.6411508145487815,0.48133767234242486,0.0,0.0,0.0
84,0.0,0.5,tight,0.58,0.48133767234242486,0.0,0.0,0.0
84,0.0,0.75,spare,0.6411508145487815,0.48133767234242486,0.0,0.0,0.0
84,0.0,0.75,tight,0.58,0.48133767234242486,0.0,0.0,0.0
84,0.0,1.0,spare,0.6411508145487815,0.48133767234242486,0.0,0.0,0.0
84,0.0,1.0,tight,0.58,0.48133767234242486,0.0,0.0,0.0
84,0.0025,0.0,spare,0.64953615370776,0.48329468295590317,0.001651648973457208,0.0,0.0
84,0.0025,0.0,tight,0.58,0.48329468295590317,0.001651648973457208,0.0,0.0
84,0.0025,0.25,spare,0.6502744813897444,0.4921372931209195,0.001238736730092906,0.000412912243364302,0.00038648585978898675
84,0.0025,0.25,tight,0.58,0.4906316732555287,0.001238736730092906,0.000412912243364302,0.0009018003395076357
84,0.0025,0.5,spare,0.6510001151502035,0.500821229266869,0.000825824486728604,0.000825824486728604,0.0007729717195779735
84,0.0025,0.5,tight,0.58,0.49782701566033905,0.000825824486728604,0.000825824486728604,0.0018036006790152713
84,0.0025,0.75,spare,0.6517132732332145,0.5093492194447178,0.000412912243364302,0.001238736730092906,0.0011594575793669605
84,0.0025,0.75,tight,0.58,0.5048831454945201,0.000412912243364302,0.001238736730092906,0.0027054010185229072
84,0.0025,1.0,spare,0.6524141701306275,0.5177239448025923,0.0,0.001651648973457208,0.001545943439155947
84,0.0025,1.0,tight,0.58,0.5118024562122113,0.0,0.001651648973457208,0.0036072013580305427
84,0.005,0.0,spare,0.6416015719837513,0.5001774382337832,0.003271338504069764,0.0,0.0
84,0.005,0.0,tight,0.58,0.5001774382337832,0.003271338504069764,0.0,0.0
84,0.005,0.25,spare,0.6430516114617243,0.5175374384984931,0.0024535038780523232,0.000817834626017441,0.0007654932099523251
84,0.005,0.25,tight,0.58,0.5145718695138736,0.0024535038780523232,0.000817834626017441,0.0017861508232220914
84,0.005,0.5,spare,0.6444526891641831,0.534285416569276,0.001635669252034882,0.001635669252034882,0.0015309864199046501
84,0.005,0.5,tight,0.58,0.5284199501320233,0.001635669252034882,0.001635669252034882,0.003572301646444183
84,0.005,0.75,spare,0.6458064583257451,0.5504420378788486,0.000817834626017441,0.0024535038780523232,0.0022964796298569753
84,0.005,0.75,tight,0.58,0.5417401280676617,0.000817834626017441,0.0024535038780523232,0.005358452469666275
84,0.005,1.0,spare,0.6471145163582012,0.5660272700745965,0.0,0.003271338504069764,0.0030619728398093003
84,0.005,1.0,tight,0.58,0.5545502283890215,0.0,0.003271338504069764,0.007144603292888366
84,0.01,0.0,spare,0.6231890742778067,0.4984834833676376,0.0064890490414157,0.0,0.0
84,0.01,0.0,tight,0.58,0.4984834833676376,0.0064890490414157,0.0,0.0
84,0.01,0.25,spare,0.6260176090530807,0.5323217305828719,0.004866786781061775,0.001622262260353925,0.0015184374756912744
84,0.01,0.25,tight,0.58,0.5265032854373204,0.004866786781061775,0.001622262260353925,0.0035430207766129723
84,0.01,0.5,spare,0.6286598405269638,0.563831186530719,0.00324452452070785,0.00324452452070785,0.003036874951382549
84,0.01,0.5,tight,0.58,0.5524441814426738,0.00324452452070785,0.00324452452070785,0.007086041553225945
84,0.01,0.75,spare,0.6311280396888078,0.5931652385780787,0.001622262260353925,0.004866786781061775,0.004555312427073822
84,0.01,0.75,tight,0.58,0.5764430998975176,0.001622262260353925,0.004866786781061775,0.010629062329838918
84,0.01,1.0,spare,0.6334336692911889,0.6204671711321512,0.0,0.0064890490414157,0.006073749902765098
84,0.01,1.0,tight,0.58,0.58,0.0,0.0064890490414157,0.01417208310645189
84,0.02,0.0,spare,0.5684395268596596,0.48544938869492116,0.012596626778737675,0.0,0.0
84,0.02,0.0,tight,0.5684395268596596,0.48544938869492116,0.012596626778737675,0.0,0.0
84,0.02,0.25,spare,0.5737598949887683,0.549006379642555,0.009447470084053257,0.0031491566946844187,0.002947610666224617
84,0.02,0.25,tight,0.5731890060091918,0.5379401198428828,0.009447470084053257,0.0031491566946844187,0.006877758221190771
84,0.02,0.5,spare,0.5784211182541188,0.6043240597932105,0.006298313389368837,0.006298313389368837,0.005895221332449234
84,0.02,0.5,tight,0.5773500682088117,0.58,0.006298313389368837,0.006298313389368837,0.013755516442381542
84,0.02,0.75,spare,0.5825048586649695,0.6524232042626211,0.0031491566946844187,0.009447470084053257,0.00884283199867385
84,0.02,0.75,tight,0.58,0.58,0.0031491566946844187,0.009447470084053257,0.020633274663572315
84,0.02,1.0,spare,0.5860826610558538,0.6941981234824498,0.0,0.012596626778737675,0.011790442664898468
84,0.02,1.0,tight,0.58,0.58,0.0,0.012596626778737675,0.027511032884763083
84,0.03,0.0,spare,0.5207019141571498,0.48286293148311205,0.019299903198474435,0.0,0.0
84,0.03,0.0,tight,0.5207019141571498,0.48286293148311205,0.019299903198474435,0.0,0.0
84,0.03,0.25,spare,0.5285793545793702,0.5768147594124244,0.014474927398855825,0.004824975799618609,0.004516177348443019
84,0.03,0.25,tight,0.5277340852643183,0.5602273231763508,0.014474927398855825,0.004824975799618609,0.010537747146367044
84,0.03,0.5,spare,0.5350117952902077,0.6527040909494491,0.009649951599237218,0.009649951599237218,0.009032354696886038
84,0.03,0.5,tight,0.5334763087900882,0.58,0.009649951599237218,0.009649951599237218,0.021075494292734087
84,0.03,0.75,spare,0.5402643000735794,0.7138442233931526,0.004824975799618609,0.014474927398855825,0.013548532045329057
84,0.03,0.75,tight,0.538165206502815,0.58,0.004824975799618609,0.014474927398855825,0.031613241439101124
84,0.03,1.0,spare,0.5445533106901655,0.7629406787520366,0.0,0.019299903198474435,0.018064709393772076
84,0.03,1.0,tight,0.5419939954138956,0.58,0.0,0.019299903198474435,0.042150988585468174
85,0.0,0.0,spare,0.6633646871430151,0.485179601112801,0.0,0.0,0.0
85,0.0,0.0,tight,0.58,0.485179601112801,0.0,0.0,0.0
85,0.0,0.25,spare,0.6633646871430151,0.485179601112801,0.0,0.0,0.0
85,0.0,0.25,tight,0.58,0.485179601112801,0.0,0.0,0.0
85,0.0,0.5,spare,0.6633646871430151,0.485179601112801,0.0,0.0,0.0
85,0.0,0.5,tight,0.58,0.485179601112801,0.0,0.0,0.0
85,0.0,0.75,spare,0.6633646871430151,0.485179601112801,0.0,0.0,0.0
85,0.0,0.75,tight,0.58,0.485179601112801,0.0,0.0,0.0
85,0.0,1.0,spare,0.6633646871430151,0.485179601112801,0.0,0.0,0.0
85,0.0,1.0,tight,0.58,0.485179601112801,0.0,0.0,0.0
85,0.0025,0.0,spare,0.6221557926815949,0.4754892433610528,0.0015745146442723448,0.0,0.0
85,0.0025,0.0,tight,0.58,0.4754892433610528,0.0015745146442723448,0.0,0.0
85,0.0025,0.25,spare,0.6228599237020003,0.48392244468935974,0.0011808859832042587,0.0003936286610680862,0.00036843642675972883
85,0.0025,0.25,tight,0.58,0.4824867580899968,0.0011808859832042587,0.0003936286610680862,0.0008596849957727003
85,0.0025,0.5,spare,0.6235525094426483,0.4922113300207006,0.0007872573221361724,0.0007872573221361724,0.0007368728535194577
85,0.0025,0.5,tight,0.58,0.48935544229407846,0.0007872573221361724,0.0007872573221361724,0.0017193699915454006
85,0.0025,0.75,spare,0.6242337392056445,0.5003582656313934,0.0003936286610680862,0.0011808859832042587,0.0011053092802791864
85,0.0025,0.75,tight,0.58,0.49609740834217175,0.0003936286610680862,0.0011808859832042587,0.0025790549873181013
85,0.0025,1.0,spare,0.6249037991892036,0.5083655789991218,0.0,0.0015745146442723448,0.0014737457070389153
85,0.0025,1.0,tight,0.58,0.5027147339677082,0.0,0.0015745146442723448,0.003438739983090801
85,0.005,0.0,spare,0.6495538293356389,0.49019684190213825,0.0032904311211322725,0.0,0.0
85,0.005,0.0,tight,0.58,0.49019684190213825,0.0032904311211322725,0.0,0.0
85,0.005,0.25,spare,0.6510121863769985,0.5076563440367896,0.0024678233408492044,0.0008226077802830681,0.0007699608823449521
85,0.005,0.25,tight,0.58,0.504673661960344,0.0024678233408492044,0.0008226077802830681,0.0017965753921382209
85,0.005,0.5,spare,0.652421018333129,0.5244967826060759,0.0016452155605661363,0.0016452155605661363,0.0015399217646899041
85,0.005,0.5,tight,0.58,0.5185978455421656,0.0016452155605661363,0.0016452155605661363,0.0035931507842764418
85,0.005,0.75,spare,0.6537820070514775,0.5407391807030855,0.0008226077802830681,0.0024678233408492044,0.002309882647034856
85,0.005,0.75,tight,0.58,0.5319881599095407,0.0008226077802830681,0.0024678233408492044,0.005389726176414663
85,0.005,1.0,spare,0.6550967772647817,0.5564038474870439,0.0,0.0032904311211322725,0.0030798435293798083
85,0.005,1.0,tight,0.58,0.5448627349974556,0.0,0.0032904311211322725,0.0071863015685528836
85,0.01,0.0,spare,0.6438309726141777,0.49118956760859295,0.0067550027421338235,0.0,0.0
85,0.01,0.0,tight,0.58,0.49118956760859295,0.0067550027421338235,0.0,0.0
85,0.01,0.25,spare,0.6467713741146074,0.5263639157223049,0.005066252056600368,0.0016887506855334559,0.0015806706416593153
85,0.01,0.25,tight,0.58,0.5203124482342901,0.005066252056600368,0.0016887506855334559,0.003688231497205068
85,0.01,0.5,spare,0.6495104445563623,0.5590216256025824,0.0033775013710669118,0.0033775013710669118,0.0031613412833186305
85,0.01,0.5,tight,0.58,0.547188732284984,0.0033775013710669118,0.0033775013710669118,0.007376462994410136
85,0.01,0.75,spare,0.6520619691980819,0.5893350129824179,0.0016887506855334559,0.005066252056600368,0.004742011924977946
85,0.01,0.75,tight,0.58,0.5719722455789493,0.0016887506855334559,0.005066252056600368,0.011064694491615205
85,0.01,1.0,spare,0.6544387894134579,0.6174645950329593,0.0,0.0067550027421338235,0.006322682566637261
85,0.01,1.0,tight,0.58,0.58,0.0,0.0067550027421338235,0.014752925988820272
85,0.02,0.0,spare,0.5668429868504722,0.5004685283567064,0.012705453769867965,0.0,0.0
85,0.02,0.0,tight,0.5668429868504722,0.5004685283567064,0.012705453769867965,0.0,0.0
85,0.02,0.25,spare,0.5722063223257138,0.5645371456150777,0.009529090327400973,0.003176363442466991,0.0029730761821491047
85,0.02,0.25,tight,0.5716308228410382,0.5533793004804326,0.009529090327400973,0.003176363442466991,0.00693717775834791
85,0.02,0.5,spare,0.57689982342549,0.6202328331801318,0.006352726884933982,0.006352726884933982,0.005946152364298209
85,0.02,0.5,tight,0.5758206993816729,0.58,0.006352726884933982,0.006352726884933982,0.01387435551669582
85,0.02,0.75,spare,0.5810071466901433,0.6686012978061501,0.003176363442466991,0.009529090327400973,0.008919228546447314
85,0.02,0.75,tight,0.579487296453994,0.58,0.003176363442466991,0.009529090327400973,0.020811533275043727
85,0.02,1.0,spare,0.5846015006791448,0.7105576464865182,0.0,0.012705453769867965,0.011892304728596419
85,0.02,1.0,tight,0.58,0.58,0.0,0.012705453769867965,0.02774871103339164
85,0.03,0.0,spare,0.5320635293987889,0.47762028000981327,0.018848434794624856,0.0,0.0
85,0.03,0.0,tight,0.5320635293987889,0.47762028000981327,0.018848434794624856,0.0,0.0
85,0.03,0.25,spare,0.5397743450388061,0.5695949417680863,0.014136326095968642,0.004712108698656214,0.004410533741942218
85,0.03,0.25,tight,0.5389469549850338,0.5533718544400091,0.014136326095968642,0.004712108698656214,0.010291245397865172
85,0.03,0.5,spare,0.5461006441495215,0.6442631469100875,0.009424217397312428,0.009424217397312428,0.008821067483884436
85,0.03,0.5,tight,0.5445944261732879,0.58,0.009424217397312428,0.009424217397312428,0.020582490795730345
85,0.03,0.75,spare,0.5512910237807677,0.7047323585587217,0.004712108698656214,0.014136326095968642,0.013231601225826652
85,0.03,0.75,tight,0.5492278649201082,0.58,0.004712108698656214,0.014136326095968642,0.030873736193595517
85,0.03,1.0,spare,0.5555494441059818,0.7535520788819557,0.0,0.018848434794624856,0.017642134967768872
85,0.03,1.0,tight,0.5530293459555825,0.58,0.0,0.018848434794624856,0.04116498159146069
86,0.0,0.0,spare,0.6583282314887552,0.4910409401980909,0.0,0.0,0.0
86,0.0,0.0,tight,0.58,0.4910409401980909,0.0,0.0,0.0
86,0.0,0.25,spare,0.6583282314887552,0.4910409401980909,0.0,0.0,0.0
86,0.0,0.25,tight,0.58,0.4910409401980909,0.0,0.0,0.0
86,0.0,0.5,spare,0.6583282314887552,0.4910409401980909,0.0,0.0,0.0
86,0.0,0.5,tight,0.58,0.4910409401980909,0.0,0.0,0.0
86,0.0,0.75,spare,0.6583282314887552,0.4910409401980909,0.0,0.0,0.0
86,0.0,0.75,tight,0.58,0.4910409401980909,0.0,0.0,0.0
86,0.0,1.0,spare,0.6583282314887552,0.4910409401980909,0.0,0.0,0.0
86,0.0,1.0,tight,0.58,0.4910409401980909,0.0,0.0,0.0
86,0.0025,0.0,spare,0.6850535875921142,0.4966216830332354,0.001691687789777347,0.0,0.0
86,0.0025,0.0,tight,0.58,0.4966216830332354,0.001691687789777347,0.0,0.0
86,0.0025,0.25,spare,0.6858096551290496,0.5056766723021197,0.0012687658423330102,0.00042292194744433673,0.0003958549428078993
86,0.0025,0.25,tight,0.58,0.504134766183778,0.0012687658423330102,0.00042292194744433673,0.0009236615332184315
86,0.0025,0.5,spare,0.6865524114206327,0.5145652710041005,0.0008458438948886735,0.0008458438948886735,0.0007917098856157986
86,0.0025,0.5,tight,0.58,0.5114993128968017,0.0008458438948886735,0.0008458438948886735,0.001847323066436863
86,0.0025,0.75,spare,0.687282090823246,0.5232904085939586,0.00042292194744433673,0.0012687658423330102,0.0011875648284236978
86,0.0025,0.75,tight,0.58,0.5187179382891673,0.00042292194744433673,0.0012687658423330102,0.002770984599655295
86,0.0025,1.0,spare,0.687998923567218,0.5318549629508021,0.0,0.001691687789777347,0.0015834197712315972
86,0.0025,1.0,tight,0.58,0.5257932114362636,0.0,0.001691687789777347,0.003694646132873726
86,0.005,0.0,spare,0.6299863482214272,0.48841476618240487,0.0031796697890777987,0.0,0.0
86,0.005,0.0,tight,0.58,0.48841476618240487,0.0031796697890777987,0.0,0.0
86,0.005,0.25,spare,0.6313964296428104,0.5052967412190501,0.002384752341808349,0.0007949174472694497,0.0007440427306442052
86,0.005,0.25,tight,0.58,0.5024133678823469,0.002384752341808349,0.0007949174472694497,0.0017360997048364783
86,0.005,0.5,spare,0.6327602105422363,0.5215999597312305,0.0015898348945388994,0.0015898348945388994,0.0014880854612884103
86,0.005,0.5,tight,0.58,0.5158953150991974,0.0015898348945388994,0.0015898348945388994,0.0034721994096729566
86,0.005,0.75,spare,0.6340792112137115,0.5373434253940262,0.0007949174472694497,0.002384752341808349,0.0022321281919326155
86,0.005,0.75,tight,0.58,0.5288775723655539,0.0007949174472694497,0.002384752341808349,0.005208299114509435
86,0.005,1.0,spare,0.6353549020318512,0.5525455178901283,0.0,0.0031796697890777987,0.0029761709225768207
86,0.005,1.0,tight,0.58,0.5413765471775893,0.0,0.0031796697890777987,0.006944398819345913
86,0.01,0.0,spare,0.6293104018062519,0.47702366345637426,0.00650878321054251,0.0,0.0
86,0.01,0.0,tight,0.58,0.47702366345637426,0.00650878321054251,0.0,0.0
86,0.01,0.25,spare,0.6321472479968382,0.5109611855674366,0.0048815874079068825,0.0016271958026356276,0.0015230552712669479
86,0.01,0.25,tight,0.58,0.5051254354121144,0.0048815874079068825,0.0016271958026356276,0.003553795632956211
86,0.01,0.5,spare,0.6347966944037751,0.5425562103828802,0.003254391605271255,0.003254391605271255,0.0030461105425338957
86,0.01,0.5,tight,0.58,0.5311360659668476,0.003254391605271255,0.003254391605271255,0.007107591265912422
86,0.01,0.75,spare,0.6372711205064393,0.5719634813949165,0.0016271958026356276,0.0048815874079068825,0.004569165813800844
86,0.01,0.75,tight,0.58,0.5551936942440235,0.0016271958026356276,0.0048815874079068825,0.010661386898868632
86,0.01,1.0,spare,0.639582088005731,0.599327519864796,0.0,0.00650878321054251,0.0060922210850677914
86,0.01,1.0,tight,0.58,0.5774273340074112,0.0,0.00650878321054251,0.014215182531824844
86,0.02,0.0,spare,0.5448976351876407,0.4990095910873275,0.01265110180134466,0.0,0.0
86,0.02,0.0,tight,0.5448976351876407,0.4990095910873275,0.01265110180134466,0.0,0.0
86,0.02,0.25,spare,0.5502395174193271,0.5628227611618916,0.009488326351008495,0.003162775450336165,0.0029603578215146517
86,0.02,0.25,tight,0.5496663199220373,0.5517106486837503,0.009488326351008495,0.003162775450336165,0.006907501583534185
86,0.02,0.5,spare,0.5549169132087348,0.6183298507079749,0.00632555090067233,0.00632555090067233,0.005920715643029303
86,0.02,0.5,tight,0.5538418192929095,0.58,0.00632555090067233,0.00632555090067233,0.01381500316706837
86,0.02,0.75,spare,0.5590124792324478,0.666564068182872,0.003162775450336165,0.009488326351008495,0.008881073464543953
86,0.02,0.75,tight,0.5574979207060304,0.58,0.003162775450336165,0.009488326351008495,0.020722504750602555
86,0.02,1.0,spare,0.5625985903527804,0.7084300993655133,0.0,0.01265110180134466,0.011841431286058607
86,0.02,1.0,tight,0.5606992330176237,0.58,0.0,0.01265110180134466,0.02763000633413674
86,0.03,0.0,spare,0.5156654860070429,0.4637521151131957,0.018335673501676364,0.0,0.0
86,0.03,0.0,tight,0.5156654860070429,0.4637521151131957,0.018335673501676364,0.0,0.0
86,0.03,0.25,spare,0.5231860948321368,0.5534691778274782,0.013751755126257273,0.004583918375419091,0.004290547599392271
86,0.03,0.25,tight,0.5223791144515009,0.537661192937005,0.013751755126257273,0.004583918375419091,0.010011277731915296
86,0.03,0.5,spare,0.5293896498872028,0.626723068416411,0.009167836750838182,0.009167836750838182,0.008581095198784541
86,0.03,0.5,tight,0.5279170123322527,0.58,0.009167836750838182,0.009167836750838182,0.020022555463830593
86,0.03,0.75,spare,0.5345068014657859,0.6863969155493064,0.004583918375419091,0.013751755126257273,0.012871642798176812
86,0.03,0.75,tight,0.5324850805819863,0.58,0.004583918375419091,0.013751755126257273,0.030033833195745888
86,0.03,1.0,spare,0.5387278070095041,0.7348689372463915,0.0,0.018335673501676364,0.017162190397569083
86,0.03,1.0,tight,0.5362531615368108,0.58,0.0,0.018335673501676364,0.040045110927661186
87,0.0,0.0,spare,0.6468885128731012,0.5013636148534769,0.0,0.0,0.0
87,0.0,0.0,tight,0.58,0.5013636148534769,0.0,0.0,0.0
87,0.0,0.25,spare,0.6468885128731012,0.5013636148534769,0.0,0.0,0.0
87,0.0,0.25,tight,0.58,0.5013636148534769,0.0,0.0,0.0
87,0.0,0.5,spare,0.6468885128731012,0.5013636148534769,0.0,0.0,0.0
87,0.0,0.5,tight,0.58,0.5013636148534769,0.0,0.0,0.0
87,0.0,0.75,spare,0.6468885128731012,0.5013636148534769,0.0,0.0,0.0
87,0.0,0.75,tight,0.58,0.5013636148534769,0.0,0.0,0.0
87,0.0,1.0,spare,0.6468885128731012,0.5013636148534769,0.0,0.0,0.0
87,0.0,1.0,tight,0.58,0.5013636148534769,0.0,0.0,0.0
87,0.0025,0.0,spare,0.666480452429442,0.48668454561388486,0.0016586932248384677,0.0,0.0
87,0.0025,0.0,tight,0.58,0.48668454561388486,0.0016586932248384677,0.0,0.0
87,0.0025,0.25,spare,0.6672219017233185,0.4955645275727295,0.0012440199186288508,0.0004146733062096169,0.00038813421461220154
87,0.0025,0.25,tight,0.58,0.4940525229400987,0.0012440199186288508,0.0004146733062096169,0.0009056465007618034
87,0.0025,0.5,spare,0.6679505495302496,0.5042844909447547,0.0008293466124192338,0.0008293466124192338,0.0007762684292244031
87,0.0025,0.5,tight,0.58,0.501277652079271,0.0008293466124192338,0.0008293466124192338,0.0018112930015236068
87,0.0025,0.75,spare,0.668666616874207,0.5128471985296111,0.0004146733062096169,0.0012440199186288508,0.0011644026438366046
87,0.0025,0.75,tight,0.58,0.5083623993756504,0.0004146733062096169,0.0012440199186288508,0.0027169395022854106
87,0.0025,1.0,spare,0.6693703209630755,0.5212553654258543,0.0,0.0016586932248384677,0.0015525368584488062
87,0.0025,1.0,tight,0.58,0.5153091885908384,0.0,0.0016586932248384677,0.0036225860030472136
87,0.005,0.0,spare,0.610775489573055,0.48612600854051147,0.003223715599657119,0.0,0.0
87,0.005,0.0,tight,0.58,0.48612600854051147,0.003223715599657119,0.0,0.0
87,0.005,0.25,spare,0.6122047752019637,0.5032377294515502,0.002417786699742839,0.0008059288999142797,0.0007543494503197661
87,0.005,0.25,tight,0.58,0.5003148555704217,0.002417786699742839,0.0008059288999142797,0.0017601487174127872
87,0.005,0.5,spare,0.6135864905670636,0.519754822064979,0.0016118577998285595,0.0016118577998285595,0.0015086989006395323
87,0.005,0.5,tight,0.58,0.5139728794255654,0.0016118577998285595,0.0016118577998285595,0.0035202974348255743
87,0.005,0.75,spare,0.6149222189278187,0.5356970771240989,0.0008059288999142797,0.002417786699742839,0.0022630483509592982
87,0.005,0.75,tight,0.58,0.5271177472523468,0.0008059288999142797,0.002417786699742839,0.005280446152238362
87,0.005,1.0,spare,0.6162134908487883,0.5510836266858985,0.0,0.003223715599657119,0.0030173978012790646
87,0.005,1.0,tight,0.58,0.5397665381895682,0.0,0.003223715599657119,0.007040594869651149
87,0.01,0.0,spare,0.591631611133431,0.4785866952957975,0.006445549882676064,0.0,0.0
87,0.01,0.0,tight,0.58,0.4785866952957975,0.006445549882676064,0.0,0.0
87,0.01,0.25,spare,0.5944418193393822,0.5122060391976413,0.004834162412007048,0.001611387470669016,0.0015082586725461997
87,0.01,0.25,tight,0.58,0.5064257468811078,0.004834162412007048,0.001611387470669016,0.0035192702359411318
87,0.01,0.5,spare,0.5970681306060451,0.543526671358382,0.003222774941338032,0.003222774941338032,0.0030165173450923993
87,0.01,0.5,tight,0.58,0.532212744318995,0.003222774941338032,0.003222774941338032,0.0070385404718822635
87,0.01,0.75,spare,0.5995225789472014,0.5726990169502892,0.001611387470669016,0.004834162412007048,0.0045247760176385975
87,0.01,0.75,tight,0.58,0.5560819717796373,0.001611387470669016,0.004834162412007048,0.010557810707823394
87,0.01,1.0,spare,0.6018164108839845,0.5998636574875318,0.0,0.006445549882676064,0.006033034690184799
87,0.01,1.0,tight,0.58,0.5781589260245659,0.0,0.006445549882676064,0.014077080943764527
87,0.02,0.0,spare,0.5675386867080305,0.49133563781295647,0.012683131187370857,0.0,0.0
87,0.02,0.0,tight,0.5675386867080305,0.49133563781295647,0.012683131187370857,0.0,0.0
87,0.02,0.25,spare,0.5728932127273174,0.5552993603561979,0.009512348390528143,0.0031707827968427142,0.0029678526978447815
87,0.02,0.25,tight,0.5723186585195847,0.5441602958290793,0.009512348390528143,0.0031707827968427142,0.006924989628304489
87,0.02,0.5,spare,0.5775801030142267,0.6109176362447204,0.0063415655936854285,0.0063415655936854285,0.005935705395689563
87,0.02,0.5,tight,0.576502633604322,0.58,0.0063415655936854285,0.0063415655936854285,0.013849979256608977
87,0.02,0.75,spare,0.5816826025599198,0.6592310278680371,0.0031707827968427142,0.009512348390528143,0.008903558093534344
87,0.02,0.75,tight,0.58,0.58,0.0031707827968427142,0.009512348390528143,0.020774968884913467
87,0.02,1.0,spare,0.585273576850361,0.7011503538007087,0.0,0.012683131187370857,0.011871410791379126
87,0.02,1.0,tight,0.58,0.58,0.0,0.012683131187370857,0.027699958513217954
87,0.03,0.0,spare,0.5379263258868295,0.4989346184886744,0.018853363815376993,0.0,0.0
87,0.03,0.0,tight,0.5379263258868295,0.4989346184886744,0.018853363815376993,0.0,0.0
87,0.03,0.25,spare,0.5456389649631778,0.5909309198102295,0.014140022861532745,0.004713340953844248,0.004411687132798218
87,0.03,0.25,tight,0.5448113792500674,0.5747038488859519,0.014140022861532745,0.004713340953844248,0.010293936643195839
87,0.03,0.5,spare,0.5519664326180932,0.6656125783638737,0.009426681907688497,0.009426681907688497,0.008823374265596436
87,0.03,0.5,tight,0.5504598935947683,0.58,0.009426681907688497,0.009426681907688497,0.020587873286391677
87,0.03,0.75,spare,0.55715750230613,0.7260892623315364,0.004713340953844248,0.014140022861532745,0.013235061398394653
87,0.03,0.75,tight,0.5550939483535374,0.58,0.004713340953844248,0.014140022861532745,0.030881809929587518
87,0.03,1.0,spare,0.5614162683679561,0.7749121509715632,0.0,0.018853363815376993,0.01764674853119287
87,0.03,1.0,tight,0.5588957380272093,0.58,0.0,0.018853363815376993,0.041175746572783355
88,0.0,0.0,spare,0.6548448576720157,0.49174825583539933,0.0,0.0,0.0
88,0.0,0.0,tight,0.58,0.49174825583539933,0.0,0.0,0.0
88,0.0,0.25,spare,0.6548448576720157,0.49174825583539933,0.0,0.0,0.0
88,0.0,0.25,tight,0.58,0.49174825583539933,0.0,0.0,0.0
88,0.0,0.5,spare,0.6548448576720157,0.49174825583539933,0.0,0.0,0.0
88,0.0,0.5,tight,0.58,0.49174825583539933,0.0,0.0,0.0
88,0.0,0.75,spare,0.6548448576720157,0.49174825583539933,0.0,0.0,0.0
88,0.0,0.75,tight,0.58,0.49174825583539933,0.0,0.0,0.0
88,0.0,1.0,spare,0.6548448576720157,0.49174825583539933,0.0,0.0,0.0
88,0.0,1.0,tight,0.58,0.49174825583539933,0.0,0.0,0.0
88,0.0025,0.0,spare,0.6305380623258358,0.49076751301813665,0.0016080165228590333,0.0,0.0
88,0.0025,0.0,tight,0.58,0.49076751301813665,0.0016080165228590333,0.0,0.0
88,0.0025,0.25,spare,0.6312570494402276,0.49937857608168573,0.001206012392144275,0.0004020041307147583,0.00037627586634901393
88,0.0025,0.25,tight,0.58,0.4979125106896645,0.001206012392144275,0.0004020041307147583,0.0008779770214810323
88,0.0025,0.5,spare,0.6319639989598295,0.5078391692103599,0.0008040082614295166,0.0008040082614295166,0.0007525517326980279
88,0.0025,0.5,tight,0.58,0.50492318423155,0.0008040082614295166,0.0008040082614295166,0.0017559540429620646
88,0.0025,0.75,spare,0.6326591124232857,0.5161518116372134,0.0004020041307147583,0.001206012392144275,0.0011288275990470416
88,0.0025,0.75,tight,0.58,0.5118017825567579,0.0004020041307147583,0.001206012392144275,0.0026339310644430966
88,0.0025,1.0,spare,0.633342587994993,0.5243189804172055,0.0,0.0016080165228590333,0.0015051034653960557
88,0.0025,1.0,tight,0.58,0.5185505169259746,0.0,0.0016080165228590333,0.003511908085924129
88,0.005,0.0,spare,0.6092457402245796,0.48450258398363794,0.003230987125683878,0.0,0.0
88,0.005,0.0,tight,0.58,0.48450258398363794,0.003230987125683878,0.0,0.0
88,0.005,0.25,spare,0.6106781954234102,0.5016522229816107,0.0024232403442629087,0.0008077467814209695,0.0007560509874100277
88,0.005,0.25,tight,0.58,0.4987228290983265,0.0024232403442629087,0.0008077467814209695,0.0017641189706233977
88,0.005,0.5,spare,0.6120628691417859,0.5182045934738969,0.001615493562841939,0.001615493562841939,0.0015121019748200555
88,0.005,0.5,tight,0.58,0.5124098941311875,0.001615493562841939,0.001615493562841939,0.0035282379412467954
88,0.005,0.75,spare,0.6134013551956085,0.5341796181592686,0.0008077467814209695,0.0024232403442629087,0.002268152962230083
88,0.005,0.75,tight,0.58,0.5255815640249399,0.0008077467814209695,0.0024232403442629087,0.005292356911870193
88,0.005,1.0,spare,0.6146951942368946,0.5495965551879359,0.0,0.003230987125683878,0.003024203949640111
88,0.005,1.0,tight,0.58,0.5382550304814855,0.0,0.003230987125683878,0.007056475882493591
88,0.01,0.0,spare,0.6050912659864721,0.5224402967615087,0.006411711777963989,0.0,0.0
88,0.01,0.0,tight,0.58,0.5224402967615087,0.006411711777963989,0.0,0.0
88,0.01,0.25,spare,0.6078872121186985,0.5558892828582943,0.004808783833472992,0.0016029279444909972,0.0015003405560435738
88,0.01,0.25,tight,0.58,0.550138677488482,0.004808783833472992,0.0016029279444909972,0.0035007946307683384
88,0.01,0.5,spare,0.6105011231639671,0.5870628303681086,0.0032058558889819944,0.0032058558889819944,0.0030006811120871476
88,0.01,0.5,tight,0.58,0.5758057799537627,0.0032058558889819944,0.0032058558889819944,0.007001589261536677
88,0.01,0.75,spare,0.612944850843061,0.6161090858007403,0.0016029279444909972,0.004808783833472992,0.004501021668130722
88,0.01,0.75,tight,0.58,0.58,0.0016029279444909972,0.004808783833472992,0.010502383892305015
88,0.01,1.0,spare,0.6152294752492281,0.6431665503217844,0.0,0.006411711777963989,0.006001362224174295
88,0.01,1.0,tight,0.58,0.58,0.0,0.006411711777963989,0.014003178523073354
88,0.02,0.0,spare,0.5767358945044511,0.49537766400138084,0.012774880995314571,0.0,0.0
88,0.02,0.0,tight,0.5767358945044511,0.49537766400138084,0.012774880995314571,0.0,0.0
88,0.02,0.25,spare,0.5821266157698709,0.559772357666227,0.009581160746485929,0.0031937202488286427,0.0029893221529036108
88,0.02,0.25,tight,0.58,0.5485561191788811,0.009581160746485929,0.0031937202488286427,0.006975085023441756
88,0.02,0.5,spare,0.5868406446973288,0.615708397106545,0.0063874404976572855,0.0063874404976572855,0.0059786443058072215
88,0.02,0.5,tight,0.58,0.58,0.0063874404976572855,0.0063874404976572855,0.013950170046883512
88,0.02,0.75,spare,0.5909629258606041,0.6642475894945823,0.0031937202488286427,0.009581160746485929,0.008967966458710832
88,0.02,0.75,tight,0.58,0.58,0.0031937202488286427,0.009581160746485929,0.02092525507032527
88,0.02,1.0,spare,0.5945677408183813,0.7063184543138938,0.0,0.012774880995314571,0.011957288611614443
88,0.02,1.0,tight,0.58,0.58,0.0,0.012774880995314571,0.027900340093767025
88,0.03,0.0,spare,0.49948696961602795,0.5006894724558685,0.01827722104423593,0.0,0.0
88,0.03,0.0,tight,0.49948696961602795,0.5006894724558685,0.01827722104423593,0.0,0.0
88,0.03,0.25,spare,0.5069858306331543,0.5901483654455968,0.013707915783176948,0.004569305261058983,0.004276869724351209
88,0.03,0.25,tight,0.506181183847412,0.5743877876580161,0.013707915783176948,0.004569305261058983,0.00997936269015282
88,0.03,0.5,spare,0.5131752440777635,0.6632391637788606,0.009138610522117965,0.009138610522117965,0.008553739448702418
88,0.03,0.5,tight,0.5117064575483373,0.58,0.009138610522117965,0.009138610522117965,0.01995872538030564
88,0.03,0.75,spare,0.5182838650671133,0.7228200564213824,0.004569305261058983,0.013707915783176948,0.012830609173053627
88,0.03,0.75,tight,0.5162669105626749,0.58,0.004569305261058983,0.013707915783176948,0.02993808807045846
88,0.03,1.0,spare,0.5225004210697756,0.7712501367303101,0.0,0.01827722104423593,0.017107478897404837
88,0.03,1.0,tight,0.5200310194234719,0.58,0.0,0.01827722104423593,0.03991745076061128
89,0.0,0.0,spare,0.6371783398855094,0.5069075529790213,0.0,0.0,0.0
89,0.0,0.0,tight,0.58,0.5069075529790213,0.0,0.0,0.0
89,0.0,0.25,spare,0.6371783398855094,0.5069075529790213,0.0,0.0,0.0
89,0.0,0.25,tight,0.58,0.5069075529790213,0.0,0.0,0.0
89,0.0,0.5,spare,0.6371783398855094,0.5069075529790213,0.0,0.0,0.0
89,0.0,0.5,tight,0.58,0.5069075529790213,0.0,0.0,0.0
89,0.0,0.75,spare,0.6371783398855094,0.5069075529790213,0.0,0.0,0.0
89,0.0,0.75,tight,0.58,0.5069075529790213,0.0,0.0,0.0
89,0.0,1.0,spare,0.6371783398855094,0.5069075529790213,0.0,0.0,0.0
89,0.0,1.0,tight,0.58,0.5069075529790213,0.0,0.0,0.0
89,0.0025,0.0,spare,0.6002585339758267,0.5182486327833711,0.0015605386805162534,0.0,0.0
89,0.0025,0.0,tight,0.58,0.5182486327833711,0.0015605386805162534,0.0,0.0
89,0.0025,0.25,spare,0.6009564659411767,0.5266076162990053,0.0011704040103871901,0.00039013467012906334,0.0003651660512408034
89,0.0025,0.25,tight,0.58,0.5251846048792461,0.0011704040103871901,0.00039013467012906334,0.0008520541195618745
89,0.0025,0.5,spare,0.601643055017456,0.5348248137012543,0.0007802693402581267,0.0007802693402581267,0.0007303321024816068
89,0.0025,0.5,tight,0.58,0.5319940048709219,0.0007802693402581267,0.0007802693402581267,0.001704108239123749
89,0.0025,0.75,spare,0.6023184855509027,0.542902529318098,0.00039013467012906334,0.0011704040103871901,0.0010954981537224103
89,0.0025,0.75,tight,0.58,0.5386788898261478,0.00039013467012906334,0.0011704040103871901,0.0025561623586856236
89,0.0025,1.0,spare,0.6029829388917343,0.5508430300272522,0.0,0.0015605386805162534,0.0014606642049632137
89,0.0025,1.0,tight,0.58,0.5452412833809176,0.0,0.0015605386805162534,0.003408216478247498
89,0.005,0.0,spare,0.6022144307805865,0.48800208443142024,0.0031436262047469196,0.0,0.0
89,0.005,0.0,tight,0.58,0.48800208443142024,0.0031436262047469196,0.0,0.0
89,0.005,0.25,spare,0.6036087903985218,0.5046959711237006,0.0023577196535601898,0.0007859065511867299,0.0007356085319107793
89,0.005,0.25,tight,0.58,0.5018449307520793,0.0023577196535601898,0.0007859065511867299,0.0017164199077918183
89,0.005,0.5,spare,0.604957876200694,0.5208239351189428,0.0015718131023734598,0.0015718131023734598,0.0014712170638215586
89,0.005,0.5,tight,0.58,0.5151825793148755,0.0015718131023734598,0.0015718131023734598,0.0034328398155836367
89,0.005,0.75,spare,0.6062631581940995,0.5364043515046008,0.0007859065511867299,0.0023577196535601898,0.0022068255957323384
89,0.005,0.75,tight,0.58,0.5280314335138254,0.0007859065511867299,0.0023577196535601898,0.005149259723375455
89,0.005,1.0,spare,0.6075260586557049,0.5514549987427576,0.0,0.0031436262047469196,0.0029424341276431173
89,0.005,1.0,tight,0.58,0.5404073641369882,0.0,0.0031436262047469196,0.006865679631167273
89,0.01,0.0,spare,0.6164481438883562,0.49462380298922604,0.006536235936229924,0.0,0.0
89,0.01,0.0,tight,0.58,0.49462380298922604,0.006536235936229924,0.0,0.0
89,0.01,0.25,spare,0.6192965494451101,0.5286993932395717,0.004902176952172443,0.001634058984057481,0.0015294792090778026
89,0.01,0.25,tight,0.58,0.5228395734678876,0.004902176952172443,0.001634058984057481,0.0035687848211815388
89,0.01,0.5,spare,0.6219560249018327,0.5604133572395255,0.003268117968114962,0.003268117968114962,0.0030589584181556053
89,0.01,0.5,tight,0.58,0.5489471261760799,0.003268117968114962,0.003268117968114962,0.0071375696423630775
89,0.01,0.75,spare,0.6244391016842589,0.5899223378107759,0.001634058984057481,0.004902176952172443,0.004588437627233408
89,0.01,0.75,tight,0.58,0.5730862957638649,0.001634058984057481,0.004902176952172443,0.010706354463544617
89,0.01,1.0,spare,0.6267574800290708,0.6173725879118472,0.0,0.006536235936229924,0.0061179168363112105
89,0.01,1.0,tight,0.58,0.58,0.0,0.006536235936229924,0.014275139284726155
89,0.02,0.0,spare,0.5472543960540652,0.47743665307303873,0.012586167381523149,0.0,0.0
89,0.02,0.0,tight,0.5472543960540652,0.47743665307303873,0.012586167381523149,0.0,0.0
89,0.02,0.25,spare,0.5525706319909127,0.5409444391163557,0.009439625536142362,0.003146541845380787,0.0029451631672764178
89,0.02,0.25,tight,0.5520001864060349,0.5298869850823477,0.009439625536142362,0.003146541845380787,0.006872047390311641
89,0.02,0.5,spare,0.5572287465479113,0.5962257079115622,0.006293083690761574,0.006293083690761574,0.0058903263345528355
89,0.02,0.5,tight,0.556158473469585,0.5749935259864135,0.006293083690761574,0.006293083690761574,0.013744094780623281
89,0.02,0.75,spare,0.561310211607754,0.6442988579923183,0.003146541845380787,0.009439625536142362,0.008835489501829254
89,0.02,0.75,tight,0.5598019869879842,0.58,0.003146541845380787,0.009439625536142362,0.02061614217093492
89,0.02,1.0,spare,0.5648864132728004,0.6860562156381236,0.0,0.012586167381523149,0.011780652669105671
89,0.02,1.0,tight,0.5629944531539497,0.58,0.0,0.012586167381523149,0.027488189561246563
89,0.03,0.0,spare,0.5379413632758202,0.504315228952717,0.01835584976210297,0.0,0.0
89,0.03,0.0,tight,0.5379413632758202,0.504315228952717,0.01835584976210297,0.0,0.0
89,0.03,0.25,spare,0.5454694757774946,0.5941213663793146,0.013766887321577229,0.004588962440525743,0.004295268844332097
89,0.03,0.25,tight,0.5446616902333506,0.5782970219517397,0.013766887321577229,0.004588962440525743,0.010022293970108223
89,0.03,0.5,spare,0.551677905021022,0.6674314630790743,0.009177924881051486,0.009177924881051486,0.008590537688664194
89,0.03,0.5,tight,0.5502039392897932,0.58,0.009177924881051486,0.009177924881051486,0.020044587940216445
89,0.03,0.75,spare,0.5567979923820056,0.7271372862470371,0.004588962440525743,0.013766887321577229,0.012885806532996289
89,0.03,0.75,tight,0.5547746283050378,0.58,0.004588962440525743,0.013766887321577229,0.03006688191032467
89,0.03,1.0,spare,0.5610205249350558,0.7756236743158342,0.0,0.01835584976210297,0.017181075377328388
89,0.03,1.0,tight,0.5585440724172244,0.58,0.0,0.01835584976210297,0.04008917588043289
90,0.0,0.0,spare,0.6529797554923031,0.48626191393496165,0.0,0.0,0.0
90,0.0,0.0,tight,0.58,0.48626191393496165,0.0,0.0,0.0
90,0.0,0.25,spare,0.6529797554923031,0.48626191393496165,0.0,0.0,0.0
90,0.0,0.25,tight,0.58,0.48626191393496165,0.0,0.0,0.0
90,0.0,0.5,spare,0.6529797554923031,0.48626191393496165,0.0,0.0,0.0
90,0.0,0.5,tight,0.58,0.48626191393496165,0.0,0.0,0.0
90,0.0,0.75,spare,0.6529797554923031,0.48626191393496165,0.0,0.0,0.0
90,0.0,0.75,tight,0.58,0.48626191393496165,0.0,0.0,0.0
90,0.0,1.0,spare,0.6529797554923031,0.48626191393496165,0.0,0.0,0.0
90,0.0,1.0,tight,0.58,0.48626191393496165,0.0,0.0,0.0
90,0.0025,0.0,spare,0.6613316407670435,0.4976939264940171,0.001671204768922298,0.0,0.0
90,0.0025,0.0,tight,0.58,0.4976939264940171,0.001671204768922298,0.0,0.0
90,0.0025,0.25,spare,0.6620786338970348,0.5066402787029798,0.0012534035766917234,0.0004178011922305745,0.00039106191592781786
90,0.0025,0.25,tight,0.58,0.5051169346228374,0.0012534035766917234,0.0004178011922305745,0.0009124778038315747
90,0.0025,0.5,spare,0.6628126333902838,0.5154242104526658,0.000835602384461149,0.000835602384461149,0.0007821238318556357
90,0.0025,0.5,tight,0.58,0.512394950419159,0.000835602384461149,0.000835602384461149,0.0018249556076631495
90,0.0025,0.75,spare,0.6635338652657313,0.5240485469798312,0.0004178011922305745,0.0012534035766917234,0.0011731857477834534
90,0.0025,0.75,tight,0.58,0.5195304959646758,0.0004178011922305745,0.0012534035766917234,0.002737433411494724
90,0.0025,1.0,spare,0.6642425516108116,0.5325160643774063,0.0,0.001671204768922298,0.0015642476637112714
90,0.0025,1.0,tight,0.58,0.5265260494705137,0.0,0.001671204768922298,0.003649911215326299
90,0.005,0.0,spare,0.6336603893255309,0.4858584650653285,0.0032480461848663125,0.0,0.0
90,0.005,0.0,tight,0.58,0.4858584650653285,0.0032480461848663125,0.0,0.0
90,0.005,0.25,spare,0.6351002794114177,0.5030970483316541,0.0024360346386497343,0.0008120115462165781,0.0007600428072587174
90,0.005,0.25,tight,0.58,0.5001523597441844,0.0024360346386497343,0.0008120115462165781,0.0017734332169370068
90,0.005,0.5,spare,0.636491890728223,0.5197321469844615,0.0016240230924331562,0.0016240230924331562,0.0015200856145174348
90,0.005,0.5,tight,0.58,0.5139075252375,0.0016240230924331562,0.0016240230924331562,0.0035468664338740136
90,0.005,0.75,spare,0.6378368420380779,0.5357839955503894,0.0008120115462165781,0.0024360346386497343,0.002280128421776152
90,0.005,0.75,tight,0.58,0.5271420248559413,0.0008120115462165781,0.0024360346386497343,0.00532029965081102
90,0.005,1.0,spare,0.6391366978268574,0.5512721501028751,0.0,0.0032480461848663125,0.0030401712290348696
90,0.005,1.0,tight,0.58,0.5398733162567195,0.0,0.0032480461848663125,0.007093732867748027
90,0.01,0.0,spare,0.5861154704984296,0.5006764916247826,0.006351046759549486,0.0,0.0
90,0.01,0.0,tight,0.58,0.5006764916247826,0.006351046759549486,0.0,0.0
90,0.01,0.25,spare,0.5888858348684655,0.5338199013084963,0.0047632850696621145,0.0015877616898873714,0.00148614494173458
90,0.01,0.25,tight,0.58,0.5281225357731201,0.0047632850696621145,0.0015877616898873714,0.0034676715307140195
90,0.01,0.5,spare,0.5914774800054824,0.5647293205794737,0.003175523379774743,0.003175523379774743,0.00297228988346916
90,0.01,0.5,tight,0.58,0.553574302339894,0.003175523379774743,0.003175523379774743,0.006935343061428039
90,0.01,0.75,spare,0.5939019352825103,0.5935488666005884,0.0015877616898873714,0.0047632850696621145,0.00445843482520374
90,0.01,0.75,tight,0.58,0.5771604443512763,0.0015877616898873714,0.0047632850696621145,0.010403014592142058
90,0.01,1.0,spare,0.5961699863001255,0.6204133593790429,0.0,0.006351046759549486,0.00594457976693832
90,0.01,1.0,tight,0.58,0.58,0.0,0.006351046759549486,0.013870686122856078
90,0.02,0.0,spare,0.5560755625302537,0.4977919839235894,0.012523946299176643,0.0,0.0
90,0.02,0.0,tight,0.5560755625302537,0.4977919839235894,0.012523946299176643,0.0,0.0
90,0.02,0.25,spare,0.5613672074128792,0.5610069415224018,0.009392959724382482,0.0031309865747941607,0.0029306034340073352
90,0.02,0.25,tight,0.5607994005104217,0.5500018839963388,0.009392959724382482,0.0031309865747941607,0.006838074679350449
90,0.02,0.5,spare,0.5660068053142312,0.616071311855293,0.0062619731495883214,0.0062619731495883214,0.0058612068680146704
90,0.02,0.5,tight,0.5649411578023885,0.58,0.0062619731495883214,0.0062619731495883214,0.013676149358700897
90,0.02,0.75,spare,0.5700747027570293,0.6639894264562631,0.0031309865747941607,0.009392959724382482,0.008791810302022007
90,0.02,0.75,tight,0.568572559543426,0.58,0.0031309865747941607,0.009392959724382482,0.020514224038051344
90,0.02,1.0,spare,0.5736413458060535,0.705641861135059,0.0,0.012523946299176643,0.011722413736029341
90,0.02,1.0,tight,0.5717564927570854,0.58,0.0,0.012523946299176643,0.027352298717401795
90,0.03,0.0,spare,0.4971588847862312,0.4811828191203071,0.018357897382338763,0.0,0.0
90,0.03,0.0,tight,0.4971588847862312,0.4811828191203071,0.018357897382338763,0.0,0.0
90,0.03,0.25,spare,0.5046877587217431,0.5709979953267397,0.013768423036754072,0.004589474345584691,0.004295747987467272
90,0.03,0.25,tight,0.5038798914738194,0.5551719907444026,0.013768423036754072,0.004589474345584691,0.010023411970756966
90,0.03,0.5,spare,0.5108966824258647,0.6443137936407916,0.009178948691169381,0.009178948691169381,0.008591495974934544
90,0.03,0.5,tight,0.5094225819339815,0.58,0.009178948691169381,0.009178948691169381,0.02004682394151393
90,0.03,0.75,spare,0.516017067478637,0.7040228588129774,0.004589474345584691,0.013768423036754072,0.012887243962401816
90,0.03,0.75,tight,0.5139935366979317,0.58,0.004589474345584691,0.013768423036754072,0.030070235912270895
90,0.03,1.0,spare,0.5202397547490973,0.7525107017062647,0.0,0.018357897382338763,0.017182991949869088
90,0.03,1.0,tight,0.5177631189259582,0.58,0.0,0.018357897382338763,0.04009364788302786
91,0.0,0.0,spare,0.6420533365216805,0.48106141889226123,0.0,0.0,0.0
91,0.0,0.0,tight,0.58,0.48106141889226123,0.0,0.0,0.0
91,0.0,0.25,spare,0.6420533365216805,0.48106141889226123,0.0,0.0,0.0
91,0.0,0.25,tight,0.58,0.48106141889226123,0.0,0.0,0.0
91,0.0,0.5,spare,0.6420533365216805,0.48106141889226123,0.0,0.0,0.0
91,0.0,0.5,tight,0.58,0.48106141889226123,0.0,0.0,0.0
91,0.0,0.75,spare,0.6420533365216805,0.48106141889226123,0.0,0.0,0.0
91,0.0,0.75,tight,0.58,0.48106141889226123,0.0,0.0,0.0
91,0.0,1.0,spare,0.6420533365216805,0.48106141889226123,0.0,0.0,0.0
91,0.0,1.0,tight,0.58,0.48106141889226123,0.0,0.0,0.0
91,0.0025,0.0,spare,0.628454794372344,0.5033386040008071,0.0016340594404835075,0.0,0.0
91,0.0025,0.0,tight,0.58,0.5033386040008071,0.0016340594404835075,0.0,0.0
91,0.0025,0.25,spare,0.6291853263647756,0.5120878839971296,0.0012255445803626306,0.0004085148601208769,0.00038236990907314085
91,0.0025,0.25,tight,0.58,0.5105982082815221,0.0012255445803626306,0.0004085148601208769,0.0008921964545039953
91,0.0025,0.5,spare,0.6299034310800099,0.5206818230284843,0.0008170297202417538,0.0008170297202417538,0.0007647398181462817
91,0.0025,0.5,tight,0.58,0.5177191400763718,0.0008170297202417538,0.0008170297202417538,0.0017843929090079905
91,0.0025,0.75,spare,0.6306093199218183,0.5291230636420174,0.0004085148601208769,0.0012255445803626306,0.0011471097272194226
91,0.0025,0.75,tight,0.58,0.5247037583804984,0.0004085148601208769,0.0012255445803626306,0.0026765893635119858
91,0.0025,1.0,spare,0.631303200697726,0.5374142034317911,0.0,0.0016340594404835075,0.0015294796362925634
91,0.0025,1.0,tight,0.58,0.5315543820595402,0.0,0.0016340594404835075,0.003568785818015981
91,0.005,0.0,spare,0.6523883175962277,0.5014890975356426,0.003266883610170384,0.0,0.0
91,0.005,0.0,tight,0.58,0.5014890975356426,0.003266883610170384,0.0,0.0
91,0.005,0.25,spare,0.6538364160912933,0.5188258779591821,0.002450162707627788,0.000816720902542596,0.00076445076477987
91,0.005,0.25,tight,0.58,0.5158643023062531,0.002450162707627788,0.000816720902542596,0.0017837184511530302
91,0.005,0.5,spare,0.6552356838008845,0.535552273564292,0.001633441805085192,0.001633441805085192,0.00152890152955974
91,0.005,0.5,tight,0.58,0.5296946180958809,0.001633441805085192,0.001633441805085192,0.0035674369023060604
91,0.005,0.75,spare,0.6565877673295784,0.5516888669081859,0.000816720902542596,0.002450162707627788,0.00229335229433961
91,0.005,0.75,tight,0.58,0.5429984189012041,0.000816720902542596,0.002450162707627788,0.005351155353459089
91,0.005,1.0,spare,0.6578942577574175,0.567255546491396,0.0,0.003266883610170384,0.00305780305911948
91,0.005,1.0,tight,0.58,0.5557934591362598,0.0,0.003266883610170384,0.007134873804612121
91,0.01,0.0,spare,0.6011455657684677,0.48565176461965925,0.00647631534048234,0.0,0.0
91,0.01,0.0,tight,0.58,0.48565176461965925,0.00647631534048234,0.0,0.0
91,0.01,0.25,spare,0.603968736592621,0.519425942131903,0.004857236505361755,0.001619078835120585,0.001515457789672868
91,0.01,0.25,tight,0.58,0.513618664470355,0.004857236505361755,0.001619078835120585,0.003536068175903358
91,0.01,0.5,spare,0.6066063100457249,0.5508801525060276,0.00323815767024117,0.00323815767024117,0.003030915579345736
91,0.01,0.5,tight,0.58,0.5395145355345631,0.00323815767024117,0.00323815767024117,0.007072136351806716
91,0.01,0.75,spare,0.6090704874383926,0.5801669121247022,0.001619078835120585,0.004857236505361755,0.004546373369018604
91,0.01,0.75,tight,0.58,0.5634755288006867,0.001619078835120585,0.004857236505361755,0.010608204527710075
91,0.01,1.0,spare,0.6113726679579112,0.6074287108290122,0.0,0.00647631534048234,0.006061831158691472
91,0.01,1.0,tight,0.58,0.58,0.0,0.00647631534048234,0.014144272703613433
91,0.02,0.0,spare,0.5653974294818873,0.5048479877226694,0.012560896279830754,0.0,0.0
91,0.02,0.0,tight,0.5653974294818873,0.5048479877226694,0.012560896279830754,0.0,0.0
91,0.02,0.25,spare,0.5707036796959077,0.5682368656684439,0.009420672209873065,0.0031402240699576886,0.0029392497294803976
91,0.02,0.25,tight,0.5701343056043884,0.5572006898851453,0.009420672209873065,0.0031402240699576886,0.006858249368787593
91,0.02,0.5,spare,0.575354278565531,0.6234301018092541,0.006280448139915377,0.006280448139915377,0.005878499458960795
91,0.02,0.5,tight,0.5742858834328597,0.58,0.006280448139915377,0.006280448139915377,0.013716498737575186
91,0.02,0.75,spare,0.5794302397384501,0.6714403667412628,0.0031402240699576886,0.009420672209873065,0.008817749188441191
91,0.02,0.75,tight,0.5779244836453463,0.58,0.0031402240699576886,0.009420672209873065,0.020574748106362777
91,0.02,1.0,spare,0.5830025666470682,0.7131552033695093,0.0,0.012560896279830754,0.01175699891792159
91,0.02,1.0,tight,0.58,0.58,0.0,0.012560896279830754,0.02743299747515037
91,0.03,0.0,spare,0.5323560651215988,0.49913565500080326,0.01863996650296386,0.0,0.0
91,0.03,0.0,tight,0.5323560651215988,0.49913565500080326,0.01863996650296386,0.0,0.0
91,0.03,0.25,spare,0.5399896737741875,0.5901940109964681,0.013979974877222894,0.004659991625740965,0.004361752161693544
91,0.03,0.25,tight,0.5391705682257726,0.5741395220923573,0.013979974877222894,0.004659991625740965,0.01017742171061827
91,0.03,0.5,spare,0.5462663529125047,0.6642907480637388,0.00931998325148193,0.00931998325148193,0.008723504323387088
91,0.03,0.5,tight,0.5447737437903806,0.58,0.00931998325148193,0.00931998325148193,0.02035484342123654
91,0.03,0.75,spare,0.5514273066367993,0.7244409174557288,0.004659991625740965,0.013979974877222894,0.013085256485080634
91,0.03,0.75,tight,0.5493809141046169,0.58,0.004659991625740965,0.013979974877222894,0.030532265131854804
91,0.03,1.0,spare,0.5556708632624217,0.7731236231143143,0.0,0.01863996650296386,0.017447008646774176
91,0.03,1.0,tight,0.5531691263531232,0.58,0.0,0.01863996650296386,0.04070968684247308
92,0.0,0.0,spare,0.6722421247277288,0.502229412413483,0.0,0.0,0.0
92,0.0,0.0,tight,0.58,0.502229412413483,0.0,0.0,0.0
92,0.0,0.25,spare,0.6722421247277288,0.502229412413483,0.0,0.0,0.0
92,0.0,0.25,tight,0.58,0.502229412413483,0.0,0.0,0.0
92,0.0,0.5,spare,0.6722421247277288,0.502229412413483,0.0,0.0,0.0
92,0.0,0.5,tight,0.58,0.502229412413483,0.0,0.0,0.0
92,0.0,0.75,spare,0.6722421247277288,0.502229412413483,0.0,0.0,0.0
92,0.0,0.75,tight,0.58,0.502229412413483,0.0,0.0,0.0
92,0.0,1.0,spare,0.6722421247277288,0.502229412413483,0.0,0.0,0.0
92,0.0,1.0,tight,0.58,0.502229412413483,0.0,0.0,0.0
92,0.0025,0.0,spare,0.6363884138360234,0.47812487940255854,0.001622763054417289,0.0,0.0
92,0.0025,0.0,tight,0.58,0.47812487940255854,0.001622763054417289,0.0,0.0
92,0.0025,0.25,spare,0.6371139385053625,0.4868142112145637,0.0012170722908129666,0.00040569076360432224,0.0003797265547336457
92,0.0025,0.25,tight,0.58,0.4853347762020845,0.0012170722908129666,0.00040569076360432224,0.0008860286277118398
92,0.0025,0.5,spare,0.6378272056754976,0.49535032428651804,0.0008113815272086445,0.0008113815272086445,0.0007594531094672915
92,0.0025,0.5,tight,0.58,0.4924078950205516,0.0008113815272086445,0.0008113815272086445,0.0017720572554236797
92,0.0025,0.75,spare,0.6385284224328214,0.5037358071983328,0.00040569076360432224,0.0012170722908129666,0.001139179664200937
92,0.0025,0.75,tight,0.58,0.49934654667668843,0.00040569076360432224,0.0012170722908129666,0.0026580858831355193
92,0.0025,1.0,spare,0.6392177923650709,0.5119732047967183,0.0,0.001622763054417289,0.001518906218934583
92,0.0025,1.0,tight,0.58,0.506153002948706,0.0,0.001622763054417289,0.0035441145108473593
92,0.005,0.0,spare,0.6452735760786292,0.4956371716822392,0.0032723328183593557,0.0,0.0
92,0.005,0.0,tight,0.58,0.4956371716822392,0.0032723328183593557,0.0,0.0
92,0.005,0.25,spare,0.6467240487637386,0.5130023543666092,0.002454249613769517,0.0008180832045898389,0.0007657258794960894
92,0.005,0.25,tight,0.58,0.5100358941031405,0.002454249613769517,0.0008180832045898389,0.0017866937188242085
92,0.005,0.5,spare,0.6481255304137731,0.5297551491125456,0.0016361664091796779,0.0016361664091796779,0.0015314517589921789
92,0.005,0.5,tight,0.58,0.5238879393629065,0.0016361664091796779,0.0016361664091796779,0.003573387437648417
92,0.005,0.75,spare,0.6494796757455314,0.5459162398800282,0.0008180832045898389,0.002454249613769517,0.0022971776384882684
92,0.005,0.75,tight,0.58,0.5372117719802079,0.0008180832045898389,0.002454249613769517,0.005360081156472626
92,0.005,1.0,spare,0.650788083586246,0.5615056120094637,0.0,0.0032723328183593557,0.0030629035179843577
92,0.005,1.0,tight,0.58,0.550025232817792,0.0,0.0032723328183593557,0.007146774875296834
92,0.01,0.0,spare,0.5809499717123402,0.4964342073998754,0.006324007878043518,0.0,0.0
92,0.01,0.0,tight,0.58,0.4964342073998754,0.006324007878043518,0.0,0.0
92,0.01,0.25,spare,0.5837089288363256,0.5294413536062317,0.004743005908532638,0.0015810019695108794,0.0014798178434621836
92,0.01,0.25,tight,0.58,0.5237677245319081,0.004743005908532638,0.0015810019695108794,0.003452908301411761
92,0.01,0.5,spare,0.5862906354849947,0.560232868871132,0.003162003939021759,0.003162003939021759,0.002959635686924367
92,0.01,0.5,tight,0.58,0.5491233535358752,0.003162003939021759,0.003162003939021759,0.006905816602823522
92,0.01,0.75,spare,0.5887064791970396,0.588951097428231,0.0015810019695108794,0.004743005908532638,0.00443945353038655
92,0.01,0.75,tight,0.58,0.5726281647485262,0.0015810019695108794,0.004743005908532638,0.010358724904235282
92,0.01,1.0,spare,0.5909671159134673,0.615729238540116,0.0,0.006324007878043518,0.005919271373848734
92,0.01,1.0,tight,0.58,0.58,0.0,0.006324007878043518,0.013811633205647045
92,0.02,0.0,spare,0.5417317887169777,0.4801399904237156,0.0127141136808894,0.0,0.0
92,0.02,0.0,tight,0.5417317887169777,0.4801399904237156,0.0127141136808894,0.0,0.0
92,0.02,0.25,spare,0.5470985412115783,0.5442492940048955,0.00953558526066705,0.00317852842022235,0.0029751026013281204
92,0.02,0.25,tight,0.5465226750720684,0.5330841637925824,0.00953558526066705,0.00317852842022235,0.006941906069765613
92,0.02,0.5,spare,0.5517946055462895,0.5999749955874547,0.0063570568404447,0.0063570568404447,0.005950205202656241
92,0.02,0.5,tight,0.5507148398060353,0.5785443168974046,0.0063570568404447,0.0063570568404447,0.013883812139531226
92,0.02,0.75,spare,0.5559037982578838,0.6483648018810574,0.00317852842022235,0.00953558526066705,0.00892530780398436
92,0.02,0.75,tight,0.5543831057289044,0.58,0.00317852842022235,0.00953558526066705,0.020825718209296837
92,0.02,1.0,spare,0.5594994612508739,0.6903354866921059,0.0,0.0127141136808894,0.011900410405312482
92,0.02,1.0,tight,0.5575929449730193,0.58,0.0,0.0127141136808894,0.02776762427906245
92,0.03,0.0,spare,0.5108547222926644,0.4723291188671678,0.018226135705820736,0.0,0.0
92,0.03,0.0,tight,0.5108547222926644,0.4723291188671678,0.018226135705820736,0.0,0.0
92,0.03,0.25,spare,0.5183345655770671,0.5615622441670404,0.013669601779365551,0.004556533926455184,0.004264915755162054
92,0.03,0.25,tight,0.5175319594422281,0.5458431131413363,0.013669601779365551,0.004556533926455184,0.009951470095378123
92,0.03,0.5,spare,0.5245115946019873,0.634510191223379,0.009113067852910368,0.009113067852910368,0.008529831510324107
92,0.03,0.5,tight,0.5230461776030733,0.58,0.009113067852910368,0.009113067852910368,0.019902940190756245
92,0.03,0.75,spare,0.5296127292279317,0.6940094582925226,0.004556533926455184,0.013669601779365551,0.012794747265486161
92,0.03,0.75,tight,0.5275999475597659,0.58,0.004556533926455184,0.013669601779365551,0.02985441028613437
92,0.03,1.0,spare,0.5338253651678034,0.7424024917857576,0.0,0.018226135705820736,0.017059663020648215
92,0.03,1.0,tight,0.5313605569904413,0.58,0.0,0.018226135705820736,0.03980588038151249
93,0.0,0.0,spare,0.6680634927445114,0.48849782099349737,0.0,0.0,0.0
93,0.0,0.0,tight,0.58,0.48849782099349737,0.0,0.0,0.0
93,0.0,0.25,spare,0.6680634927445114,0.48849782099349737,0.0,0.0,0.0
93,0.0,0.25,tight,0.58,0.48849782099349737,0.0,0.0,0.0
93,0.0,0.5,spare,0.6680634927445114,0.48849782099349737,0.0,0.0,0.0
93,0.0,0.5,tight,0.58,0.48849782099349737,0.0,0.0,0.0
93,0.0,0.75,spare,0.6680634927445114,0.48849782099349737,0.0,0.0,0.0
93,0.0,0.75,tight,0.58,0.48849782099349737,0.0,0.0,0.0
93,0.0,1.0,spare,0.6680634927445114,0.48849782099349737,0.0,0.0,0.0
93,0.0,1.0,tight,0.58,0.48849782099349737,0.0,0.0,0.0
93,0.0025,0.0,spare,0.6563440339080098,0.48468131937571635,0.0016437562152260235,0.0,0.0
93,0.0025,0.0,tight,0.58,0.48468131937571635,0.0016437562152260235,0.0,0.0
93,0.0025,0.25,spare,0.6570788636937942,0.4934820527436593,0.0012328171614195177,0.0004109390538065059,0.00038463895436288963
93,0.0025,0.25,tight,0.58,0.4919835870828903,0.0012328171614195177,0.0004109390538065059,0.000897490893513409
93,0.0025,0.5,spare,0.6578011195504134,0.5021256119970355,0.0008218781076130118,0.0008218781076130118,0.0007692779087257793
93,0.0025,0.5,tight,0.58,0.4991455458561962,0.0008218781076130118,0.0008218781076130118,0.001794981787026818
93,0.0025,0.75,spare,0.6585110166347616,0.5106146865970259,0.0004109390538065059,0.0012328171614195177,0.001153916863088669
93,0.0025,0.75,tight,0.58,0.5061695965708163,0.0004109390538065059,0.0012328171614195177,0.002692472680540227
93,0.0025,1.0,spare,0.6592087664221087,0.5189519199845007,0.0,0.0016437562152260235,0.0015385558174515585
93,0.0025,1.0,tight,0.58,0.5130580990197184,0.0,0.0016437562152260235,0.003589963574053636
93,0.005,0.0,spare,0.6583763924225272,0.4947729733449507,0.0033582039540707466,0.0,0.0
93,0.005,0.0,tight,0.58,0.4947729733449507,0.0033582039540707466,0.0,0.0
93,0.005,0.25,spare,0.6598642607575763,0.5125855078078114,0.00251865296555306,0.0008395509885176866,0.0007858197252525549
93,0.005,0.25,tight,0.58,0.5095420976502306,0.00251865296555306,0.0008395509885176866,0.0018335793589226278
93,0.005,0.5,spare,0.6613005793491817,0.5297536704776273,0.0016791019770353733,0.0016791019770353733,0.0015716394505051099
93,0.005,0.5,tight,0.58,0.5237359928883958,0.0016791019770353733,0.0016791019770353733,0.0036671587178452557
93,0.005,0.75,spare,0.6626871342263803,0.5462997867173562,0.0008395509885176866,0.00251865296555306,0.002357459175757665
93,0.005,0.75,tight,0.58,0.537374588854397,0.0008395509885176866,0.00251865296555306,0.005500738076767884
93,0.005,1.0,spare,0.6640256495381776,0.5622454083895696,0.0,0.0033582039540707466,0.0031432789010102198
93,0.005,1.0,tight,0.58,0.5504771248413494,0.0,0.0033582039540707466,0.007334317435690511
93,0.01,0.0,spare,0.5838312192547035,0.4816708382096805,0.006194561335492415,0.0,0.0
93,0.01,0.0,tight,0.58,0.4816708382096805,0.006194561335492415,0.0,0.0
93,0.01,0.25,spare,0.5865355201870073,0.5140250725109731,0.004645921001619311,0.0015486403338731036,0.0014495273525052252
93,0.01,0.25,tight,0.58,0.5084651401059337,0.004645921001619311,0.0015486403338731036,0.0033822304891788584
93,0.01,0.5,spare,0.5890695239059063,0.5442505916447048,0.0030972806677462073,0.0030972806677462073,0.0028990547050104505
93,0.01,0.5,tight,0.58,0.5333591433652732,0.0030972806677462073,0.0030972806677462073,0.006764460978357717
93,0.01,0.75,spare,0.5914439544919,0.5724814466171216,0.0015486403338731036,0.004645921001619311,0.004348582057515676
93,0.01,0.75,tight,0.58,0.5564725149813528,0.0015486403338731036,0.004645921001619311,0.010146691467536577
93,0.01,1.0,spare,0.5936688607008588,0.5988432468766003,0.0,0.006194561335492415,0.005798109410020901
93,0.01,1.0,tight,0.58,0.5779173861905023,0.0,0.006194561335492415,0.013528921956715434
93,0.02,0.0,spare,0.5514329377293077,0.49982514990067484,0.012835544527426315,0.0,0.0
93,0.02,0.0,tight,0.5514329377293077,0.49982514990067484,0.012835544527426315,0.0,0.0
93,0.02,0.25,spare,0.5568475715807235,0.5645045556239537,0.009626658395569736,0.003208886131856579,0.003003517419417759
93,0.02,0.25,tight,0.5562665676503182,0.5532373166013309,0.009626658395569736,0.003208886131856579,0.007008207311974769
93,0.02,0.5,spare,0.5615794963285416,0.6206500975522622,0.006417772263713158,0.006417772263713158,0.006007034838835518
93,0.02,0.5,tight,0.5604907448842125,0.58,0.006417772263713158,0.006417772263713158,0.014016414623949537
93,0.02,0.75,spare,0.565714791979818,0.6693377757737989,0.003208886131856579,0.009626658395569736,0.009010552258253276
93,0.02,0.75,tight,0.5641823128352028,0.58,0.003208886131856579,0.009626658395569736,0.021024621935924307
93,0.02,1.0,spare,0.569328685064519,0.7115079219131435,0.0,0.012835544527426315,0.012014069677671036
93,0.02,1.0,tight,0.5674084260360015,0.58,0.0,0.012835544527426315,0.028032829247899075
93,0.03,0.0,spare,0.504156921115452,0.486903005836229,0.018303811892528467,0.0,0.0
93,0.03,0.0,tight,0.504156921115452,0.486903005836229,0.018303811892528467,0.0,0.0
93,0.03,0.25,spare,0.5116656771724378,0.5764793645657011,0.01372785891939635,0.004575952973132117,0.004283091982851662
93,0.03,0.25,tight,0.5108599686238492,0.5606972183978742,0.01372785891939635,0.004575952973132117,0.009993881293320545
93,0.03,0.5,spare,0.5178615276425357,0.6496444034590723,0.009151905946264234,0.009151905946264234,0.008566183965703324
93,0.03,0.5,tight,0.5163909886411199,0.58,0.009151905946264234,0.009151905946264234,0.01998776258664109
93,0.03,0.75,spare,0.522974033995981,0.7092676408942865,0.004575952973132117,0.01372785891939635,0.012849275948554988
93,0.03,0.75,tight,0.5209549101101418,0.58,0.004575952973132117,0.01372785891939635,0.029981643879961634
93,0.03,1.0,spare,0.5271926188924634,0.7577168601174659,0.0,0.018303811892528467,0.01713236793140665
93,0.03,1.0,tight,0.5247208301593117,0.58,0.0,0.018303811892528467,0.03997552517328218
94,0.0,0.0,spare,0.6514130161736076,0.5011659387974008,0.0,0.0,0.0
94,0.0,0.0,tight,0.58,0.5011659387974008,0.0,0.0,0.0
94,0.0,0.25,spare,0.6514130161736076,0.5011659387974008,0.0,0.0,0.0
94,0.0,0.25,tight,0.58,0.5011659387974008,0.0,0.0,0.0
94,0.0,0.5,spare,0.6514130161736076,0.5011659387974008,0.0,0.0,0.0
94,0.0,0.5,tight,0.58,0.5011659387974008,0.0,0.0,0.0
94,0.0,0.75,spare,0.6514130161736076,0.5011659387974008,0.0,0.0,0.0
94,0.0,0.75,tight,0.58,0.5011659387974008,0.0,0.0,0.0
94,0.0,1.0,spare,0.6514130161736076,0.5011659387974008,0.0,0.0,0.0
94,0.0,1.0,tight,0.58,0.5011659387974008,0.0,0.0,0.0
94,0.0025,0.0,spare,0.6624454348595847,0.4875265579180832,0.0016581244370644675,0.0,0.0
94,0.0025,0.0,tight,0.58,0.4875265579180832,0.0016581244370644675,0.0,0.0
94,0.0025,0.25,spare,0.6631866321076125,0.49640352240015684,0.0012435933277983506,0.00041453110926611687,0.0003880011182730855
94,0.0025,0.25,tight,0.58,0.4948920332937883,0.0012435933277983506,0.00041453110926611687,0.0009053359426371995
94,0.0025,0.5,spare,0.6639150365706066,0.5051205770693101,0.0008290622185322337,0.0008290622185322337,0.000776002236546171
94,0.0025,0.5,tight,0.58,0.5021147575846361,0.0008290622185322337,0.0008290622185322337,0.001810671885274399
94,0.0025,0.75,spare,0.6646308690472132,0.5136804819086204,0.00041453110926611687,0.0012435933277983506,0.0011640033548192565
94,0.0025,0.75,tight,0.58,0.509197194620527,0.00041453110926611687,0.0012435933277983506,0.002716007827911598
94,0.0025,1.0,spare,0.6653343465251773,0.5220859492648977,0.0,0.0016581244370644675,0.001552004473092342
94,0.0025,1.0,tight,0.58,0.5161417657065869,0.0,0.0016581244370644675,0.003621343770548798
94,0.005,0.0,spare,0.6211102806867487,0.48541920346775763,0.0032240051855649977,0.0,0.0
94,0.005,0.0,tight,0.58,0.48541920346775763,0.0032240051855649977,0.0,0.0
94,0.005,0.25,spare,0.622539692547266,0.5025324345108031,0.0024180038891737483,0.0008060012963912494,0.0007544172134222097
94,0.005,0.25,tight,0.58,0.49960930096672845,0.0024180038891737483,0.0008060012963912494,0.001760306831318489
94,0.005,0.5,spare,0.6239215257409851,0.5190509322188692,0.0016120025927824988,0.0016120025927824988,0.0015088344268444193
94,0.005,0.5,tight,0.58,0.5132684815243392,0.0016120025927824988,0.0016120025927824988,0.003520613662636978
94,0.005,0.75,spare,0.6252573639468978,0.5349944925793552,0.0008060012963912494,0.0024180038891737483,0.002263251640266629
94,0.005,0.75,tight,0.58,0.5264144169683873,0.0008060012963912494,0.0024180038891737483,0.005280920493955467
94,0.005,1.0,spare,0.6265487381304728,0.5503822526606217,0.0,0.0032240051855649977,0.0030176688536888386
94,0.005,1.0,tight,0.58,0.5390641909113142,0.0,0.0032240051855649977,0.007041227325273956
94,0.01,0.0,spare,0.6088376959423061,0.5014265784788846,0.006598099690348737,0.0,0.0
94,0.01,0.0,tight,0.58,0.5014265784788846,0.006598099690348737,0.0,0.0
94,0.01,0.25,spare,0.6117121379138718,0.5358131477959152,0.004948574767761553,0.0016495249225871843,0.0015439553275416048
94,0.01,0.25,tight,0.58,0.5298991043670284,0.004948574767761553,0.0016495249225871843,0.003602562430930411
94,0.01,0.5,spare,0.6143941800938975,0.5677947197186942,0.0032990498451743685,0.0032990498451743685,0.0030879106550832096
94,0.01,0.5,tight,0.58,0.5562246951744616,0.0032990498451743685,0.0032990498451743685,0.007205124861860822
94,0.01,0.75,spare,0.6168967006967115,0.5975322719263281,0.0016495249225871843,0.004948574767761553,0.0046318659826248155
94,0.01,0.75,tight,0.58,0.58,0.0016495249225871843,0.004948574767761553,0.010807687292791234
94,0.01,1.0,spare,0.6192317159377653,0.6251760071119574,0.0,0.006598099690348737,0.006175821310166419
94,0.01,1.0,tight,0.58,0.58,0.0,0.006598099690348737,0.014410249723721643
94,0.02,0.0,spare,0.5573855406762763,0.4950399620085426,0.012839120371573292,0.0,0.0
94,0.02,0.0,tight,0.5573855406762763,0.4950399620085426,0.012839120371573292,0.0,0.0
94,0.02,0.25,spare,0.5628015835924643,0.5597361442939434,0.009629340278679968,0.003209780092893323,0.003004354166948151
94,0.02,0.25,tight,0.5622204284658391,0.5484658996551971,0.009629340278679968,0.003209780092893323,0.007010159722879019
94,0.02,0.5,spare,0.5675345620323576,0.6158940206256631,0.006419560185786646,0.006419560185786646,0.006008708333896302
94,0.02,0.5,tight,0.5664455463279795,0.58,0.006419560185786646,0.006419560185786646,0.014020319445758038
94,0.02,0.75,spare,0.5716706232229997,0.6645904313417397,0.003209780092893323,0.009629340278679968,0.009013062500844453
94,0.02,0.75,tight,0.570137797674022,0.58,0.003209780092893323,0.009629340278679968,0.021030479168637057
94,0.02,1.0,spare,0.5752850496122143,0.7067664070399744,0.0,0.012839120371573292,0.012017416667792604
94,0.02,1.0,tight,0.5733643869544088,0.58,0.0,0.012839120371573292,0.028040638891516076
94,0.03,0.0,spare,0.5160451206882064,0.483316166636218,0.01869570163623149,0.0,0.0
94,0.03,0.0,tight,0.5160451206882064,0.483316166636218,0.01869570163623149,0.0,0.0
94,0.03,0.25,spare,0.5236993876037611,0.5746197088977733,0.014021776227173616,0.004673925409057872,0.00437479418287817
94,0.03,0.25,tight,0.5228780653713916,0.5585201220826502,0.014021776227173616,0.004673925409057872,0.010207853093382393
94,0.03,0.5,spare,0.5299893707540737,0.6488697040938026,0.009347850818115745,0.009347850818115745,0.00874958836575634
94,0.03,0.5,tight,0.5284931173938018,0.58,0.009347850818115745,0.009347850818115745,0.020415706186764786
94,0.03,0.75,spare,0.5351582378013956,0.7091057480024481,0.004673925409057872,0.014021776227173616,0.013124382548634508
94,0.03,0.75,tight,0.5331073519114558,0.58,0.004673925409057872,0.014021776227173616,0.030623559280147185
94,0.03,1.0,spare,0.5394058146095405,0.757825663921381,0.0,0.01869570163623149,0.01749917673151268
94,0.03,1.0,tight,0.5368991529667148,0.58,0.0,0.01869570163623149,0.04083141237352957
95,0.0,0.0,spare,0.6511922062879916,0.4759792700428066,0.0,0.0,0.0
95,0.0,0.0,tight,0.58,0.4759792700428066,0.0,0.0,0.0
95,0.0,0.25,spare,0.6511922062879916,0.4759792700428066,0.0,0.0,0.0
95,0.0,0.25,tight,0.58,0.4759792700428066,0.0,0.0,0.0
95,0.0,0.5,spare,0.6511922062879916,0.4759792700428066,0.0,0.0,0.0
95,0.0,0.5,tight,0.58,0.4759792700428066,0.0,0.0,0.0
95,0.0,0.75,spare,0.6511922062879916,0.4759792700428066,0.0,0.0,0.0
95,0.0,0.75,tight,0.58,0.4759792700428066,0.0,0.0,0.0
95,0.0,1.0,spare,0.6511922062879916,0.4759792700428066,0.0,0.0,0.0
95,0.0,1.0,tight,0.58,0.4759792700428066,0.0,0.0,0.0
95,0.0025,0.0,spare,0.611912296283925,0.48556922799442065,0.0015721996037364656,0.0,0.0
95,0.0025,0.0,tight,0.58,0.48556922799442065,0.0015721996037364656,0.0,0.0
95,0.0025,0.25,spare,0.6126154005282574,0.4939901363413006,0.0011791497028023493,0.0003930499009341164,0.0003678947072743331
95,0.0025,0.25,tight,0.58,0.49255654923051,0.0011791497028023493,0.0003930499009341164,0.0008584209836401103
95,0.0025,0.5,spare,0.6133069931393371,0.5022671492725237,0.0007860998018682328,0.0007860998018682328,0.0007357894145486662
95,0.0025,0.5,tight,0.58,0.49941541539360595,0.0007860998018682328,0.0007860998018682328,0.0017168419672802205
95,0.0025,0.75,spare,0.6139872625923459,0.5104026227278597,0.0003930499009341164,0.0011791497028023493,0.0011036841218229993
95,0.0025,0.75,tight,0.58,0.5061479296251724,0.0003930499009341164,0.0011791497028023493,0.0025752629509203312
95,0.0025,1.0,spare,0.6146563942766397,0.5183988740742573,0.0,0.0015721996037364656,0.0014715788290973323
95,0.0025,1.0,tight,0.58,0.5127561606328133,0.0,0.0015721996037364656,0.003433683934560441
95,0.005,0.0,spare,0.6240308202127496,0.47902332926259056,0.003133556530208785,0.0,0.0
95,0.005,0.0,tight,0.58,0.47902332926259056,0.003133556530208785,0.0,0.0
95,0.005,0.25,spare,0.6254207864891953,0.4956646554900937,0.0023501673976565884,0.0007833891325521962,0.000733252228068856
95,0.005,0.25,tight,0.58,0.49282264956533445,0.0023501673976565884,0.0007833891325521962,0.0017109218654939968
95,0.005,0.5,spare,0.626765763797458,0.5117436196153076,0.0015667782651043924,0.0015667782651043924,0.001466504456137712
95,0.005,0.5,tight,0.58,0.5061199506441272,0.0015667782651043924,0.0015667782651043924,0.0034218437309879936
95,0.005,0.75,spare,0.6280672082931957,0.5272784235839602,0.0007833891325521962,0.0023501673976565884,0.0021997566842065675
95,0.005,0.75,tight,0.58,0.5189314813298047,0.0007833891325521962,0.0023501673976565884,0.00513276559648199
95,0.005,1.0,spare,0.6293265290007501,0.5422866802003221,0.0,0.003133556530208785,0.002933008912275424
95,0.005,1.0,tight,0.58,0.5312729645281171,0.0,0.003133556530208785,0.006843687461975987
95,0.01,0.0,spare,0.6172069898403749,0.49435033340298684,0.0065165188214317965,0.0,0.0
95,0.01,0.0,tight,0.58,0.49435033340298684,0.0065165188214317965,0.0,0.0
95,0.01,0.25,spare,0.6200470935586903,0.5283267644777132,0.004887389116073847,0.0016291297053579491,0.0015248654042150408
95,0.01,0.25,tight,0.58,0.5224842315495638,0.004887389116073847,0.0016291297053579491,0.003558019276501761
95,0.01,0.5,spare,0.6226993668669183,0.5599553154263485,0.0032582594107158983,0.0032582594107158983,0.0030497308084300816
95,0.01,0.5,tight,0.58,0.5485221830560091,0.0032582594107158983,0.0032582594107158983,0.007116038553003522
95,0.01,0.75,spare,0.6251762319391951,0.5893912634255941,0.0016291297053579491,0.004887389116073847,0.004574596212645122
95,0.01,0.75,tight,0.58,0.5726028034645638,0.0016291297053579491,0.004887389116073847,0.010674057829505283
95,0.01,1.0,spare,0.6274892894085115,0.6167796163878327,0.0,0.0065165188214317965,0.006099461616860163
95,0.01,1.0,tight,0.58,0.58,0.0,0.0065165188214317965,0.014232077106007044
95,0.02,0.0,spare,0.535887731360405,0.5116598794121168,0.012620801548905663,0.0,0.0
95,0.02,0.0,tight,0.535887731360405,0.5116598794121168,0.012620801548905663,0.0,0.0
95,0.02,0.25,spare,0.5412176484753889,0.5753305757869716,0.009465601161679247,0.003155200387226416,0.0029532675624439264
95,0.02,0.25,tight,0.5406457348654353,0.5642439655792936,0.009465601161679247,0.003155200387226416,0.006890957645702493
95,0.02,0.5,spare,0.5458860525395951,0.630732359027105,0.006310400774452832,0.006310400774452832,0.005906535124887853
95,0.02,0.5,tight,0.5448132073460009,0.58,0.006310400774452832,0.006310400774452832,0.013781915291404986
95,0.02,0.75,spare,0.5499750460523513,0.6788915103741121,0.003155200387226416,0.009465601161679247,0.008859802687331777
95,0.02,0.75,tight,0.5484634414952422,0.58,0.003155200387226416,0.009465601161679247,0.020672872937107477
95,0.02,1.0,spare,0.5535565415093441,0.7207069360240786,0.0,0.012620801548905663,0.011813070249775705
95,0.02,1.0,tight,0.5516606334158664,0.58,0.0,0.012620801548905663,0.02756383058280997
95,0.03,0.0,spare,0.5375232676888716,0.49129019859439627,0.018577161359138616,0.0,0.0
95,0.03,0.0,tight,0.5375232676888716,0.49129019859439627,0.018577161359138616,0.0,0.0
95,0.03,0.25,spare,0.5451335830827134,0.5820720852593807,0.013932871019353962,0.004644290339784654,0.004347055758038437
95,0.03,0.25,tight,0.5443169769599763,0.5660684343811153,0.013932871019353962,0.004644290339784654,0.010143130102089686
95,0.03,0.5,spare,0.5513952374204416,0.655995708722944,0.009288580679569308,0.009288580679569308,0.008694111516076875
95,0.03,0.5,tight,0.5499067399231643,0.58,0.009288580679569308,0.009288580679569308,0.02028626020417937
95,0.03,0.75,spare,0.5565472334963094,0.7160486039132536,0.004644290339784654,0.013932871019353962,0.013041167274115313
95,0.03,0.75,tight,0.5545059137673444,0.58,0.004644290339784654,0.013932871019353962,0.030429390306269056
95,0.03,1.0,spare,0.5607862192553649,0.7646888701434088,0.0,0.018577161359138616,0.01738822303215375
95,0.03,1.0,tight,0.558290045614847,0.58,0.0,0.018577161359138616,0.04057252040835874
96,0.0,0.0,spare,0.6861229059996469,0.48825855857801037,0.0,0.0,0.0
96,0.0,0.0,tight,0.58,0.48825855857801037,0.0,0.0,0.0
96,0.0,0.25,spare,0.6861229059996469,0.48825855857801037,0.0,0.0,0.0
96,0.0,0.25,tight,0.58,0.48825855857801037,0.0,0.0,0.0
96,0.0,0.5,spare,0.6861229059996469,0.48825855857801037,0.0,0.0,0.0
96,0.0,0.5,tight,0.58,0.48825855857801037,0.0,0.0,0.0
96,0.0,0.75,spare,0.6861229059996469,0.48825855857801037,0.0,0.0,0.0
96,0.0,0.75,tight,0.58,0.48825855857801037,0.0,0.0,0.0
96,0.0,1.0,spare,0.6861229059996469,0.48825855857801037,0.0,0.0,0.0
96,0.0,1.0,tight,0.58,0.48825855857801037,0.0,0.0,0.0
96,0.0025,0.0,spare,0.6442280252278356,0.5061064901768315,0.0016491289041196595,0.0,0.0
96,0.0025,0.0,tight,0.58,0.5061064901768315,0.0016491289041196595,0.0,0.0
96,0.0025,0.25,spare,0.6449652361022272,0.5149357299431624,0.0012368466780897447,0.00041228222602991487,0.00038589616356400044
96,0.0025,0.25,tight,0.58,0.5134323942929572,0.0012368466780897447,0.00041228222602991487,0.0009004243816493341
96,0.0025,0.5,spare,0.6456897914281529,0.5236067753536691,0.0008245644520598297,0.0008245644520598297,0.0007717923271280009
96,0.0025,0.5,tight,0.58,0.520617078708429,0.0008245644520598297,0.0008245644520598297,0.0018008487632986683
96,0.0025,0.75,spare,0.6464019084608276,0.5321223420985383,0.00041228222602991487,0.0012368466780897447,0.0011576884906920014
96,0.0025,0.75,tight,0.58,0.5276629677129965,0.00041228222602991487,0.0012368466780897447,0.002701273144948003
96,0.0025,1.0,spare,0.6471018007258902,0.5404850992482582,0.0,0.0016491289041196595,0.0015435846542560018
96,0.0025,1.0,tight,0.58,0.5345724439791222,0.0,0.0016491289041196595,0.0036016975265973365
96,0.005,0.0,spare,0.613684046809958,0.47639360322020197,0.0032266240096455296,0.0,0.0
96,0.005,0.0,tight,0.58,0.47639360322020197,0.0032266240096455296,0.0,0.0
96,0.005,0.25,spare,0.6151146002085133,0.49352049068388504,0.002419968007234147,0.0008066560024113824,0.0007550300182570542
96,0.005,0.25,tight,0.58,0.4905950089426525,0.002419968007234147,0.0008066560024113824,0.0017617367092664594
96,0.005,0.5,spare,0.6164974989166316,0.5100516945171082,0.0016133120048227648,0.0016133120048227648,0.0015100600365141085
96,0.005,0.5,tight,0.58,0.5042646493973751,0.0016133120048227648,0.0016133120048227648,0.003523473418532919
96,0.005,0.75,spare,0.6178343304105466,0.5260070581727873,0.0008066560024113824,0.002419968007234147,0.0022650900547711624
96,0.005,0.75,tight,0.58,0.5174202387845136,0.0008066560024113824,0.002419968007234147,0.005285210127799378
96,0.005,1.0,spare,0.6191266292843768,0.541405764077408,0.0,0.0032266240096455296,0.003020120073028217
96,0.005,1.0,tight,0.58,0.5300789012075926,0.0,0.0032266240096455296,0.007046946837065838
96,0.01,0.0,spare,0.6123817800532011,0.49081901411973106,0.006358000715294277,0.0,0.0
96,0.01,0.0,tight,0.58,0.49081901411973106,0.006358000715294277,0.0,0.0
96,0.01,0.25,spare,0.6151550776558333,0.5239974619852553,0.0047685005364707074,0.0015895001788235692,0.0014877721673788613
96,0.01,0.25,tight,0.58,0.5182939925245738,0.0047685005364707074,0.0015895001788235692,0.0034714683905506757
96,0.01,0.5,spare,0.6177492773730155,0.5549371862826541,0.0031790003576471384,0.0031790003576471384,0.0029755443347577225
96,0.01,0.5,tight,0.58,0.5437704680720289,0.0031790003576471384,0.0031790003576471384,0.006942936781101351
96,0.01,0.75,spare,0.6201759452381018,0.5837827624288531,0.0015895001788235692,0.0047685005364707074,0.004463316502136583
96,0.01,0.75,tight,0.58,0.5673775028704992,0.0015895001788235692,0.0047685005364707074,0.010414405171652026
96,0.01,1.0,spare,0.6224459003569923,0.6106694292476057,0.0,0.006358000715294277,0.005951088669515445
96,0.01,1.0,tight,0.58,0.58,0.0,0.006358000715294277,0.013885873562202703
96,0.02,0.0,spare,0.5769298279148042,0.4712375520866094,0.013017635715729746,0.0,0.0
96,0.02,0.0,tight,0.5769298279148042,0.4712375520866094,0.013017635715729746,0.0,0.0
96,0.02,0.25,spare,0.582416147766312,0.5367704234729762,0.00976322678679731,0.0032544089289324365,0.0030461267574807614
96,0.02,0.25,tight,0.58,0.5253502208817444,0.00976322678679731,0.0032544089289324365,0.007107629100788442
96,0.02,0.5,spare,0.5872015616585927,0.593541970369004,0.006508817857864873,0.006508817857864873,0.006092253514961523
96,0.02,0.5,tight,0.58,0.5716416775014505,0.006508817857864873,0.006508817857864873,0.014215258201576883
96,0.02,0.75,spare,0.5913756139815064,0.6426714976479433,0.0032544089289324365,0.00976322678679731,0.009138380272442284
96,0.02,0.75,tight,0.58,0.58,0.0032544089289324365,0.00976322678679731,0.021322887302365326
96,0.02,1.0,spare,0.5950164093623457,0.6851353131509554,0.0,0.013017635715729746,0.012184507029923046
96,0.02,1.0,tight,0.58,0.58,0.0,0.013017635715729746,0.028430516403153767
96,0.03,0.0,spare,0.5189593651261263,0.49123843909501863,0.018721714352505782,0.0,0.0
96,0.03,0.0,tight,0.5189593651261263,0.49123843909501863,0.018721714352505782,0.0,0.0
96,0.03,0.25,spare,0.5266232695345081,0.5826563630413054,0.014041285764379336,0.0046804285881264455,0.004380881158486355
96,0.03,0.25,tight,0.5258009131747414,0.5665357336662391,0.014041285764379336,0.0046804285881264455,0.010222056036468159
96,0.03,0.5,spare,0.5329194524735156,0.6569777686204121,0.009360857176252891,0.009360857176252891,0.00876176231697271
96,0.03,0.5,tight,0.531421499732812,0.58,0.009360857176252891,0.009360857176252891,0.020444112072936317
96,0.03,0.75,spare,0.5380920012801125,0.7172537475443871,0.0046804285881264455,0.014041285764379336,0.013142643475459063
96,0.03,0.75,tight,0.536039020947643,0.58,0.0046804285881264455,0.014041285764379336,0.030666168109404476
96,0.03,1.0,spare,0.5423414427934566,0.765990885302702,0.0,0.018721714352505782,0.01752352463394542
96,0.03,1.0,tight,0.5398324866205091,0.58,0.0,0.018721714352505782,0.040888224145872634
97,0.0,0.0,spare,0.6705071809878689,0.5199345758853373,0.0,0.0,0.0
97,0.0,0.0,tight,0.58,0.5199345758853373,0.0,0.0,0.0
97,0.0,0.25,spare,0.6705071809878689,0.5199345758853373,0.0,0.0,0.0
97,0.0,0.25,tight,0.58,0.5199345758853373,0.0,0.0,0.0
97,0.0,0.5,spare,0.6705071809878689,0.5199345758853373,0.0,0.0,0.0
97,0.0,0.5,tight,0.58,0.5199345758853373,0.0,0.0,0.0
97,0.0,0.75,spare,0.6705071809878689,0.5199345758853373,0.0,0.0,0.0
97,0.0,0.75,tight,0.58,0.5199345758853373,0.0,0.0,0.0
97,0.0,1.0,spare,0.6705071809878689,0.5199345758853373,0.0,0.0,0.0
97,0.0,1.0,tight,0.58,0.5199345758853373,0.0,0.0,0.0
97,0.0025,0.0,spare,0.6707341663919608,0.48958297076179524,0.001679721117180569,0.0,0.0
97,0.0025,0.0,tight,0.58,0.48958297076179524,0.001679721117180569,0.0,0.0
97,0.0025,0.25,spare,0.6714849326795111,0.498574494614754,0.0012597908378854266,0.00041993027929514224,0.00039305474142025326
97,0.0025,0.25,tight,0.58,0.49704343256688627,0.0012597908378854266,0.00041993027929514224,0.0009171277299805908
97,0.0025,0.5,spare,0.6722225737337687,0.507401953051554,0.0008398605585902845,0.0008398605585902845,0.0007861094828405065
97,0.0025,0.5,tight,0.58,0.5043574335906372,0.0008398605585902845,0.0008398605585902845,0.0018342554599611817
97,0.0025,0.75,spare,0.6729473190159546,0.5160682143374569,0.00041993027929514224,0.0012597908378854266,0.0011791642242607598
97,0.0025,0.75,tight,0.58,0.5115275343261807,0.00041993027929514224,0.0012597908378854266,0.002751383189941772
97,0.0025,1.0,spare,0.6736593939757456,0.5245760965934235,0.0,0.001679721117180569,0.001572218965681013
97,0.0025,1.0,tight,0.58,0.5185562505029583,0.0,0.001679721117180569,0.0036685109199223634
97,0.005,0.0,spare,0.6499887308045393,0.4980608757092396,0.003289267781155259,0.0,0.0
97,0.005,0.0,tight,0.58,0.4980608757092396,0.003289267781155259,0.0,0.0
97,0.005,0.25,spare,0.6514465810927813,0.5155143156514741,0.0024669508358664445,0.0008223169452888148,0.0007696886607903308
97,0.005,0.25,tight,0.58,0.5125326762357688,0.0024669508358664445,0.0008223169452888148,0.0017959402085107718
97,0.005,0.5,spare,0.6528549407079857,0.5323491221807384,0.0016446338905776296,0.0016446338905776296,0.0015393773215806616
97,0.005,0.5,tight,0.58,0.5264522242818672,0.0016446338905776296,0.0016446338905776296,0.0035918804170215436
97,0.005,0.75,spare,0.6542154897449726,0.5485862964822834,0.0008223169452888148,0.0024669508358664445,0.0023090659823709926
97,0.005,0.75,tight,0.58,0.5398382675524009,0.0008223169452888148,0.0024669508358664445,0.005387820625532315
97,0.005,1.0,spare,0.6555298512631968,0.5642461267992966,0.0,0.003289267781155259,0.003078754643161323
97,0.005,1.0,tight,0.58,0.5527089173106629,0.0,0.003289267781155259,0.007183760834043087
97,0.01,0.0,spare,0.6140432047030739,0.49931598372783315,0.006377405178491192,0.0,0.0
97,0.01,0.0,tight,0.58,0.49931598372783315,0.006377405178491192,0.0,0.0
97,0.01,0.25,spare,0.6168246861265847,0.5325921887099511,0.004783053883868394,0.001594351294622798,0.0014923128117669395
97,0.01,0.25,tight,0.58,0.5268716882478242,0.004783053883868394,0.001594351294622798,0.0034820632274561916
97,0.01,0.5,spare,0.6194260110926315,0.5636164379737686,0.003188702589245596,0.003188702589245596,0.002984625623533879
97,0.01,0.5,tight,0.58,0.5524170776034901,0.003188702589245596,0.003188702589245596,0.006964126454912383
97,0.01,0.75,spare,0.621858848328854,0.5925345906147824,0.001594351294622798,0.004783053883868394,0.004476938435300819
97,0.01,0.75,tight,0.58,0.5760823598398429,0.001594351294622798,0.004783053883868394,0.010446189682368575
97,0.01,1.0,spare,0.6241341107797984,0.6194830584398215,0.0,0.006377405178491192,0.005969251247067758
97,0.01,1.0,tight,0.58,0.58,0.0,0.006377405178491192,0.013928252909824766
97,0.02,0.0,spare,0.5806784621830383,0.49667057433526074,0.012791710249936857,0.0,0.0
97,0.02,0.0,tight,0.58,0.49667057433526074,0.012791710249936857,0.0,0.0
97,0.02,0.25,spare,0.5860758187959265,0.5611442717978766,0.009593782687452642,0.0031979275624842143,0.002993260198485226
97,0.02,0.25,tight,0.58,0.5499138827131613,0.009593782687452642,0.0031979275624842143,0.006984273796465525
97,0.02,0.5,spare,0.5907948161873473,0.6171384789921528,0.006395855124968429,0.006395855124968429,0.005986520396970452
97,0.02,0.5,tight,0.58,0.58,0.006395855124968429,0.006395855124968429,0.01396854759293105
97,0.02,0.75,spare,0.5949207129878409,0.6657189287998361,0.0031979275624842143,0.009593782687452642,0.008979780595455676
97,0.02,0.75,tight,0.58,0.58,0.0031979275624842143,0.009593782687452642,0.020952821389396574
97,0.02,1.0,spare,0.5985280522161418,0.7078174089551124,0.0,0.012791710249936857,0.011973040793940903
97,0.02,1.0,tight,0.58,0.58,0.0,0.012791710249936857,0.0279370951858621
97,0.03,0.0,spare,0.491041086794174,0.4874351020878067,0.018142427136554933,0.0,0.0
97,0.03,0.0,tight,0.491041086794174,0.4874351020878067,0.018142427136554933,0.0,0.0
97,0.03,0.25,spare,0.4984897455108045,0.5762980080957338,0.013606820352416199,0.004535606784138733,0.004245327949953855
97,0.03,0.25,tight,0.49769048555909456,0.560646821432754,0.013606820352416199,0.004535606784138733,0.009905765216558995
97,0.03,0.5,spare,0.5046464305715846,0.6490112434055321,0.009071213568277467,0.009071213568277467,0.00849065589990771
97,0.03,0.5,tight,0.5031865427146941,0.58,0.009071213568277467,0.009071213568277467,0.01981153043311799
97,0.03,0.75,spare,0.5097352354664854,0.7083759766418369,0.004535606784138733,0.013606820352416199,0.012735983849861566
97,0.03,0.75,tight,0.5077293059517217,0.58,0.004535606784138733,0.013606820352416199,0.02971729564967698
97,0.03,1.0,spare,0.5139413845552749,0.7567075123017533,0.0,0.018142427136554933,0.01698131179981542
97,0.03,1.0,tight,0.5114841245868706,0.58,0.0,0.018142427136554933,0.03962306086623598
98,0.0,0.0,spare,0.6855840078090397,0.480156367933371,0.0,0.0,0.0
98,0.0,0.0,tight,0.58,0.480156367933371,0.0,0.0,0.0
98,0.0,0.25,spare,0.6855840078090397,0.480156367933371,0.0,0.0,0.0
98,0.0,0.25,tight,0.58,0.480156367933371,0.0,0.0,0.0
98,0.0,0.5,spare,0.6855840078090397,0.480156367933371,0.0,0.0,0.0
98,0.0,0.5,tight,0.58,0.480156367933371,0.0,0.0,0.0
98,0.0,0.75,spare,0.6855840078090397,0.480156367933371,0.0,0.0,0.0
98,0.0,0.75,tight,0.58,0.480156367933371,0.0,0.0,0.0
98,0.0,1.0,spare,0.6855840078090397,0.480156367933371,0.0,0.0,0.0
98,0.0,1.0,tight,0.58,0.480156367933371,0.0,0.0,0.0
98,0.0025,0.0,spare,0.6255109400585624,0.4627758531324693,0.001624137124887276,0.0,0.0
98,0.0025,0.0,tight,0.58,0.4627758531324693,0.001624137124887276,0.0,0.0
98,0.0025,0.25,spare,0.62623707384069,0.47147247732184006,0.001218102843665457,0.000406034281221819,0.0003800480872236227
98,0.0025,0.25,tight,0.58,0.4699917966075566,0.001218102843665457,0.000406034281221819,0.0008867788701884527
98,0.0025,0.5,spare,0.6269509295334559,0.4800156253941902,0.000812068562443638,0.000812068562443638,0.0007600961744472454
98,0.0025,0.5,tight,0.58,0.4770707323418163,0.000812068562443638,0.000812068562443638,0.0017735577403769054
98,0.0025,0.75,spare,0.627652714745268,0.48840789245461735,0.000406034281221819,0.001218102843665457,0.001140144261670868
98,0.0025,0.75,tight,0.58,0.4840149769789942,0.000406034281221819,0.001218102843665457,0.0026603366105653584
98,0.0025,1.0,spare,0.628342633574114,0.49665182972796895,0.0,0.001624137124887276,0.0015201923488944908
98,0.0025,1.0,tight,0.58,0.49082680799104794,0.0,0.001624137124887276,0.003547115480753811
98,0.005,0.0,spare,0.6605495604696109,0.4829683274114529,0.0033319984937422347,0.0,0.0
98,0.005,0.0,tight,0.58,0.4829683274114529,0.0033319984937422347,0.0,0.0
98,0.005,0.25,spare,0.6620260202765178,0.5006443873502535,0.0024989988703066762,0.0008329996234355587,0.0007796876475356831
98,0.005,0.25,tight,0.58,0.4976244553459641,0.0024989988703066762,0.0008329996234355587,0.0018192711775832603
98,0.005,0.5,spare,0.663451717845128,0.5176859193103459,0.0016659992468711173,0.0016659992468711173,0.0015593752950713662
98,0.005,0.5,tight,0.58,0.5117141417614797,0.0016659992468711173,0.0016659992468711173,0.0036385423551665206
98,0.005,0.75,spare,0.6648283984344895,0.5341147390298291,0.0008329996234355587,0.0024989988703066762,0.0023390629426070495
98,0.005,0.75,tight,0.58,0.5252568615121292,0.0008329996234355587,0.0024989988703066762,0.005457813532749782
98,0.005,1.0,spare,0.6661577472998118,0.5499519121988217,0.0,0.0033319984937422347,0.0031187505901427324
98,0.005,1.0,tight,0.58,0.5382714198861115,0.0,0.0033319984937422347,0.007277084710333041
98,0.01,0.0,spare,0.5529088390843827,0.482260420932481,0.006259164736782908,0.0,0.0
98,0.01,0.0,tight,0.5529088390843827,0.482260420932481,0.006259164736782908,0.0,0.0
98,0.01,0.25,spare,0.5556404267858254,0.5149406226521068,0.004694373552587181,0.001564791184195727,0.0014646445484072011
98,0.01,0.25,tight,0.5553473205048955,0.5093239347426085,0.004694373552587181,0.001564791184195727,0.0034175039462834684
98,0.01,0.5,spare,0.5581982632910433,0.5454489344189241,0.003129582368391454,0.003129582368391454,0.0029292890968144023
98,0.01,0.5,tight,0.557630694672743,0.5344486078944166,0.003129582368391454,0.003129582368391454,0.006835007892566937
98,0.01,0.75,spare,0.5605934005893882,0.5739235060998289,0.001564791184195727,0.004694373552587181,0.004393933645221603
98,0.01,0.75,tight,0.5597688276708184,0.5577577664240764,0.001564791184195727,0.004694373552587181,0.010252511838850405
98,0.01,1.0,spare,0.5628361876737935,0.6004937001064876,0.0,0.006259164736782908,0.0058585781936288045
98,0.01,1.0,tight,0.561770958018894,0.5793668918287386,0.0,0.006259164736782908,0.013670015785133873
98,0.02,0.0,spare,0.5565923851130901,0.49278783829115597,0.012524164288959241,0.0,0.0
98,0.02,0.0,tight,0.5565923851130901,0.49278783829115597,0.012524164288959241,0.0,0.0
98,0.02,0.25,spare,0.5618841161778183,0.5560038221566439,0.00939312321671943,0.0031310410722398103,0.002930654443616463
98,0.02,0.25,tight,0.5613163000278028,0.5449985810232941,0.00939312321671943,0.0031310410722398103,0.006838193701771746
98,0.02,0.5,spare,0.5665237790220408,0.6110689532658066,0.0062620821444796205,0.0062620821444796205,0.005861308887232926
98,0.02,0.5,tight,0.5654581152941056,0.58,0.0062620821444796205,0.0062620821444796205,0.013676387403543492
98,0.02,0.75,spare,0.5705917240942195,0.658987612224425,0.0031310410722398103,0.00939312321671943,0.00879196333084939
98,0.02,0.75,tight,0.5690895595537704,0.58,0.0031310410722398103,0.00939312321671943,0.02051458110531524
98,0.02,1.0,spare,0.5741584007398881,0.7006404158516651,0.0,0.012524164288959241,0.011722617774465852
98,0.02,1.0,tight,0.5722735227590692,0.58,0.0,0.012524164288959241,0.027352774807086984
98,0.03,0.0,spare,0.5123389804017007,0.4821389795812188,0.01865938387466619,0.0,0.0
98,0.03,0.0,tight,0.5123389804017007,0.4821389795812188,0.01865938387466619,0.0,0.0
98,0.03,0.25,spare,0.5199797874878818,0.5732827723318108,0.013994537905999641,0.004664845968666547,0.00436629582667189
98,0.03,0.25,tight,0.519159909529305,0.5572125700807049,0.013994537905999641,0.004664845968666547,0.01018802359556774
98,0.03,0.5,spare,0.5262611047052049,0.6474329417216784,0.009329691937333094,0.009329691937333094,0.00873259165334378
98,0.03,0.5,tight,0.524767225495291,0.58,0.009329691937333094,0.009329691937333094,0.02037604719113548
98,0.03,0.75,spare,0.5314248191583545,0.7076130765593753,0.004664845968666547,0.013994537905999641,0.013098887480015668
98,0.03,0.75,tight,0.5293768603051815,0.58,0.004664845968666547,0.013994537905999641,0.030564070786703222
98,0.03,1.0,spare,0.5356697802120851,0.7563087939043373,0.0,0.01865938387466619,0.01746518330668756
98,0.03,1.0,tight,0.533166326283102,0.58,0.0,0.01865938387466619,0.04075209438227096
99,0.0,0.0,spare,0.6764134255449641,0.5054298479287552,0.0,0.0,0.0
99,0.0,0.0,tight,0.58,0.5054298479287552,0.0,0.0,0.0
99,0.0,0.25,spare,0.6764134255449641,0.5054298479287552,0.0,0.0,0.0
99,0.0,0.25,tight,0.58,0.5054298479287552,0.0,0.0,0.0
99,0.0,0.5,spare,0.6764134255449641,0.5054298479287552,0.0,0.0,0.0
99,0.0,0.5,tight,0.58,0.5054298479287552,0.0,0.0,0.0
99,0.0,0.75,spare,0.6764134255449641,0.5054298479287552,0.0,0.0,0.0
99,0.0,0.75,tight,0.58,0.5054298479287552,0.0,0.0,0.0
99,0.0,1.0,spare,0.6764134255449641,0.5054298479287552,0.0,0.0,0.0
99,0.0,1.0,tight,0.58,0.5054298479287552,0.0,0.0,0.0
99,0.0025,0.0,spare,0.6592170314393544,0.48786463344374176,0.0016517180399031604,0.0,0.0
99,0.0025,0.0,tight,0.58,0.48786463344374176,0.0016517180399031604,0.0,0.0
99,0.0025,0.25,spare,0.6599553897287834,0.496707610040268,0.0012387885299273702,0.0004129295099757901,0.00038650202133733966
99,0.0025,0.25,tight,0.58,0.4952019275729416,0.0012387885299273702,0.0004129295099757901,0.0009018380497871256
99,0.0025,0.5,spare,0.66068105304421,0.5053918994617613,0.0008258590199515802,0.0008258590199515802,0.0007730040426746793
99,0.0025,0.5,tight,0.58,0.5023975620630287,0.0008258590199515802,0.0008258590199515802,0.0018036760995742511
99,0.0025,0.75,spare,0.6613942396568542,0.513920230098477,0.0004129295099757901,0.0012387885299273702,0.0011595060640120188
99,0.0025,0.75,tight,0.58,0.5094539725410713,0.0004129295099757901,0.0012387885299273702,0.002705514149361377
99,0.0025,1.0,spare,0.6620951640850872,0.5222952834300523,0.0,0.0016517180399031604,0.0015460080853493586
99,0.0025,1.0,tight,0.58,0.516373552757148,0.0,0.0016517180399031604,0.0036073521991485022
99,0.005,0.0,spare,0.6321054927344485,0.4945369783147268,0.003362587778882405,0.0,0.0
99,0.005,0.0,tight,0.58,0.4945369783147268,0.003362587778882405,0.0,0.0
99,0.005,0.25,spare,0.6335952692579753,0.5123723393185533,0.0025219408341618037,0.0008406469447206012,0.000786845540258483
99,0.005,0.25,tight,0.58,0.5093250019894047,0.0025219408341618037,0.0008406469447206012,0.0018359729272697932
99,0.005,0.5,spare,0.6350333637283619,0.5295616746581275,0.0016812938894412025,0.0016812938894412025,0.001573691080516966
99,0.005,0.5,tight,0.58,0.5235363201903314,0.0016812938894412025,0.0016812938894412025,0.0036719458545395865
99,0.005,0.75,spare,0.6364215690551989,0.5461273957033314,0.0008406469447206012,0.0025219408341618037,0.002360536620775449
99,0.005,0.75,tight,0.58,0.5371909394906204,0.0008406469447206012,0.0025219408341618037,0.00550791878180938
99,0.005,1.0,spare,0.6377616159499905,0.5620911363479679,0.0,0.003362587778882405,0.003147382161033932
99,0.005,1.0,tight,0.58,0.5503081724124596,0.0,0.003362587778882405,0.007343891709079173
99,0.01,0.0,spare,0.6230969449713878,0.4814888674059999,0.006478846251757502,0.0,0.0
99,0.01,0.0,tight,0.58,0.4814888674059999,0.006478846251757502,0.0,0.0
99,0.01,0.25,spare,0.6259211819750932,0.5152757799294061,0.004859134688818127,0.0016197115629393755,0.001516050022911256
99,0.01,0.25,tight,0.58,0.509466282576451,0.004859134688818127,0.0016197115629393755,0.0035374500534595963
99,0.01,0.5,spare,0.6285596813983892,0.5467409726976954,0.003239423125878751,0.003239423125878751,0.003032100045822512
99,0.01,0.5,tight,0.58,0.5353711044036609,0.003239423125878751,0.003239423125878751,0.0070749001069191925
99,0.01,0.75,spare,0.6310246583807033,0.5760371349537107,0.0016197115629393755,0.004859134688818127,0.004548150068733768
99,0.01,0.75,tight,0.58,0.559339638187872,0.0016197115629393755,0.004859134688818127,0.010612350160378791
99,0.01,1.0,spare,0.6333275247257519,0.6033069142439061,0.0,0.006478846251757502,0.006064200091645024
99,0.01,1.0,tight,0.58,0.58,0.0,0.006478846251757502,0.014149800213838385
99,0.02,0.0,spare,0.563762392270542,0.49046247129136716,0.012843170416638867,0.0,0.0
99,0.02,0.0,tight,0.563762392270542,0.49046247129136716,0.012843170416638867,0.0,0.0
99,0.02,0.25,spare,0.5691800310469303,0.5551776541187249,0.009632377812479151,0.0032107926041597167,0.003005301877493496
99,0.02,0.25,tight,0.5685987046804623,0.5439040053678851,0.009632377812479151,0.0032107926041597167,0.0070123710474848215
99,0.02,0.5,spare,0.5739142027519829,0.6113494985543912,0.006421585208319433,0.006421585208319433,0.006010603754986992
99,0.02,0.5,tight,0.5728248877673873,0.58,0.006421585208319433,0.006421585208319433,0.014024742094969643
99,0.02,0.75,spare,0.5780511307861301,0.6600557971037365,0.0032107926041597167,0.009632377812479151,0.009015905632480488
99,0.02,0.75,tight,0.5765179129424306,0.58,0.0032107926041597167,0.009632377812479151,0.02103711314245447
99,0.02,1.0,spare,0.5816661609595067,0.7022383723934522,0.0,0.012843170416638867,0.012021207509973984
99,0.02,1.0,tight,0.5797450412194093,0.58,0.0,0.012843170416638867,0.028049484189939286
99,0.03,0.0,spare,0.5215264318261497,0.4854905633858233,0.018640808692801103,0.0,0.0
99,0.03,0.0,tight,0.5215264318261497,0.4854905633858233,0.018640808692801103,0.0,0.0
99,0.03,0.25,spare,0.5291603527269115,0.576552625411231,0.013980606519600827,0.004660202173200276,0.004361949234115459
99,0.03,0.25,tight,0.5283412136734765,0.5604974549311402,0.013980606519600827,0.004660202173200276,0.010177881546269404
99,0.03,0.5,spare,0.5354372331023592,0.6506516808702125,0.009320404346400551,0.009320404346400551,0.008723898468230918
99,0.03,0.5,tight,0.5339445688819612,0.58,0.009320404346400551,0.009320404346400551,0.02035576309253881
99,0.03,0.75,spare,0.5405983066528789,0.7108031510175927,0.004660202173200276,0.013980606519600827,0.013085847702346377
99,0.03,0.75,tight,0.5385518461647649,0.58,0.004660202173200276,0.013980606519600827,0.03053364463880821
99,0.03,1.0,spare,0.5448419242782943,0.7594864221011685,0.0,0.018640808692801103,0.017447796936461837
99,0.03,1.0,tight,0.542340112867632,0.58,0.0,0.018640808692801103,0.04071152618507762
