rep,stress,breadth,unit_share,unit_acceptance,total_completion
0,0.1,0.4,0.02143055425235099,0.07848713111595362,0.9133740005841158
0,0.1,0.6,0.038778423708087616,0.14478337623820084,0.8909818437770607
0,0.1,0.8,0.05964921261538875,0.2522211007765755,0.8866481451362641
0,0.1,1.0,0.09575092431310678,0.39521927048521394,0.8643052961326964
0,0.3,0.4,0.06733011204073824,0.14978957600855017,0.7242802786826525
0,0.3,0.6,0.12347138925829483,0.26959848142700665,0.7381596241646338
0,0.3,0.8,0.21921011629780843,0.3891018326826679,0.7883630648591884
0,0.3,1.0,0.228753706908972,0.5698567699533563,0.9016812349304697
0,0.5,0.4,0.14124150607093072,0.2439647316464942,0.631253376748966
0,0.5,0.6,0.32610371744527217,0.38600300878181065,0.6656418463386046
0,0.5,0.8,0.36134970690870255,0.5470337264717317,0.7354773957262074
0,0.5,1.0,0.43828997696947813,0.7196105887937421,0.879802254086933
0,0.7,0.4,0.4186076300382195,0.33804149845321085,0.4884833644965781
0,0.7,0.6,0.41353548145700825,0.49286431218939625,0.6743061443139583
0,0.7,0.8,0.5841998102294701,0.6448216212657244,0.8132171743086716
0,0.7,1.0,0.6501903478985441,0.8095516019478253,0.8990093238608577
0,0.9,0.4,0.6403267950712578,0.41689013719198104,0.4199161160888904
0,0.9,0.6,0.604542710002183,0.5695817421711158,0.6605796697515153
0,0.9,0.8,0.7415957373269704,0.7180911752415977,0.7774009031903817
0,0.9,1.0,0.7760793956458375,0.8583983143413281,0.8872434277708032
1,0.1,0.4,0.011145153014955427,0.07539355433129634,0.9291161682211938
1,0.1,0.6,0.03722921822033429,0.14545896869767252,0.8783302583286867
1,0.1,0.8,0.060523513072812785,0.2385071125894644,0.8474419064600975
1,0.1,1.0,0.05367742482161879,0.37766301669531466,0.9108804124408875
1,0.3,0.4,0.06753594477167446,0.1433180222756644,0.7101727093127652
1,0.3,0.6,0.13262236283831322,0.2548407702082434,0.7455934032293218
1,0.3,0.8,0.13831147492001342,0.4039690144647921,0.8900889781258392
1,0.3,1.0,0.25224781824157705,0.5570955621366122,0.8855337000520196
1,0.5,0.4,0.17763747141432598,0.23993659048723137,0.6622990906301381
1,0.5,0.6,0.25860900808674747,0.37998467264469715,0.7024104142197914
1,0.5,0.8,0.3625622754319779,0.5386061244978148,0.7575356496075097
1,0.5,1.0,0.44493224783363744,0.7113329784599978,0.8230074099893248
1,0.7,0.4,0.3661347131202254,0.3338745698742333,0.5393863501550725
1,0.7,0.6,0.3824385269459231,0.501989508997707,0.6370114282214521
1,0.7,0.8,0.5259584742220492,0.6527230325943827,0.7766514359958727
1,0.7,1.0,0.609701839371392,0.8083506397918507,0.9736437033127293
1,0.9,0.4,0.6013415698488573,0.4241898608582348,0.4786060589653944
1,0.9,0.6,0.5725973175410323,0.5663776257756559,0.6524613950546897
1,0.9,0.8,0.7278283442033797,0.7192895849569952,0.8184550053613461
1,0.9,1.0,0.7999450133687084,0.8602973709940152,0.9214429150410487
2,0.1,0.4,0.026618903744781566,0.0827791122307725,0.8537907139149685
2,0.1,0.6,0.045693672001774446,0.14458231308099828,0.9125576529307421
2,0.1,0.8,0.04305079096451174,0.24128776944326036,0.9403163647501396
2,0.1,1.0,0.11019502208157728,0.3847171190480811,0.9327077139246517
2,0.3,0.4,0.06201419449673509,0.15347131458587032,0.7974274161077509
2,0.3,0.6,0.11904318304528365,0.2444782549686417,0.724521708995538
2,0.3,0.8,0.18491615699906847,0.38966695733535384,0.8147763345048417
2,0.3,1.0,0.26206148709097893,0.5700771054554895,0.9175294271803756
2,0.5,0.4,0.18851941900001143,0.24039795910469466,0.5536337748192586
2,0.5,0.6,0.2879511405928802,0.3809657178147879,0.6738002337890652
2,0.5,0.8,0.38398796973370003,0.5449068111921436,0.8354348211671875
2,0.5,1.0,0.43348338146444654,0.7149257208418317,0.9158964781462292
2,0.7,0.4,0.35217242968507484,0.3425739061809992,0.5467227702534431
2,0.7,0.6,0.37744645795967013,0.49729455569465114,0.6791715040767898
2,0.7,0.8,0.5495896532572666,0.6467818518757694,0.7798688886670413
2,0.7,1.0,0.595833391408279,0.8062511692993909,0.9058012909286816
2,0.9,0.4,0.5352545449302969,0.4266911795289335,0.498171338027547
2,0.9,0.6,0.611992454723929,0.5685102463415165,0.6206509804953098
2,0.9,0.8,0.6897100336628573,0.714754395954223,0.8029594334604119
2,0.9,1.0,0.7628239078318997,0.8597886878344165,0.9696777501174931
3,0.1,0.4,0.019668715804751633,0.08186323744861142,0.9047429935130687
3,0.1,0.6,0.04046546411454327,0.14504570087861404,0.879511253786375
3,0.1,0.8,0.06530320940918996,0.24042220510599274,0.9492820253765945
3,0.1,1.0,0.07518941960338833,0.38882997095879884,0.9393763510754538
3,0.3,0.4,0.07302452599998914,0.15423439503660805,0.794929794113452
3,0.3,0.6,0.12045822646497456,0.2520173746938367,0.7521357672434167
3,0.3,0.8,0.1853650352139684,0.4035966312391619,0.8751838575773374
3,0.3,1.0,0.29822311126736845,0.5715457123377131,0.907789503403015
3,0.5,0.4,0.17676309344404026,0.24755019706901563,0.6813886810007512
3,0.5,0.6,0.2917897162115985,0.38304887542418525,0.6754223596359762
3,0.5,0.8,0.3443312518655856,0.5439333018497505,0.7610648161451781
3,0.5,1.0,0.40472702085729007,0.7104690691831477,0.9055251483468651
3,0.7,0.4,0.31218786864994885,0.3437390921034001,0.5467106406431885
3,0.7,0.6,0.4501363815976345,0.49097837209313655,0.5748257015650975
3,0.7,0.8,0.5678243170290923,0.6550803517212522,0.796965995816115
3,0.7,1.0,0.5830520784396371,0.8083894693965822,0.8810926656327431
3,0.9,0.4,0.569976642953126,0.42293667172618116,0.5222698178866199
3,0.9,0.6,0.7242394968744191,0.5703444286750186,0.5845149806613208
3,0.9,0.8,0.809168818665569,0.7149612120519029,0.8640656894723514
3,0.9,1.0,0.6996649267351671,0.861969385284306,0.913049589754723
4,0.1,0.4,0.01310901164343456,0.08142992003010417,0.9026754307643788
4,0.1,0.6,0.03637778186934844,0.14273124521945285,0.8831381268385035
4,0.1,0.8,0.047064808994882724,0.24500067088056293,0.9848954010120624
4,0.1,1.0,0.11586827476429985,0.38687813137914295,0.9074372458469724
4,0.3,0.4,0.0828500976541103,0.1473793783053158,0.6346858892162375
4,0.3,0.6,0.15927297272616583,0.2597864888775892,0.7759336536968251
4,0.3,0.8,0.1714395829433656,0.39947528515240704,0.8216067726393176
4,0.3,1.0,0.2613547736035817,0.5620372061814183,0.9200415539180764
4,0.5,0.4,0.16641215605461912,0.2497416466554777,0.6467584703225261
4,0.5,0.6,0.23754790876005008,0.38786598332743366,0.759692888244305
4,0.5,0.8,0.3042844970716873,0.5485219878883378,0.7869272376758664
4,0.5,1.0,0.45829732958321395,0.716707889727539,0.8771504400504018
4,0.7,0.4,0.3256545270187024,0.34389553952887786,0.567601409253403
4,0.7,0.6,0.5618265797491516,0.49512644848478277,0.582620449705172
4,0.7,0.8,0.5389031275250379,0.6559006353188269,0.7950983475617595
4,0.7,1.0,0.6235119008659539,0.8092531044460607,0.902456097603221
4,0.9,0.4,0.6434329802415183,0.4273851047280192,0.46032040021958975
4,0.9,0.6,0.6997445196795508,0.5692006086566207,0.6294461788460732
4,0.9,0.8,0.6611980018861352,0.7138583004359481,0.7854815452828681
4,0.9,1.0,0.8207186158542932,0.8618462609960386,0.9871783933118841
5,0.1,0.4,0.018872815512274533,0.08700133698351187,0.8884433391616884
5,0.1,0.6,0.05347297306472024,0.15111849788721204,0.8406513594576659
5,0.1,0.8,0.062036436823811235,0.25795272674893427,0.8750099028953333
5,0.1,1.0,0.07473121260717033,0.3782294585485435,0.9299720394728928
5,0.3,0.4,0.06352762758410417,0.1495804223563704,0.7362223563314657
5,0.3,0.6,0.10844665866957626,0.25032502642196947,0.7584866375969265
5,0.3,0.8,0.20413709528862156,0.385998185991961,0.8055739573033192
5,0.3,1.0,0.25013187111030644,0.564814843271223,0.8711163642711865
5,0.5,0.4,0.15852771792704345,0.24740387110120687,0.6173399128189828
5,0.5,0.6,0.2604503276454218,0.3805315166972014,0.6744320638234759
5,0.5,0.8,0.3499605906077515,0.5357518133466886,0.8067035114496053
5,0.5,1.0,0.41775459977479684,0.7197618670101343,0.8680092413069215
5,0.7,0.4,0.280773770685273,0.34527201868505203,0.5450123091675521
5,0.7,0.6,0.49256542263061187,0.4940430584241425,0.6011416650509251
5,0.7,0.8,0.5267978868519824,0.6527175836314719,0.8403423609562981
5,0.7,1.0,0.6659343713333614,0.8067806099759381,0.874500383292947
5,0.9,0.4,0.5479365808214656,0.4269649484886898,0.45857145200605787
5,0.9,0.6,0.7502771539536286,0.5691122675464432,0.582616798631958
5,0.9,0.8,0.6881455936692072,0.7177354313242434,0.7572491528973021
5,0.9,1.0,0.7556521407415184,0.8609603668672808,0.9081207554239068
6,0.1,0.4,0.01851025464333941,0.07887014142857386,0.890873678093026
6,0.1,0.6,0.04296020122086172,0.14310831742255267,0.8624892473118894
6,0.1,0.8,0.04030101463836009,0.2502569340938429,0.930577598222972
6,0.1,1.0,0.08869397397523641,0.3942185207178115,0.9577302121798026
6,0.3,0.4,0.07901965233185024,0.14287747017155678,0.6226591787053103
6,0.3,0.6,0.11950821255218609,0.25429450389207153,0.7306046247372211
6,0.3,0.8,0.20064961358420533,0.40258850488718717,0.8324381764228358
6,0.3,1.0,0.22622933258972314,0.5769321976320649,0.9240125338885279
6,0.5,0.4,0.20671637124017522,0.23985194259330136,0.6160924121055339
6,0.5,0.6,0.23855671058994826,0.3779443334952927,0.7377267713323904
6,0.5,0.8,0.3449326270701148,0.5452828556766562,0.782736421621768
6,0.5,1.0,0.42043543634295394,0.7152594917934693,0.8737662208045232
6,0.7,0.4,0.38640743712761927,0.3505060817811982,0.5460843895645882
6,0.7,0.6,0.4310619797571389,0.4882303806496589,0.6520869305785113
6,0.7,0.8,0.5555051874393944,0.6515057340937964,0.7232234342324833
6,0.7,1.0,0.6225288185691985,0.8128844684368776,0.9111219282398724
6,0.9,0.4,0.5727053340485964,0.4201424641789349,0.45805445202449785
6,0.9,0.6,0.7095321276881426,0.5745685171780462,0.6114934333555357
6,0.9,0.8,0.7584636270688673,0.7147652276907924,0.7629219443163069
6,0.9,1.0,0.7772973916629209,0.8589221443070875,0.9481425434647187
7,0.1,0.4,0.019910441625386233,0.08135663284079775,0.8571011312719545
7,0.1,0.6,0.039722193783526295,0.14293023356939108,0.8753161007245002
7,0.1,0.8,0.05644691380209206,0.23700645181923,0.851658946100223
7,0.1,1.0,0.08731523337142158,0.37857105758525694,0.9005751872368445
7,0.3,0.4,0.07615375908763566,0.15673745411782067,0.724446080773959
7,0.3,0.6,0.11474735987066814,0.25731310504447924,0.789097700130109
7,0.3,0.8,0.20324350315941173,0.3905577030238961,0.7923426400246653
7,0.3,1.0,0.23263608089968654,0.5513536708289021,0.9003479168067854
7,0.5,0.4,0.18997965507225645,0.247004935464347,0.5295437456287643
7,0.5,0.6,0.24749809260267058,0.38408097281816717,0.7715697750488864
7,0.5,0.8,0.3186938924113568,0.5388546281375142,0.7614157531048211
7,0.5,1.0,0.4267734713919498,0.7168490345896626,0.9060542465330286
7,0.7,0.4,0.3617807515580439,0.33860941821475643,0.5337104509653707
7,0.7,0.6,0.4758826958816476,0.49815980235659113,0.6788943318287814
7,0.7,0.8,0.48662499780511204,0.6461384781438337,0.8078660666001223
7,0.7,1.0,0.6154703415005406,0.8131351712772694,0.8740174667311685
7,0.9,0.4,0.649475935336848,0.4253810093312213,0.47018127512394764
7,0.9,0.6,0.6557655991525282,0.5658290099126477,0.6484520283834027
7,0.9,0.8,0.7125449788989696,0.7177555653997255,0.7759671860327109
7,0.9,1.0,0.7670673801665373,0.8599124883578528,0.8960633950429545
8,0.1,0.4,0.0193747179308322,0.07736470676552533,0.9211205311825226
8,0.1,0.6,0.04252462873378665,0.1491196206260993,0.8211369606234621
8,0.1,0.8,0.0674896125349676,0.24366606689414932,0.8300702347425003
8,0.1,1.0,0.07704383097162194,0.38034074321946676,0.9914657014729666
8,0.3,0.4,0.06696373925543407,0.14701928946553688,0.6700405820959235
8,0.3,0.6,0.1152891339023367,0.25632991303165265,0.7904711545660742
8,0.3,0.8,0.1619429234420422,0.4023981727131063,0.7764043206876089
8,0.3,1.0,0.2894507284763663,0.5612806588865424,0.8798600559814257
8,0.5,0.4,0.18256540198565666,0.24029197148107984,0.6212467400827941
8,0.5,0.6,0.20229388412250698,0.374645251774057,0.7471026617155204
8,0.5,0.8,0.31699095837756575,0.5454531297994251,0.7701723022578815
8,0.5,1.0,0.46285878239734707,0.7132071554749326,0.9153746927716157
8,0.7,0.4,0.37437497903588096,0.3487112792939136,0.4902011727529445
8,0.7,0.6,0.45429070591774706,0.4890373844983541,0.675939312538542
8,0.7,0.8,0.5522633349931284,0.6472106892501862,0.7261515109950469
8,0.7,1.0,0.6123454179602286,0.8103062269689514,0.8363290874521111
8,0.9,0.4,0.6081593090105262,0.42368303822844,0.42663140665682864
8,0.9,0.6,0.6871917257322132,0.5675915015328364,0.5569117598771443
8,0.9,0.8,0.7216016815214428,0.7167261263089991,0.8481685357260458
8,0.9,1.0,0.7546966750936913,0.8647403100543437,0.9341161483587161
9,0.1,0.4,0.013356614001081131,0.0805746184025416,0.9135782950378748
9,0.1,0.6,0.027659617915571547,0.14980937395638394,0.9249999049738058
9,0.1,0.8,0.06347398872436762,0.24308095752571457,0.8808408330653151
9,0.1,1.0,0.059585484555750856,0.3874455888134069,0.9927728547529601
9,0.3,0.4,0.08725487381702439,0.1403047775345782,0.6795237049768337
9,0.3,0.6,0.12433572050790914,0.25288938096920854,0.7531334832170513
9,0.3,0.8,0.17641533975634643,0.4106081521735601,0.8118300201671103
9,0.3,1.0,0.24509587266748264,0.5596524335042764,0.8858906317881166
9,0.5,0.4,0.14924130742066483,0.24853575941963224,0.5987125400878999
9,0.5,0.6,0.23646359429212,0.3755560956836424,0.6853184222026151
9,0.5,0.8,0.3753478239380707,0.5527788916394663,0.7725281431813136
9,0.5,1.0,0.4926409368136795,0.7266253186568221,0.8992298790040071
9,0.7,0.4,0.29751214451365077,0.34188083263099023,0.53945645127321
9,0.7,0.6,0.46908932638079753,0.4966672938707192,0.6554697796417223
9,0.7,0.8,0.5111924857678681,0.6549825093268076,0.7837834047304507
9,0.7,1.0,0.5962583912403276,0.8080700409262886,0.9069287241105626
9,0.9,0.4,0.5908398370967543,0.42125355481918236,0.463384486032138
9,0.9,0.6,0.6433864229095928,0.5658862715267157,0.6084651471139301
9,0.9,0.8,0.7252043543535673,0.7179645640604068,0.770638693537435
9,0.9,1.0,0.7836311790334067,0.8595779771561861,0.9611966558266309
10,0.1,0.4,0.0169044727620336,0.07717415473079914,0.9302629962066666
10,0.1,0.6,0.0260955737426107,0.14404553790408728,0.8657928922508109
10,0.1,0.8,0.09407261905940377,0.2575011382272349,0.8243774084009154
10,0.1,1.0,0.10632673682515702,0.3849019837011828,0.9170887394628544
10,0.3,0.4,0.05498065625016148,0.14463652066151741,0.8214814531154948
10,0.3,0.6,0.12363309550131873,0.25744006394682384,0.7559842257250341
10,0.3,0.8,0.14410967985950646,0.394860513632874,0.7441943434822583
10,0.3,1.0,0.23608378596459392,0.567723019154284,0.8701963730097532
10,0.5,0.4,0.18337613986502208,0.24583908675045926,0.6063411711453438
10,0.5,0.6,0.2645860393551117,0.3857007880284142,0.6927651260940065
10,0.5,0.8,0.3203718337780472,0.5469363957560613,0.8238794995915407
10,0.5,1.0,0.389166037600069,0.7176529984628179,0.8680631796644502
10,0.7,0.4,0.31313938654528767,0.3464104301757476,0.5085239832125386
10,0.7,0.6,0.4146140144141877,0.4923612198289531,0.7096218304855315
10,0.7,0.8,0.530957455725719,0.6520832771592188,0.7827698335577076
10,0.7,1.0,0.6241819753464792,0.8113751520000825,0.88012955940435
10,0.9,0.4,0.6387503320788558,0.4239312783569,0.47699178641086665
10,0.9,0.6,0.6569451848324057,0.5710452699339901,0.6657364243299544
10,0.9,0.8,0.7590908814323195,0.7178665691183095,0.7935845905361175
10,0.9,1.0,0.8814993964037388,0.8611914672496663,0.9502509351466848
11,0.1,0.4,0.01941665902182273,0.07727167078184928,0.8415802474867329
11,0.1,0.6,0.029793310238130234,0.15267380620656185,0.94824709406202
11,0.1,0.8,0.06707308345507164,0.24967930439143926,0.895964634886437
11,0.1,1.0,0.06371190614710548,0.3872984192560058,0.9585416874907579
11,0.3,0.4,0.07777977434397802,0.14967588875877405,0.6714082745483356
11,0.3,0.6,0.14417415453897764,0.2540809036126201,0.7094913519346651
11,0.3,0.8,0.1886499777266679,0.38441791846322465,0.799873992904192
11,0.3,1.0,0.2777920749498398,0.5673925467983031,0.9236001076611593
11,0.5,0.4,0.21802740620697575,0.25127542368924477,0.5378293561869231
11,0.5,0.6,0.2362609488569024,0.377802481836454,0.6775995943537403
11,0.5,0.8,0.3884033462159114,0.5494137263472436,0.8014751164760725
11,0.5,1.0,0.4472601397799161,0.7127044247258304,0.9255205242976581
11,0.7,0.4,0.32757516499898715,0.3444888209370448,0.5683972415932501
11,0.7,0.6,0.4816738477980032,0.4917945966034423,0.5958964241789542
11,0.7,0.8,0.5798338234345283,0.6487499988485398,0.699676254877676
11,0.7,1.0,0.603337294999177,0.8068423613183712,0.9071810047657506
11,0.9,0.4,0.5135160038689526,0.42209157823954097,0.4967578207301775
11,0.9,0.6,0.5731495056408756,0.5703430449803042,0.6772341750157597
11,0.9,0.8,0.6840319716064802,0.7144390878653281,0.7994166403749527
11,0.9,1.0,0.750564433443109,0.8613578521189694,0.9489681634119946
12,0.1,0.4,0.02157259002581512,0.07965632460673673,0.8860216827081306
12,0.1,0.6,0.03635214361647707,0.14048720022680788,0.9333380201870289
12,0.1,0.8,0.039236466298791135,0.24267751516242528,1.0
12,0.1,1.0,0.06880207096711773,0.3841620379238831,0.9073522820132797
12,0.3,0.4,0.07267775110617654,0.14968272999008528,0.759554703038714
12,0.3,0.6,0.11673292814067625,0.2638833303599854,0.8001338999553131
12,0.3,0.8,0.21627886880180863,0.3956353492543126,0.8213233340279245
12,0.3,1.0,0.27207206193858685,0.5620053574356103,0.8498069693242457
12,0.5,0.4,0.1660407361805829,0.2357259152317138,0.5693209203444949
12,0.5,0.6,0.27598373033516577,0.38152818511226205,0.7096281611118757
12,0.5,0.8,0.33259444279065614,0.5467461678203454,0.8126723542699418
12,0.5,1.0,0.4360491233058035,0.7157077021614586,0.8737693093518758
12,0.7,0.4,0.3164773198190284,0.3450924033217721,0.6104136917049446
12,0.7,0.6,0.3887509758930405,0.48788190046882063,0.668866829012128
12,0.7,0.8,0.5364894506902582,0.6444851055115627,0.7360748925211009
12,0.7,1.0,0.6088535191306897,0.8162581343213929,0.9173679609530639
12,0.9,0.4,0.4722978848431598,0.4258469042611158,0.510370267981702
12,0.9,0.6,0.6443206973484161,0.5685448136956907,0.5609965155433438
12,0.9,0.8,0.8048117515464044,0.7205100161247411,0.7471816926512622
12,0.9,1.0,0.758741094918194,0.8603973296915378,0.8928555602563983
13,0.1,0.4,0.01648719454975658,0.07939130414217023,0.9045433349945055
13,0.1,0.6,0.03339081674901485,0.148702659676006,0.9177956599639387
13,0.1,0.8,0.06940029199705593,0.242349312963116,0.8652163123891944
13,0.1,1.0,0.10609495868587812,0.3808684813333224,0.8665154179562186
13,0.3,0.4,0.087397418176879,0.14539848403749267,0.6211429906382622
13,0.3,0.6,0.1144153409709107,0.2502434079981445,0.7303293589705071
13,0.3,0.8,0.16384280618580152,0.39199897994669497,0.7966765184830463
13,0.3,1.0,0.21265883959261422,0.5545916542733966,0.9137729597496876
13,0.5,0.4,0.17983550585520025,0.24785169173118612,0.6323311186818431
13,0.5,0.6,0.2349364027762235,0.38277095145771955,0.7465392560556263
13,0.5,0.8,0.3503394185887415,0.5352788766685251,0.7071412783444866
13,0.5,1.0,0.41774390965507924,0.715044152092549,0.9101162642287397
13,0.7,0.4,0.32240746684145527,0.346149734833066,0.5482649591204919
13,0.7,0.6,0.5017931513795092,0.49615732610573743,0.585048477962946
13,0.7,0.8,0.5773455492707367,0.6492271360963656,0.7933880231513989
13,0.7,1.0,0.6287564358973158,0.8116658849879769,0.9462216069752275
13,0.9,0.4,0.4885929239358582,0.422847412898756,0.46461889946574253
13,0.9,0.6,0.6913133361644586,0.5689938033058723,0.6011029137982207
13,0.9,0.8,0.6470234067102629,0.7148937100771727,0.7767392160521746
13,0.9,1.0,0.7906751681508534,0.8605408951983123,0.9361134603786516
14,0.1,0.4,0.017204172622158072,0.07551925476097444,0.8595746944758536
14,0.1,0.6,0.012805548999144791,0.14380411661632572,0.9667388687295213
14,0.1,0.8,0.020220927385624324,0.24202216471000762,0.9628461705491634
14,0.1,1.0,0.06121288220995477,0.3713684160819692,0.9034715416572088
14,0.3,0.4,0.06397075140141012,0.14544827935623747,0.7839987387493802
14,0.3,0.6,0.11642853356868003,0.24677843878413785,0.7486026934981114
14,0.3,0.8,0.17255822555012676,0.39387729921327747,0.7970530974063971
14,0.3,1.0,0.229915801767646,0.5846314417739484,0.8819028605450565
14,0.5,0.4,0.16699991604110495,0.2517729523676553,0.605173353403499
14,0.5,0.6,0.29634642777187864,0.3869602022837729,0.6836907323841793
14,0.5,0.8,0.37050699745484744,0.5397542674544896,0.797034560427933
14,0.5,1.0,0.4355195919793348,0.7054538909546687,0.8324840185785128
14,0.7,0.4,0.2999422796539893,0.34694928566433664,0.6281704850771939
14,0.7,0.6,0.42309504736444614,0.49852711196053695,0.6469660445518602
14,0.7,0.8,0.48383209055567344,0.6496501308199799,0.8591608255578395
14,0.7,1.0,0.5815006664351616,0.8093066918346266,0.8634928759817676
14,0.9,0.4,0.6083775058828097,0.4243512930798231,0.4910830495379537
14,0.9,0.6,0.6165532074177956,0.5728171089371197,0.6183330904845059
14,0.9,0.8,0.7150746855945971,0.7139768818443243,0.7888382930973354
14,0.9,1.0,0.7912658825009007,0.8608933557694556,0.9314257785066623
15,0.1,0.4,0.01802666768745403,0.08192279581013635,0.8559336579469822
15,0.1,0.6,0.02745127229207841,0.14211191224446704,0.8923293427135656
15,0.1,0.8,0.046508101502853255,0.2422254530343998,0.9292059888096766
15,0.1,1.0,0.09075575933314627,0.38430116682360865,0.8912045056100625
15,0.3,0.4,0.07184504035838493,0.14741694767827818,0.7179212030883542
15,0.3,0.6,0.14410878743389396,0.2596028432672598,0.7194888531663309
15,0.3,0.8,0.15715540634533404,0.3940146689731964,0.8017857130955106
15,0.3,1.0,0.22171286667688694,0.5670866635234658,0.9091552547452374
15,0.5,0.4,0.17054160087567213,0.24766551874271733,0.6395766545775897
15,0.5,0.6,0.27963106093875145,0.37765444104301255,0.7011860521725086
15,0.5,0.8,0.398608951164506,0.5498244766683695,0.7793272619800853
15,0.5,1.0,0.4706744765995257,0.7121491037997982,0.8712393195912671
15,0.7,0.4,0.3153187623460304,0.33982938375432564,0.4818176981812724
15,0.7,0.6,0.4693598989046732,0.4950032408571492,0.6792820800539775
15,0.7,0.8,0.5364871600648957,0.6619178085269943,0.7974201746332664
15,0.7,1.0,0.6074875306781464,0.8108166040620008,0.9199536653053665
15,0.9,0.4,0.5276259328885912,0.42497931119181853,0.4680735171309508
15,0.9,0.6,0.6008323130091293,0.5682729891227676,0.6478936958843882
15,0.9,0.8,0.733318346661148,0.7138473583637581,0.8057358499728902
15,0.9,1.0,0.8333909626015117,0.8609723185944211,0.9379729660388546
16,0.1,0.4,0.019084234311131158,0.07858755330412517,0.8719946508054943
16,0.1,0.6,0.035574319366642196,0.14729634380792958,0.8972009748551895
16,0.1,0.8,0.06366589235203042,0.24455351844979764,0.8784335215895878
16,0.1,1.0,0.10578121090720238,0.3725498791167587,0.854330503054755
16,0.3,0.4,0.06972530820920425,0.14866334634477507,0.702861170216041
16,0.3,0.6,0.10769387968504521,0.24429014247337336,0.7606130135790824
16,0.3,0.8,0.1916723165958391,0.4054785774437647,0.7657667714971623
16,0.3,1.0,0.23043415225074454,0.5704966652672517,0.7934922129720012
16,0.5,0.4,0.18626609495226448,0.24646025496173082,0.624964312192805
16,0.5,0.6,0.2304666508073225,0.3766751326240213,0.7127767024087035
16,0.5,0.8,0.37341443266534724,0.5442503745246892,0.7500100978276669
16,0.5,1.0,0.4575139480507431,0.7094458822972346,0.944897851533628
16,0.7,0.4,0.31827268479727816,0.34833416686679347,0.597305151630715
16,0.7,0.6,0.5214725174249539,0.4916491117289268,0.6084738846754412
16,0.7,0.8,0.6234580426830454,0.6558817131441527,0.7592258203202727
16,0.7,1.0,0.601533036550311,0.8100689222712495,0.9282569609139373
16,0.9,0.4,0.5105624310750863,0.4229515353590856,0.494009898930699
16,0.9,0.6,0.5455118309275663,0.5689264774679607,0.6688929683879005
16,0.9,0.8,0.7079428852899837,0.718279834550699,0.7883112935043635
16,0.9,1.0,0.7858551256197167,0.8626426922445105,0.9222876778130884
17,0.1,0.4,0.013190395790004257,0.0779715743603175,0.8644443080057107
17,0.1,0.6,0.030081848392259775,0.1515084239611396,0.9398966481681037
17,0.1,0.8,0.077760723927651,0.24308130485441518,0.8483606613362549
17,0.1,1.0,0.08752391116844734,0.3854697306097161,0.952292258629511
17,0.3,0.4,0.06475495967845527,0.14565734624780938,0.8288945682513429
17,0.3,0.6,0.12701680646137,0.2504518127872238,0.7577627234187175
17,0.3,0.8,0.18777896828123028,0.40236413335891025,0.8271632989377682
17,0.3,1.0,0.2614088721499367,0.5714740378732657,0.8177239915617344
17,0.5,0.4,0.1577683942083814,0.2425206835074232,0.6628635980344724
17,0.5,0.6,0.2930714643423304,0.37515281600346645,0.6901655194926972
17,0.5,0.8,0.2764532966913605,0.5501858919614147,0.799058378865283
17,0.5,1.0,0.4800647235517608,0.7174176660338366,0.913416113488399
17,0.7,0.4,0.3271465448481483,0.33648059165671634,0.539590164162674
17,0.7,0.6,0.42769480719815717,0.48853646993682476,0.6476694288629817
17,0.7,0.8,0.5086590831595076,0.6550703498085401,0.784778261210622
17,0.7,1.0,0.6046914235273467,0.8112357991207876,0.9592529316257852
17,0.9,0.4,0.4891962289587487,0.42436812750682573,0.5264117351212679
17,0.9,0.6,0.6430387762308292,0.5692239193107272,0.5882282002701011
17,0.9,0.8,0.8048384054042111,0.7149165212484553,0.729580083430417
17,0.9,1.0,0.8223058989225838,0.8650333789502391,0.930598574510552
18,0.1,0.4,0.028395029335694898,0.07899554987436752,0.870796433981307
18,0.1,0.6,0.04235710212155869,0.1407215372494569,0.7960630622676687
18,0.1,0.8,0.058043802807883765,0.23811191232611228,0.9385861833258099
18,0.1,1.0,0.11704712466009458,0.3861786041193105,0.9222740792720638
18,0.3,0.4,0.08556442915085716,0.1536789643728133,0.6931084815062024
18,0.3,0.6,0.11098378922684662,0.260782625599799,0.8218103006259119
18,0.3,0.8,0.15212330171962493,0.40189392057583945,0.8871860733853606
18,0.3,1.0,0.2204650522975784,0.5723041920363869,0.9330823952498818
18,0.5,0.4,0.19473860335604457,0.2413082587804267,0.595793372237779
18,0.5,0.6,0.2976755256376382,0.39003971292235334,0.6893025803205195
18,0.5,0.8,0.3048830433043546,0.5405805886212405,0.7997850316026631
18,0.5,1.0,0.3675108890226716,0.7137709825746344,0.9255959690957696
18,0.7,0.4,0.289197766358111,0.3441848542083119,0.5615327022387914
18,0.7,0.6,0.4294147425045112,0.4924778923860326,0.6533393798071198
18,0.7,0.8,0.5513597019443819,0.6544611624226528,0.7704538955709946
18,0.7,1.0,0.6124322271948806,0.8105579517039145,0.876372929718001
18,0.9,0.4,0.5437924453524586,0.4258824210366433,0.5457654327993082
18,0.9,0.6,0.6998972214490767,0.5686055952712677,0.6942266236059599
18,0.9,0.8,0.7383257549702684,0.7128850499583,0.7646325141184419
18,0.9,1.0,0.7821642288219869,0.8631663281586462,0.9178781379916815
19,0.1,0.4,0.026372731510203248,0.07754515873140247,0.78289804237778
19,0.1,0.6,0.015556919016033477,0.14351749311695888,0.9051364967478845
19,0.1,0.8,0.06619875774251163,0.24991391220594186,0.8826019261437262
19,0.1,1.0,0.09057357790324953,0.39700605204160044,0.9536018596459555
19,0.3,0.4,0.05265261149865083,0.15006083053956062,0.7742167913216612
19,0.3,0.6,0.11631361088170147,0.2558312702241757,0.76063422246345
19,0.3,0.8,0.2077414994174269,0.384088690811348,0.8133087805215519
19,0.3,1.0,0.25132345902658854,0.5685762083095833,0.9507045254312584
19,0.5,0.4,0.1633169713827716,0.24771730070058104,0.5946235262428579
19,0.5,0.6,0.26075159285719834,0.37853247856855815,0.705194217744668
19,0.5,0.8,0.32371029555427183,0.5468021516656861,0.779239896430211
19,0.5,1.0,0.48876600727015074,0.7120987181299674,0.9482660303519097
19,0.7,0.4,0.32890044598576423,0.353653753348781,0.5311419354754897
19,0.7,0.6,0.4631121400290561,0.4937308450998871,0.6333721175646726
19,0.7,0.8,0.565616218616749,0.6503920269153344,0.7482864406048427
19,0.7,1.0,0.679614146022671,0.8118715044106327,0.9270395731931228
19,0.9,0.4,0.5613205507669288,0.42172020691689743,0.513687726953181
19,0.9,0.6,0.6945194062796339,0.5702757804417437,0.556509761878057
19,0.9,0.8,0.7312712908189942,0.717662957452332,0.7999993262794866
19,0.9,1.0,0.8264582095486956,0.8651375499303742,0.9571017740463452
20,0.1,0.4,0.029360840715451916,0.08158894341003854,0.8339979188951139
20,0.1,0.6,0.03967916435217655,0.15446465170541276,0.8883573926086553
20,0.1,0.8,0.07338429350422015,0.25719399254982406,0.881796572955586
20,0.1,1.0,0.06601231992513712,0.3757338552491148,0.8955189594445477
20,0.3,0.4,0.08434612794469427,0.1474621274610279,0.7030101784406119
20,0.3,0.6,0.13382788861206432,0.2576465470146686,0.6971599085589294
20,0.3,0.8,0.18214682055198503,0.40180139044898155,0.8173878899636053
20,0.3,1.0,0.2671347483922434,0.5785081111646124,0.8461192578473119
20,0.5,0.4,0.19580060213349565,0.24576415423454046,0.617625298250771
20,0.5,0.6,0.30455287804660697,0.3831888764820983,0.6346080528054922
20,0.5,0.8,0.3575918683978797,0.5420388628366853,0.7147665164468123
20,0.5,1.0,0.47639636946367775,0.7065520791080854,0.8817160463827876
20,0.7,0.4,0.34940909686386223,0.3494669336078933,0.5578513149701259
20,0.7,0.6,0.4249866228450319,0.4921756433208522,0.6032120997734585
20,0.7,0.8,0.5648618337849651,0.6542390001093706,0.763624954646223
20,0.7,1.0,0.6474125691268375,0.8077043589058027,0.9414247743416256
20,0.9,0.4,0.5224605471725432,0.42123816975970485,0.4977617761040891
20,0.9,0.6,0.7699705649444697,0.5682092771858298,0.5933944491987687
20,0.9,0.8,0.6711807674244369,0.7127857061398616,0.7574365775876031
20,0.9,1.0,0.7484264443916795,0.8591731929931424,0.9823210592871993
21,0.1,0.4,0.021903471071693752,0.07952560560863471,0.8258851204483807
21,0.1,0.6,0.03513083669281164,0.1418258160649338,0.8815540789841516
21,0.1,0.8,0.0361109665053243,0.2542697197690686,0.8977040742221739
21,0.1,1.0,0.08439118277463405,0.37936455507013905,0.9904210833410806
21,0.3,0.4,0.05669522998229523,0.15315133890567678,0.7796641672778911
21,0.3,0.6,0.11043274648044113,0.25139714604827457,0.770431569440141
21,0.3,0.8,0.17951719801068086,0.3975505706016482,0.8541698806695359
21,0.3,1.0,0.2572586226895951,0.5731050523887545,0.9225832352890608
21,0.5,0.4,0.14845227707783637,0.23987310964951342,0.6686551592907519
21,0.5,0.6,0.279711831852319,0.3877440269494721,0.7467934050815765
21,0.5,0.8,0.3497084332556059,0.540035330004146,0.7940871650545801
21,0.5,1.0,0.4634906089618292,0.7138830720248937,0.8988609720388954
21,0.7,0.4,0.31368926201543484,0.34063073947276296,0.5277286783005045
21,0.7,0.6,0.5041988737876045,0.49502054393265366,0.6337859367393864
21,0.7,0.8,0.6219347545029233,0.6550504549117996,0.6885489673248745
21,0.7,1.0,0.5897855753023851,0.809909296998996,0.8426461916089765
21,0.9,0.4,0.614812509098586,0.42651706473353035,0.4834441542944619
21,0.9,0.6,0.7110355693666195,0.5706260272005378,0.5714169133763849
21,0.9,0.8,0.7131926657018403,0.7122764574250319,0.7723581125575179
21,0.9,1.0,0.7849209527008685,0.8614557162448531,0.9348028800256685
22,0.1,0.4,0.016268303165367495,0.07738010071874807,0.8867506013077705
22,0.1,0.6,0.04059137226864674,0.14998655539116135,0.8900848811719954
22,0.1,0.8,0.05615273218823526,0.24069593482474463,0.9652808822075257
22,0.1,1.0,0.1210661041310964,0.38839123232774864,0.955865947782945
22,0.3,0.4,0.05887356702449704,0.14943465342385223,0.8049442042585545
22,0.3,0.6,0.0928136723820364,0.2551246841346141,0.8142287768790843
22,0.3,0.8,0.23720991658533808,0.4020323600574904,0.8001391713135498
22,0.3,1.0,0.23952442926356649,0.5701639382553345,0.8601976475718306
22,0.5,0.4,0.1900337111503004,0.2457948541133918,0.6030719878291375
22,0.5,0.6,0.2731377455075269,0.37924605659092,0.6686261220785883
22,0.5,0.8,0.37917536889560877,0.535695704433252,0.8309088721148495
22,0.5,1.0,0.45052228685526574,0.7185165586712804,0.8870811797770642
22,0.7,0.4,0.37656898284977147,0.34701633791229913,0.5167250334542887
22,0.7,0.6,0.45139795716186887,0.49494809361223735,0.6739709342575905
22,0.7,0.8,0.5771192990819564,0.6487753785658433,0.7724545478913905
22,0.7,1.0,0.651307497364397,0.812478946702162,0.9519780265105156
22,0.9,0.4,0.5154081247122249,0.42235604520505704,0.5034049285987314
22,0.9,0.6,0.7026447911969541,0.571051102188821,0.6280825529113541
22,0.9,0.8,0.7459790100785699,0.7136643354008524,0.7684332749526086
22,0.9,1.0,0.7649697456635287,0.8607666095587757,0.963976088241428
23,0.1,0.4,0.02117880122049578,0.08047029307710696,0.7723456855419643
23,0.1,0.6,0.040088482358280955,0.14112374804394312,0.8707337962584999
23,0.1,0.8,0.057681913004877725,0.254788932340081,0.9460265237521147
23,0.1,1.0,0.09894383507489278,0.38492509094919486,0.8696984131786033
23,0.3,0.4,0.06911012506224828,0.1460573143010985,0.7847561153098647
23,0.3,0.6,0.11546401198516947,0.2484367204515906,0.7473938903073784
23,0.3,0.8,0.21578772075583655,0.3968486543712564,0.7728494874954462
23,0.3,1.0,0.23882981683287596,0.5611473652753136,0.86454569428223
23,0.5,0.4,0.1560519564593276,0.24585300382834024,0.5957831948447134
23,0.5,0.6,0.2526448263088422,0.3771404416407305,0.7002064004626706
23,0.5,0.8,0.30761971132567983,0.5465612466004202,0.7603102977593367
23,0.5,1.0,0.4010834667953861,0.7194282424618362,0.8976323489213589
23,0.7,0.4,0.3417078598363478,0.34288793078877894,0.5178727060379814
23,0.7,0.6,0.49751078442378005,0.4930111649506494,0.6130354188824848
23,0.7,0.8,0.514848340248933,0.646181649503322,0.7112784260299327
23,0.7,1.0,0.6208105873565323,0.8126144083596717,0.866359718066483
23,0.9,0.4,0.4869601463939624,0.4193336100403264,0.5175977548226467
23,0.9,0.6,0.7089311585413816,0.5677463549903662,0.6126803795696066
23,0.9,0.8,0.7318004566128826,0.7136630680196269,0.7521114243453514
23,0.9,1.0,0.7435941049962097,0.8609767066026649,0.9462260869062236
24,0.1,0.4,0.014764775112028393,0.08077251274049438,0.8519635069416236
24,0.1,0.6,0.037683652613243704,0.14690099797923983,0.8695006621615988
24,0.1,0.8,0.05962358770355022,0.24697516009676165,0.882807014754589
24,0.1,1.0,0.06840326694052473,0.3792961268491211,0.9314082593233038
24,0.3,0.4,0.07057316409174318,0.1478487405230973,0.7071322298400813
24,0.3,0.6,0.10611968873418046,0.24124894305211356,0.7334415265205099
24,0.3,0.8,0.20519416452787678,0.3978070052555496,0.8063236445904625
24,0.3,1.0,0.20364350961661765,0.5600054138659393,0.8622179245726933
24,0.5,0.4,0.18940543691354608,0.24738504212964266,0.6249851150726307
24,0.5,0.6,0.23495904492599723,0.37476851874383915,0.7064605337499733
24,0.5,0.8,0.35019638393375585,0.5408990059446783,0.7482933383169088
24,0.5,1.0,0.32423278769581637,0.7141095684384892,0.9211132336776229
24,0.7,0.4,0.344867699779421,0.34427995247271076,0.5212833000853366
24,0.7,0.6,0.44902541640553556,0.48995726094120856,0.6296075289347857
24,0.7,0.8,0.5890233064050321,0.6457686441540683,0.788753760537257
24,0.7,1.0,0.6656305678741451,0.8061716607761085,0.8627828894698271
24,0.9,0.4,0.5940447988116319,0.42507141359373296,0.4376844312442278
24,0.9,0.6,0.6093123252087302,0.5694218248836674,0.6552051045066571
24,0.9,0.8,0.7775247414721234,0.7178123695224055,0.7061725936365033
24,0.9,1.0,0.8510079684317966,0.8625225688427398,0.9121642266598287
25,0.1,0.4,0.03170238837855062,0.07883715089316148,0.8382431307567422
25,0.1,0.6,0.04458141001957346,0.1418415891844964,0.8593562831931454
25,0.1,0.8,0.04224741421415852,0.24435716200237165,0.9114022155317993
25,0.1,1.0,0.09972073077477811,0.38096065003740764,0.9454781107518977
25,0.3,0.4,0.06200211757998764,0.1477093072443878,0.7906943180815963
25,0.3,0.6,0.10534976544659679,0.25767851455142454,0.7823362914364167
25,0.3,0.8,0.1786761810666864,0.39922116971498517,0.7902447064802693
25,0.3,1.0,0.23706238693347423,0.5519285164266433,0.8489358875862837
25,0.5,0.4,0.15602764925913506,0.2507024089647947,0.5541095910015859
25,0.5,0.6,0.27306327528610236,0.393131282734733,0.7018902522407418
25,0.5,0.8,0.3517329341438273,0.5449594764948268,0.807931715267474
25,0.5,1.0,0.5116288804540835,0.7200466013995678,0.8468184584588173
25,0.7,0.4,0.36665103206594374,0.34898706749376296,0.5224455826145116
25,0.7,0.6,0.4056096320727835,0.4873161106046637,0.656307705051705
25,0.7,0.8,0.548325017405186,0.6486955018615789,0.7663813208802347
25,0.7,1.0,0.628199145355439,0.8079570327812392,0.845323500822041
25,0.9,0.4,0.5534459109675098,0.4218986379017202,0.5029859431524144
25,0.9,0.6,0.6027089035840876,0.5692532015895224,0.6444056188910554
25,0.9,0.8,0.6970261957608738,0.715600730062049,0.7571529748710527
25,0.9,1.0,0.8201403126260359,0.8612859525631734,0.9348854744065442
26,0.1,0.4,0.014250000301163707,0.07709375507573817,0.956262296986098
26,0.1,0.6,0.04752647158112238,0.14815151232439908,0.8448006491503347
26,0.1,0.8,0.06995035987669385,0.25600941362845064,0.8920104709009554
26,0.1,1.0,0.08074933988043394,0.3871492796396234,0.9777280624793256
26,0.3,0.4,0.07508029800202352,0.15505575061075066,0.7049199982478801
26,0.3,0.6,0.09608752121183398,0.24851467563464932,0.7948818479238565
26,0.3,0.8,0.16374712855191925,0.38882086442693903,0.8696751035723316
26,0.3,1.0,0.277578415637098,0.5597626344880056,0.8599343994053441
26,0.5,0.4,0.13549455029228843,0.24906465728973962,0.7507082214106775
26,0.5,0.6,0.21004598404712088,0.3773648754792987,0.7275722264136394
26,0.5,0.8,0.35571787839775815,0.5378577047982499,0.7815458226140786
26,0.5,1.0,0.44327072149485597,0.7086933982218718,0.9283759717296773
26,0.7,0.4,0.32121966005505087,0.34453980910260185,0.5738972555429587
26,0.7,0.6,0.43912477831458535,0.4865370581501519,0.6714297940468532
26,0.7,0.8,0.5496330503633396,0.6518811200058038,0.7806722927379656
26,0.7,1.0,0.6227129126046376,0.8112890883135853,0.9032941194389666
26,0.9,0.4,0.5276757948279128,0.4236247030705864,0.5234702037227781
26,0.9,0.6,0.6404443622231241,0.5687399252033568,0.574373481926369
26,0.9,0.8,0.7365169179704173,0.7167924653159758,0.7703091150791178
26,0.9,1.0,0.7424432746640527,0.860683655288071,0.9873531559680137
27,0.1,0.4,0.015645280349821353,0.07799687835342374,0.872803081272745
27,0.1,0.6,0.04956321756266804,0.14355473406261807,0.8792917002266518
27,0.1,0.8,0.041113092180592226,0.24824231801942723,0.9330956308312962
27,0.1,1.0,0.0851620647721386,0.3723916244531202,0.9047243366428747
27,0.3,0.4,0.0752083170862118,0.14624491416633179,0.7637267804619394
27,0.3,0.6,0.1314850092865578,0.2535115524346608,0.7099340939639874
27,0.3,0.8,0.12885929375559968,0.40685537906778535,0.8920676314421302
27,0.3,1.0,0.24189019889038385,0.5823877112444958,0.8598475890168165
27,0.5,0.4,0.2085346330766273,0.2402670854117867,0.5609467073309994
27,0.5,0.6,0.23071028569427726,0.3798927880772257,0.7153184362765974
27,0.5,0.8,0.3805373184718711,0.543011347712842,0.7339090921800244
27,0.5,1.0,0.4231395320077507,0.7161342945855624,0.8206909061927339
27,0.7,0.4,0.3447052483815236,0.34687576673796533,0.5332888230989634
27,0.7,0.6,0.43583778724658145,0.5001903281122254,0.6449835044213962
27,0.7,0.8,0.527719919336482,0.6492494571580115,0.7802934879762911
27,0.7,1.0,0.6264719797796215,0.8131074059233725,0.931127824567846
27,0.9,0.4,0.5445332809835749,0.42751987489668086,0.486018547023044
27,0.9,0.6,0.6077183007758288,0.5682969570304112,0.656994979695718
27,0.9,0.8,0.7138103114354714,0.7117789318936011,0.8078653584665463
27,0.9,1.0,0.7110559200285504,0.8616773060662933,0.9404816895564141
28,0.1,0.4,0.015588307028335835,0.07984515239542052,0.878897624101328
28,0.1,0.6,0.02349878225003957,0.13873100388020604,0.9112274160338928
28,0.1,0.8,0.0627865837404854,0.24657248786491642,0.8855883443370353
28,0.1,1.0,0.10832131484437608,0.39438613171290593,0.9276612022761738
28,0.3,0.4,0.056785578697223844,0.14716969019616494,0.7860560814784234
28,0.3,0.6,0.09703679945946767,0.25117156547106406,0.8501009156972635
28,0.3,0.8,0.16444599730411164,0.38573989940450865,0.7951844253749343
28,0.3,1.0,0.26353965003550867,0.5615436246841057,0.7876498739181396
28,0.5,0.4,0.16197490099209474,0.24910681445745098,0.6326839951735161
28,0.5,0.6,0.23682953520888309,0.3818663591767864,0.7152112136869773
28,0.5,0.8,0.37832880910989614,0.5392339401127646,0.786937206445228
28,0.5,1.0,0.4212200000417216,0.7171237638108948,0.9551878028634913
28,0.7,0.4,0.33963743923016254,0.34069056014121313,0.5240171654748417
28,0.7,0.6,0.4807663517892116,0.4936150488799728,0.6232879808769513
28,0.7,0.8,0.5114952418962545,0.6499058809101543,0.860826372944542
28,0.7,1.0,0.5435124949191763,0.8127762507932851,0.9590630956015419
28,0.9,0.4,0.5252585796365947,0.42755212145530774,0.4861833282551787
28,0.9,0.6,0.616537045369152,0.5684841444696807,0.5977511464969362
28,0.9,0.8,0.7284566921837349,0.7191112789026217,0.7382538555371816
28,0.9,1.0,0.7730128090021152,0.8631369341742147,0.9288417470931531
29,0.1,0.4,0.019944344718192786,0.0778689412929957,0.9182601570032763
29,0.1,0.6,0.02908479144738571,0.14733523334038046,0.9326384942492649
29,0.1,0.8,0.06791225217426296,0.23754913356371657,0.9293796024465184
29,0.1,1.0,0.1125517835809195,0.39070022432450685,0.9243114958645747
29,0.3,0.4,0.0796803356190104,0.14809751987106548,0.7169913340099672
29,0.3,0.6,0.1147860768364776,0.25515549232889395,0.7518404308342785
29,0.3,0.8,0.16219955674178826,0.37942223880171166,0.8822214526097248
29,0.3,1.0,0.2440577503980826,0.5760664972817915,0.8262606366737687
29,0.5,0.4,0.17317785809246067,0.2521036832410116,0.633017727437645
29,0.5,0.6,0.2551496909135898,0.3804019865034637,0.6921045577632022
29,0.5,0.8,0.3469626437388025,0.5399609817106971,0.7911747057511916
29,0.5,1.0,0.5070116544154992,0.7107870068144327,0.8696425401161677
29,0.7,0.4,0.35661082767771946,0.3494644432110114,0.5411222512186793
29,0.7,0.6,0.47532278020033314,0.5026598026846388,0.6444280669792462
29,0.7,0.8,0.6154375880380025,0.6527924969962837,0.7749857043026471
29,0.7,1.0,0.664328898652233,0.8130435002133048,0.899875428900583
29,0.9,0.4,0.535475145673047,0.42275867024739056,0.4488196081119843
29,0.9,0.6,0.7453975598479344,0.5633529952610364,0.5746502635385475
29,0.9,0.8,0.6815814033093874,0.7160505817104278,0.8247412903917547
29,0.9,1.0,0.7989530990137187,0.861683404609137,0.9580631554993723
30,0.1,0.4,0.01848938205197632,0.07716873021170499,0.9471919590805299
30,0.1,0.6,0.030695009907522722,0.14525613377110572,0.9089744669764629
30,0.1,0.8,0.0529939910333889,0.25109410051330794,0.8980400004397388
30,0.1,1.0,0.07269055425829474,0.3896278343031423,0.8949883160198979
30,0.3,0.4,0.07832726061515827,0.15123621829288925,0.6828571559409103
30,0.3,0.6,0.10447571666998856,0.2410200879636649,0.7696575260207813
30,0.3,0.8,0.14069783827398713,0.39741963153895127,0.8444530427349781
30,0.3,1.0,0.18090833327197384,0.5617972161898814,0.9166146676966396
30,0.5,0.4,0.17776827203341639,0.2412242397283994,0.6027607094503431
30,0.5,0.6,0.29110987036518676,0.38454087465132225,0.6445651432586047
30,0.5,0.8,0.37299258816316794,0.5450386002956732,0.7380816250858587
30,0.5,1.0,0.4519458422101484,0.7189930704222217,0.8807775772529473
30,0.7,0.4,0.2818032934150873,0.34907016795959384,0.5626909329822698
30,0.7,0.6,0.42899528653525004,0.49501130170336943,0.6308918262763719
30,0.7,0.8,0.5102251169737811,0.650858436169051,0.7496032245096459
30,0.7,1.0,0.6579076260469493,0.8157002037528652,0.9242090414989185
30,0.9,0.4,0.5527976027506087,0.4256879663923933,0.45797394681265924
30,0.9,0.6,0.6591324542504383,0.5738290693517377,0.6002948248871572
30,0.9,0.8,0.6820274168670569,0.7137063082373111,0.7230108250210685
30,0.9,1.0,0.8174669037352269,0.8611740914732829,0.9497893120187508
31,0.1,0.4,0.017732707122466815,0.07949061497786987,0.8829016685048294
31,0.1,0.6,0.032780415749046436,0.1450292723351525,0.9906075011996651
31,0.1,0.8,0.0743734092972454,0.2380188397620714,0.8573901587059524
31,0.1,1.0,0.11310274735913761,0.3730831769536258,0.8782449860781418
31,0.3,0.4,0.09350893562608448,0.15316615737926464,0.6970082569429016
31,0.3,0.6,0.12994469419842777,0.26918852628110507,0.7066568320982334
31,0.3,0.8,0.1613030338485337,0.3944797450338991,0.8907543700382985
31,0.3,1.0,0.24832737364565796,0.5562323476826774,0.8588469449089868
31,0.5,0.4,0.16783291058261623,0.23855471495685,0.6004007870421788
31,0.5,0.6,0.2554350412098036,0.38446979891799643,0.7033673799742675
31,0.5,0.8,0.2854102810335483,0.5391171539964412,0.7983565479344099
31,0.5,1.0,0.39541073302408375,0.7104896987046605,0.883352347833596
31,0.7,0.4,0.3540590272511161,0.33860281013837407,0.5507036016114201
31,0.7,0.6,0.44934557339057046,0.492630050256405,0.6600534039798427
31,0.7,0.8,0.5391233510686223,0.6499940824832848,0.758677459084738
31,0.7,1.0,0.6106067712789626,0.8029913119577863,0.8487477565431243
31,0.9,0.4,0.5945206363229023,0.4206138320399062,0.4036291976581334
31,0.9,0.6,0.6742932423444618,0.5713716870368798,0.5790494879119471
31,0.9,0.8,0.7244790770425675,0.717488441861804,0.7469812123912265
31,0.9,1.0,0.7934857644132817,0.861477989433618,0.9405505142979445
32,0.1,0.4,0.014655456202871012,0.07894333932183521,0.8766103810677781
32,0.1,0.6,0.05442451195984466,0.14488864243010977,0.8536839319184731
32,0.1,0.8,0.05008005571884522,0.24719517531981372,0.9105755263215244
32,0.1,1.0,0.11721130625466608,0.3707531971191743,0.8953422625168567
32,0.3,0.4,0.06811345888522327,0.1448415549848933,0.6991957668800497
32,0.3,0.6,0.10079023701061787,0.25470482637603514,0.7584320955457404
32,0.3,0.8,0.18352650668061143,0.3990825571849379,0.7990401152918855
32,0.3,1.0,0.1738599547882388,0.5664043449939729,0.9336714340086274
32,0.5,0.4,0.17556117405977084,0.24218691644663956,0.5782724303087754
32,0.5,0.6,0.25023089282881417,0.3945145318352057,0.7338793239630398
32,0.5,0.8,0.3917034219896617,0.5427932297013683,0.7608113054108168
32,0.5,1.0,0.4593176957089964,0.716472855529976,0.8843215116756586
32,0.7,0.4,0.2996804867670196,0.34340212131534315,0.5724892068090562
32,0.7,0.6,0.4717680495686864,0.4992351207409632,0.6365401758654282
32,0.7,0.8,0.5952675011542846,0.650931096369507,0.7146434027471904
32,0.7,1.0,0.5900681943219371,0.8088282950524787,0.8926358340644956
32,0.9,0.4,0.5132238479927821,0.41892812212668173,0.46840313972145453
32,0.9,0.6,0.6967353336298037,0.5699985533235884,0.5661612700182735
32,0.9,0.8,0.7950244049529612,0.7193136556463919,0.7448492448865396
32,0.9,1.0,0.7509375576653783,0.8634283858448004,0.9172037627858315
33,0.1,0.4,0.021036086483727415,0.07578350555592961,0.8302069814533979
33,0.1,0.6,0.05087911252257288,0.14045433022032386,0.8214036315782278
33,0.1,0.8,0.05422739225786097,0.24671150185147434,0.8685333494048554
33,0.1,1.0,0.08758032938208318,0.36779605503414287,0.8913461366514731
33,0.3,0.4,0.07901380120310522,0.1489014847508654,0.7093787474726339
33,0.3,0.6,0.11274205066064547,0.25130112743053606,0.7529090234344731
33,0.3,0.8,0.1586471919968187,0.3853078970311976,0.7838486330514111
33,0.3,1.0,0.25148781602222664,0.5578786667082437,0.9036543635547659
33,0.5,0.4,0.18015908348204732,0.23541377480929046,0.6263129472993909
33,0.5,0.6,0.2328471927416365,0.36686558731780444,0.6946393359736217
33,0.5,0.8,0.3430887438799508,0.5331153813419854,0.7441322100810955
33,0.5,1.0,0.4173693329567751,0.714081181137381,0.8951464300999125
33,0.7,0.4,0.41344168336706016,0.34516099740522277,0.4186435951726839
33,0.7,0.6,0.4440699362856347,0.4924502018818443,0.6667854432149354
33,0.7,0.8,0.5586058292123847,0.6500383342373649,0.8296176645730052
33,0.7,1.0,0.633706584561738,0.8068907133173443,0.8550449542385566
33,0.9,0.4,0.5454850773040264,0.4192550514307066,0.5682864913565963
33,0.9,0.6,0.6633306583526997,0.5670463410528417,0.5558240568910341
33,0.9,0.8,0.775932883269233,0.7175640313022582,0.7654694656712513
33,0.9,1.0,0.8593254568177378,0.86186255313167,0.90368174100418
34,0.1,0.4,0.013831437036735414,0.07960863544729173,0.898559812113049
34,0.1,0.6,0.03794505642867639,0.1496583757843548,0.8923445700007242
34,0.1,0.8,0.0521634904303412,0.24495557520660402,0.9208517096780099
34,0.1,1.0,0.08204118351570701,0.39135716173720664,0.909265182574166
34,0.3,0.4,0.068053609110536,0.1455341407674133,0.6992317650858412
34,0.3,0.6,0.15012427475741474,0.26206472407867887,0.713726980972017
34,0.3,0.8,0.18370675223032004,0.3973257238199375,0.8404371215384092
34,0.3,1.0,0.19213791498118063,0.5685189016471222,0.8871008488834772
34,0.5,0.4,0.15213187504932743,0.243286464177676,0.6655099712721285
34,0.5,0.6,0.225574665458799,0.3723878071297908,0.6889550247149052
34,0.5,0.8,0.3636229358432399,0.5497429018361685,0.7686954339315739
34,0.5,1.0,0.41005860697951474,0.7063196467755758,0.9356491982075783
34,0.7,0.4,0.3644936772793955,0.33805360668030693,0.5301833507921672
34,0.7,0.6,0.4257229123509199,0.4935788693189482,0.6431125712514343
34,0.7,0.8,0.5145430722279231,0.6539812334300928,0.7557418345897438
34,0.7,1.0,0.6289913550333768,0.8101691698847502,0.8608305914743144
34,0.9,0.4,0.5382482707170573,0.4245763029898735,0.5057791567142359
34,0.9,0.6,0.6471366849274043,0.5672093003792397,0.6153507571287785
34,0.9,0.8,0.6783158074659278,0.7172402075993844,0.7920982440776096
34,0.9,1.0,0.7619775059843068,0.861048219916253,0.8983641743135773
35,0.1,0.4,0.019667411757549536,0.07875951542945006,0.893875555962146
35,0.1,0.6,0.023990556134932995,0.14466756784937063,0.9669251433482857
35,0.1,0.8,0.05763063126935236,0.26276922935173064,0.9251574597074939
35,0.1,1.0,0.10539367477807704,0.3870846891615214,0.8858196965268834
35,0.3,0.4,0.08038392586239301,0.14888861050078814,0.6819816973630373
35,0.3,0.6,0.12173819098772416,0.2505783457277947,0.7521098486590752
35,0.3,0.8,0.16132204726593513,0.3848059282706385,0.8176747005815005
35,0.3,1.0,0.24579088070982336,0.5698188142881201,0.9489095110107466
35,0.5,0.4,0.14653098392947683,0.24247324192642036,0.6491502510056544
35,0.5,0.6,0.3000456455689183,0.379549872141744,0.5835600521723578
35,0.5,0.8,0.3048058558849746,0.5386582814602682,0.795151175533519
35,0.5,1.0,0.408994540897811,0.7146179851273007,0.8749578170198236
35,0.7,0.4,0.3509965747211887,0.34905428373518516,0.5917782236382153
35,0.7,0.6,0.5166276857261639,0.4916160923293725,0.6376591913843763
35,0.7,0.8,0.5098088812155425,0.6472595238838591,0.8146195294985676
35,0.7,1.0,0.5962748299703695,0.8084142236370246,0.9016774570208074
35,0.9,0.4,0.6367135096299297,0.4234741756844125,0.41460428078969125
35,0.9,0.6,0.6257442253679788,0.565402188023794,0.6361443870971016
35,0.9,0.8,0.7411589607599898,0.7168233387492582,0.7834923239355333
35,0.9,1.0,0.8121983911144781,0.8614324336308288,0.9197754494617142
36,0.1,0.4,0.015511869141181736,0.07980619897862266,0.8632380226933329
36,0.1,0.6,0.04899511233270209,0.13903874864513854,0.8384920177908375
36,0.1,0.8,0.07501440868794494,0.24781572752353087,0.8987992766974794
36,0.1,1.0,0.09175180730841014,0.37973046578117675,0.9744618611870302
36,0.3,0.4,0.06995942776129843,0.14719314391132512,0.6990237539849811
36,0.3,0.6,0.12264436740964307,0.24948249969036712,0.7460333186242565
36,0.3,0.8,0.16178512235285494,0.3983247689514489,0.811444058302081
36,0.3,1.0,0.2434255679459462,0.5657374075188966,0.8517067742373434
36,0.5,0.4,0.16687678754762958,0.25209505019497036,0.6317347446745828
36,0.5,0.6,0.20119684927452033,0.3698902574910221,0.6847316291888819
36,0.5,0.8,0.34107857127264113,0.5367662467914441,0.8016238491213882
36,0.5,1.0,0.45413802860803976,0.717285066033434,0.8914291702140258
36,0.7,0.4,0.34080520821599547,0.34199383181511367,0.49656929761066076
36,0.7,0.6,0.46547787827312226,0.4933969652942997,0.6900588888266583
36,0.7,0.8,0.5339361724483924,0.6548275139913703,0.7428892298435966
36,0.7,1.0,0.6047484069271453,0.8050101388618186,0.8586759068237902
36,0.9,0.4,0.5374960953333793,0.4250490185412408,0.5386715249787589
36,0.9,0.6,0.731008650723364,0.569260242970545,0.6211961326895297
36,0.9,0.8,0.7253123088739296,0.7161953774111008,0.7545795363016011
36,0.9,1.0,0.7815207770897488,0.8582320562930584,0.974539123369305
37,0.1,0.4,0.031092744019272502,0.08005016315781636,0.8330067561542989
37,0.1,0.6,0.02428636636534734,0.14451872395322873,0.9621670971616738
37,0.1,0.8,0.06521868623951085,0.24720513964708618,0.8641991319744312
37,0.1,1.0,0.08946547571943957,0.39442396154655407,0.9035354286247609
37,0.3,0.4,0.07665369810248349,0.14824779268014848,0.6664713513234662
37,0.3,0.6,0.1334464460844769,0.2549166765820965,0.7622385443376287
37,0.3,0.8,0.20965782099511285,0.40084079663180516,0.8151110755652381
37,0.3,1.0,0.21111825465473008,0.5704262249293044,0.8880887421107388
37,0.5,0.4,0.14236816734110314,0.2385762575687218,0.6501991228874944
37,0.5,0.6,0.2799130461611154,0.387342852430213,0.6875178176624015
37,0.5,0.8,0.40457805631300875,0.5440546084214964,0.8131343599411558
37,0.5,1.0,0.49941683224050176,0.7092636378947569,0.8441041967264011
37,0.7,0.4,0.3835327764589478,0.34122560846202826,0.5309383343216592
37,0.7,0.6,0.432029268926368,0.4898825660116924,0.6093015534017197
37,0.7,0.8,0.5103907542758026,0.6484496609000108,0.7760881123219586
37,0.7,1.0,0.6329784457578929,0.8122389243590389,0.8939808001712135
37,0.9,0.4,0.46237890567343515,0.42418638217184196,0.5229554998308964
37,0.9,0.6,0.6375124199007424,0.572315223775051,0.6239689849297019
37,0.9,0.8,0.7149712048506703,0.7180061923223097,0.750629773228056
37,0.9,1.0,0.8624972946044669,0.8617802893124656,0.9429708183744597
38,0.1,0.4,0.012370178323317287,0.08225166246603154,0.9321960106489253
38,0.1,0.6,0.038016627946153535,0.14600216066636096,0.8242006488558167
38,0.1,0.8,0.0496633486545373,0.24047945327866352,0.8261161346044608
38,0.1,1.0,0.054024012174459755,0.38373669644644814,0.9973004476455037
38,0.3,0.4,0.054817289928558915,0.14889963993421154,0.8105576485304298
38,0.3,0.6,0.13896579193329764,0.25996928548177517,0.7764820409879101
38,0.3,0.8,0.1858128195939912,0.3987168853528801,0.844267687375003
38,0.3,1.0,0.22392115530769893,0.5637178087714473,0.8732281184573054
38,0.5,0.4,0.15528528599480773,0.24945785570364898,0.6287467791999485
38,0.5,0.6,0.3002836882924745,0.3812419428079121,0.7365368074441067
38,0.5,0.8,0.4399458712563129,0.5522895421783084,0.6780536030690519
38,0.5,1.0,0.40610849461808274,0.717220197434389,0.8909416811007722
38,0.7,0.4,0.35139043610399967,0.3443353306479225,0.48001557378118637
38,0.7,0.6,0.4314201431577199,0.4941884329846975,0.6635459016973733
38,0.7,0.8,0.5489566484877894,0.647617346085894,0.7670978646167581
38,0.7,1.0,0.6225399515017032,0.8064688408398102,0.9198382123569119
38,0.9,0.4,0.5497538326139376,0.42700359804508947,0.45687842400302625
38,0.9,0.6,0.5657703675045062,0.5676240614692958,0.6791964608926994
38,0.9,0.8,0.7600609799884832,0.7142960478681386,0.7280680421487857
38,0.9,1.0,0.80811479213481,0.8622583215063248,0.9873755921952269
39,0.1,0.4,0.024401925365748006,0.08272663107482796,0.8541645011133637
39,0.1,0.6,0.042097489855018766,0.14190550419719472,0.9163729035776439
39,0.1,0.8,0.05751946998123156,0.2377504290177007,0.9238366340976263
39,0.1,1.0,0.10842115496885683,0.3801709560858944,0.846429031015071
39,0.3,0.4,0.06760102027994765,0.14934303361119372,0.7346731247272044
39,0.3,0.6,0.15504355405156653,0.24910284048138784,0.7049529343173897
39,0.3,0.8,0.1582235371315632,0.3916538466718549,0.8913314322384482
39,0.3,1.0,0.28823237943908836,0.5702236756507764,0.8686555310258175
39,0.5,0.4,0.14947392372766552,0.2519247581150664,0.6908992912564373
39,0.5,0.6,0.26324637470457984,0.3761432749078421,0.7047090663411326
39,0.5,0.8,0.37010798984399884,0.5432180165373185,0.8237698614212718
39,0.5,1.0,0.41741049505543587,0.715071292270194,0.890435283653504
39,0.7,0.4,0.31705799011431085,0.3502955624810887,0.5568884504531317
39,0.7,0.6,0.4675547487456002,0.49347675247384526,0.6213918845611105
39,0.7,0.8,0.5854191887159594,0.6558033918915271,0.6695525926099553
39,0.7,1.0,0.711073912697124,0.8122783879209519,0.8645277418441625
39,0.9,0.4,0.6457500565770768,0.4242655443062482,0.4120976095885138
39,0.9,0.6,0.6404697465917468,0.5668545017292692,0.6846889462060539
39,0.9,0.8,0.6860040445088007,0.713104917053247,0.7879158398939597
39,0.9,1.0,0.7877515160267607,0.8617105600515294,0.9553703899328554
40,0.1,0.4,0.023931299754669632,0.08127961179448134,0.8404299917161365
40,0.1,0.6,0.03569740179877055,0.1431758414805111,0.8098183503279626
40,0.1,0.8,0.06529829268574058,0.2509479649164676,0.869443369968239
40,0.1,1.0,0.07745787143347797,0.3823834943646179,0.9202207853765819
40,0.3,0.4,0.08439448730367588,0.14238880778432542,0.6927376356021416
40,0.3,0.6,0.12379091461259824,0.2502285830360455,0.7968985511564959
40,0.3,0.8,0.1922179647904002,0.39605407294044187,0.741022881144452
40,0.3,1.0,0.23287245814005378,0.5565001666647511,0.8323767607217579
40,0.5,0.4,0.18404567137655642,0.2450567741854618,0.6389042861658691
40,0.5,0.6,0.3126578496717496,0.38211564058661407,0.648947290925425
40,0.5,0.8,0.3723417883253923,0.5529304784444199,0.809349580870328
40,0.5,1.0,0.5039174204144253,0.7197113014786972,0.9303013510257508
40,0.7,0.4,0.3391581497237712,0.3424233400251991,0.5483929526557013
40,0.7,0.6,0.3825258600321141,0.4874507886484565,0.6506476578128213
40,0.7,0.8,0.5542463708596245,0.6487221496759308,0.7913684359897343
40,0.7,1.0,0.6178980362149621,0.8082703618961334,0.9368534954672126
40,0.9,0.4,0.5735175222404924,0.42196159916325576,0.47302271618888664
40,0.9,0.6,0.6661737577227949,0.5661708360375564,0.656819638445968
40,0.9,0.8,0.7500570639998386,0.7145224971272232,0.7458458047634079
40,0.9,1.0,0.7386382689356156,0.8641044677550881,0.9334511899672022
41,0.1,0.4,0.021810881848762932,0.07642560823683867,0.8652357444765523
41,0.1,0.6,0.03077376232327044,0.14433262517000797,0.8819453535344799
41,0.1,0.8,0.06058076039074682,0.24388770335864035,0.9128608446386469
41,0.1,1.0,0.0808043424829665,0.3963604147570529,0.9259658260481403
41,0.3,0.4,0.07037564956084225,0.15201517626689298,0.6937206786754615
41,0.3,0.6,0.09517044124154486,0.2543212045193273,0.7810354317373535
41,0.3,0.8,0.22371979395870145,0.38343229571814424,0.784572451177672
41,0.3,1.0,0.21802658567468983,0.5766539843146166,0.8698244395081055
41,0.5,0.4,0.18518066309047734,0.2384784830009639,0.6211222104938392
41,0.5,0.6,0.2482779194949884,0.3771693631782779,0.698746101933011
41,0.5,0.8,0.33242341716842266,0.544407004383011,0.7915136313650158
41,0.5,1.0,0.38703515823547185,0.7052591651557084,0.8383427629336538
41,0.7,0.4,0.4118945444404899,0.34772517767812355,0.5232022509615267
41,0.7,0.6,0.4360707715610107,0.49601643199716017,0.6786046152368475
41,0.7,0.8,0.5759286512899516,0.6534303140318393,0.7006588381949184
41,0.7,1.0,0.623120886254409,0.809817704046361,0.91865955794658
41,0.9,0.4,0.5743606562839536,0.4228659746248888,0.4156661353819014
41,0.9,0.6,0.6745994131220832,0.5704817050039664,0.7056128893952488
41,0.9,0.8,0.7689730448585483,0.7168964003569778,0.8189797821470289
41,0.9,1.0,0.829917456372293,0.8612473943919032,0.9552267501703162
42,0.1,0.4,0.012070833362388317,0.0822777453008887,0.8519005068228601
42,0.1,0.6,0.03656138277823588,0.14245615547379686,0.8243607935929954
42,0.1,0.8,0.06548614717594659,0.2427858409460675,0.8945164243024631
42,0.1,1.0,0.09016655031160205,0.3962819762575359,0.9365773589163802
42,0.3,0.4,0.0715430104963711,0.14999952675319547,0.715290335888273
42,0.3,0.6,0.10692226864270431,0.25880427437895076,0.7813193572692141
42,0.3,0.8,0.23402652507537375,0.4006338271205847,0.7756991288599384
42,0.3,1.0,0.2776835539102084,0.5676175302441007,0.8881847341894473
42,0.5,0.4,0.15524685170543168,0.2456633470297976,0.5989771116351934
42,0.5,0.6,0.30425279935536936,0.38984951776182225,0.666093913841042
42,0.5,0.8,0.39522404505710446,0.5445176304853302,0.735346795988972
42,0.5,1.0,0.4878605936333535,0.707528091668869,0.8631790446487334
42,0.7,0.4,0.30610971362324824,0.34377777744330484,0.5533005200422864
42,0.7,0.6,0.451250255782473,0.49085953542174954,0.6082889401989987
42,0.7,0.8,0.5599927794572824,0.6515879536991905,0.7282732257196568
42,0.7,1.0,0.5915430491348831,0.8063095697448208,0.9130192051353969
42,0.9,0.4,0.5597407860532543,0.42585076731167315,0.5047898300481337
42,0.9,0.6,0.6542060319414862,0.5684986571857086,0.6009902979602617
42,0.9,0.8,0.7643473608665734,0.7168177068745818,0.8146285179591928
42,0.9,1.0,0.7467933016268534,0.8585331847498399,0.9241047067481295
43,0.1,0.4,0.02400257745897019,0.075291112840743,0.8507409257082587
43,0.1,0.6,0.03149805849525919,0.14335031694007927,0.9142122424854036
43,0.1,0.8,0.061572974402501236,0.24495044927476464,0.9552148973956044
43,0.1,1.0,0.11309427506553747,0.3927765541924525,0.8751075942886114
43,0.3,0.4,0.06129880977175369,0.15119135709539028,0.7518824175174961
43,0.3,0.6,0.10775729698945659,0.2612169059274093,0.8529169838003803
43,0.3,0.8,0.2384183321274378,0.3949566856140928,0.8269224820280379
43,0.3,1.0,0.27093063675225815,0.5638073588317986,0.9305767805380781
43,0.5,0.4,0.17335769977603982,0.24803395859060637,0.5831896056388336
43,0.5,0.6,0.2614771266581464,0.38207242560176824,0.7406875990082504
43,0.5,0.8,0.3446751579630734,0.542235145496916,0.7666113023079036
43,0.5,1.0,0.4563097683696284,0.7115158765478866,0.8851261894072996
43,0.7,0.4,0.36668185482198934,0.35519663204217455,0.6142319184827595
43,0.7,0.6,0.4928700767373445,0.5035161757484086,0.6775172097824409
43,0.7,0.8,0.527789348652964,0.6531927808960764,0.8039012788443279
43,0.7,1.0,0.6540496617608247,0.8092169808229838,0.9325988767492163
43,0.9,0.4,0.5325304324389162,0.4196900893078989,0.4285807508190349
43,0.9,0.6,0.6492783062381531,0.5675594849537776,0.7114106683871548
43,0.9,0.8,0.7612282897662891,0.712962222819481,0.7693884692902822
43,0.9,1.0,0.8038569008295219,0.8616701851364127,0.9408616689767747
44,0.1,0.4,0.02257834061621629,0.08151023648627488,0.9098516027154635
44,0.1,0.6,0.029171896749153547,0.14424444667778094,0.9275816098811136
44,0.1,0.8,0.06709141208728692,0.24834825606457234,0.8768392506096216
44,0.1,1.0,0.10407028340930229,0.38013847717781707,0.9749837597625418
44,0.3,0.4,0.052645883814723085,0.14975450936119464,0.7863900800385604
44,0.3,0.6,0.1301996849713444,0.2510985054744801,0.7571941491873551
44,0.3,0.8,0.18734166165089977,0.4071462252383893,0.855336195112086
44,0.3,1.0,0.19070779772184684,0.5610461882005497,0.9536481988117409
44,0.5,0.4,0.182592109556843,0.24529836868255878,0.649770007024727
44,0.5,0.6,0.2486698203598396,0.38343001794241277,0.6866505393802753
44,0.5,0.8,0.29042177482393694,0.5437871519499246,0.7785915298953978
44,0.5,1.0,0.42191115432715,0.7228768575965534,0.8328128943686197
44,0.7,0.4,0.3517782637935596,0.35071289464429145,0.49036477411099844
44,0.7,0.6,0.42474332668999104,0.4925003880251897,0.715018603339456
44,0.7,0.8,0.5119479171436623,0.6530262715751379,0.8187851503566302
44,0.7,1.0,0.6331711270099056,0.8079233515944209,0.8234627588536054
44,0.9,0.4,0.5543459839574961,0.4213682008910195,0.49247322547614586
44,0.9,0.6,0.6323416023077503,0.569360915044356,0.6430451051996361
44,0.9,0.8,0.6877097624276465,0.7159500138767854,0.8113026812199351
44,0.9,1.0,0.8120378738841985,0.8627239247625451,1.0
45,0.1,0.4,0.01865398974405337,0.07886650177952062,0.8661225593083066
45,0.1,0.6,0.022927698939170356,0.1397953629543196,0.8622962947472521
45,0.1,0.8,0.07555195532671967,0.2437876162942397,0.8729989665686845
45,0.1,1.0,0.08407046469223348,0.37794520894640055,0.9234282984259891
45,0.3,0.4,0.08581981431794188,0.1533305502478836,0.7170663247060655
45,0.3,0.6,0.11336739108173531,0.25101085025285536,0.7651439170042009
45,0.3,0.8,0.19761982622467575,0.39949599980403694,0.788341808322101
45,0.3,1.0,0.2057065797371765,0.5703896791510118,0.9006744139869318
45,0.5,0.4,0.15143474592623815,0.24730087608636186,0.6544119741996919
45,0.5,0.6,0.26614096730961395,0.3848061106640359,0.7324356412456763
45,0.5,0.8,0.35251436042687334,0.54955541942033,0.7899302729320241
45,0.5,1.0,0.47842630036062894,0.7213298223061309,0.964574887692727
45,0.7,0.4,0.2981470864498796,0.3469576948806172,0.5791554151601497
45,0.7,0.6,0.4091589624433492,0.49182298677704184,0.683476696161085
45,0.7,0.8,0.584493340747382,0.6527371486562066,0.7010445088243291
45,0.7,1.0,0.6042223979359573,0.8109426521786669,0.8913632496306427
45,0.9,0.4,0.5323172816933931,0.42889897113855896,0.5060632334087647
45,0.9,0.6,0.6929402915931233,0.5637857385979351,0.5869568045085983
45,0.9,0.8,0.7457693264089085,0.7179117217396959,0.7517036341662653
45,0.9,1.0,0.7556269359928726,0.8641601302520143,0.9089509595214877
46,0.1,0.4,0.017275740200227877,0.08017748283781688,0.8965739603824786
46,0.1,0.6,0.05372944748932732,0.14548181127109125,0.8520982799185189
46,0.1,0.8,0.04664133783394241,0.2375559664298403,0.9595925087570669
46,0.1,1.0,0.0988410990949214,0.39352972490860305,0.889137526030551
46,0.3,0.4,0.06950328600566705,0.1430968981801692,0.7531130272142768
46,0.3,0.6,0.14627518946367563,0.2515689456584744,0.7408500931059461
46,0.3,0.8,0.16394804154709422,0.40489560500824584,0.7993191101191062
46,0.3,1.0,0.22421225148373347,0.5746386352563488,0.8787079105559382
46,0.5,0.4,0.17192301348711242,0.24431087782678743,0.6214237652407915
46,0.5,0.6,0.2543314774824962,0.3936874453487238,0.7437685714146793
46,0.5,0.8,0.32205368866169654,0.5455619049448247,0.8302951797662835
46,0.5,1.0,0.4016994003437914,0.7123637618087615,0.9125229023259959
46,0.7,0.4,0.30968205653983427,0.3465520510673142,0.5295669722532456
46,0.7,0.6,0.42127232891255767,0.4944962748855705,0.669667232159014
46,0.7,0.8,0.5409405897938202,0.6490137209505422,0.7184845241705536
46,0.7,1.0,0.612585941858436,0.8127642431980648,0.8935387385972829
46,0.9,0.4,0.5763142497179822,0.4226396323690696,0.4959863237543421
46,0.9,0.6,0.5576692355122812,0.5735137496198689,0.6671621784687217
46,0.9,0.8,0.7676173478368058,0.7165040021204514,0.8390843383554504
46,0.9,1.0,0.8252406489701828,0.8593408014574163,0.9301301829657552
47,0.1,0.4,0.011306090724078607,0.0774827600721465,0.9461263512207659
47,0.1,0.6,0.03629783199064906,0.1460714134046874,0.8189050328958646
47,0.1,0.8,0.05425590153401058,0.250519072290402,0.8389667189462202
47,0.1,1.0,0.11370198188552993,0.3862499006763141,0.9218266542769848
47,0.3,0.4,0.06319171730387615,0.15230015531067395,0.7369380605031765
47,0.3,0.6,0.11547561876221911,0.24832253827280518,0.7731870138680949
47,0.3,0.8,0.1642262749484397,0.38852552778999294,0.8332209232515823
47,0.3,1.0,0.24796390691971798,0.5634698089083534,0.9374102562709393
47,0.5,0.4,0.15692091266869362,0.24852489988892026,0.6412649916137654
47,0.5,0.6,0.2367253248651394,0.3845472704730232,0.6928935266375779
47,0.5,0.8,0.2916906793736094,0.5455613414006935,0.7234831231569488
47,0.5,1.0,0.4082241719194001,0.7112507930101147,0.8465183409987113
47,0.7,0.4,0.31018341634630364,0.3479793958023394,0.5394962322885785
47,0.7,0.6,0.4739183694184865,0.4905368618829293,0.6226884545941831
47,0.7,0.8,0.5254100381111065,0.6517271403216012,0.7670732926369133
47,0.7,1.0,0.5925752117658825,0.807797976891892,0.9752630918090218
47,0.9,0.4,0.5340153757698254,0.4228284133194795,0.45817515984595275
47,0.9,0.6,0.7230861648685345,0.5691090764536975,0.6416782296524399
47,0.9,0.8,0.6903224608451305,0.7169198692897085,0.7967599172667519
47,0.9,1.0,0.7994954545762477,0.8593552255301122,0.9148755781952853
48,0.1,0.4,0.01994644907860959,0.07657605432956703,0.8379247828744476
48,0.1,0.6,0.02585934449040525,0.1508382405568186,0.8708491468086165
48,0.1,0.8,0.03740782739445098,0.24053509690391195,0.9897052550772621
48,0.1,1.0,0.09286338551763623,0.38165065335967785,0.9270440234687906
48,0.3,0.4,0.04655544851270338,0.14256423820700023,0.8113120038976868
48,0.3,0.6,0.1294139082998975,0.2560710407055486,0.7434247731662799
48,0.3,0.8,0.14909365997871468,0.38654650306055544,0.8689728830448047
48,0.3,1.0,0.24307892559175318,0.5743180110976961,0.8545860442874702
48,0.5,0.4,0.16348535056269506,0.24604886596195855,0.6429684362835382
48,0.5,0.6,0.23076967669710996,0.3787541528385841,0.7212594247288222
48,0.5,0.8,0.38512292882469706,0.5406367064118511,0.7495199633338437
48,0.5,1.0,0.46667767973467733,0.7191791128128494,0.8774223892852644
48,0.7,0.4,0.3536672289140343,0.34612906694103024,0.5885987492982024
48,0.7,0.6,0.5003913604564116,0.49560870710194116,0.6342889177680594
48,0.7,0.8,0.599467023693119,0.6472469102165007,0.7298475293693782
48,0.7,1.0,0.6338938223717807,0.8128156942809222,0.8927568160398445
48,0.9,0.4,0.5009961750635973,0.4225481260343301,0.5437558451601138
48,0.9,0.6,0.6815473368245908,0.5702086151728467,0.6453838631780697
48,0.9,0.8,0.6875061474602788,0.7127861695259284,0.8032836648740066
48,0.9,1.0,0.8017081558775188,0.8621298784958454,0.9264977618344189
49,0.1,0.4,0.013798747084927747,0.07558366570443653,0.9430290978809592
49,0.1,0.6,0.03203858018828136,0.14266478162363344,0.9405642661862956
49,0.1,0.8,0.06714773305832009,0.24747769393992725,0.9189779835706366
49,0.1,1.0,0.08314539329479481,0.38407383813382756,0.9275256194187075
49,0.3,0.4,0.061420589632925654,0.14450010248621667,0.7757560234925421
49,0.3,0.6,0.10999475912238352,0.26174371241899996,0.8295743510607358
49,0.3,0.8,0.15545165210654258,0.40169249345178865,0.8005922720066684
49,0.3,1.0,0.27227505452043965,0.5726498909018152,0.8521672933472062
49,0.5,0.4,0.1967324730745004,0.24116067458494303,0.5842895163484865
49,0.5,0.6,0.24955555582770178,0.3770998394169929,0.7239572969524661
49,0.5,0.8,0.38986826936562824,0.5365756676142526,0.7652882299876927
49,0.5,1.0,0.4137804056236727,0.7063983175420625,0.8640288016936692
49,0.7,0.4,0.32171659109300776,0.34642750607142125,0.5598608524104477
49,0.7,0.6,0.4453879759382392,0.4921276157952061,0.6182759008275781
49,0.7,0.8,0.584085670796151,0.6502464396811589,0.7917727199952167
49,0.7,1.0,0.5950394877290834,0.809712519877582,0.8574507877998256
49,0.9,0.4,0.5538561645912675,0.4235018274386101,0.46234974823651576
49,0.9,0.6,0.6628748655999604,0.5636368295305306,0.5497440679579184
49,0.9,0.8,0.6844515717226343,0.7162587452199302,0.7665250467991276
49,0.9,1.0,0.7766667404978344,0.8619419513472637,0.9368064260799951
50,0.1,0.4,0.018584386494200668,0.07443742790655418,0.8798818812099934
50,0.1,0.6,0.03665317299655481,0.14854795474501925,0.9136482505508113
50,0.1,0.8,0.061938829688281266,0.2388038186889863,0.8971737932604098
50,0.1,1.0,0.09933575009984712,0.38824665825460847,0.8933961404985554
50,0.3,0.4,0.08385207334457258,0.15639087770606602,0.6862487555909007
50,0.3,0.6,0.09943331958655495,0.2529288160783799,0.820770122947341
50,0.3,0.8,0.22998492891444614,0.3997241900532285,0.7412835023679797
50,0.3,1.0,0.28543788274396914,0.562367291439167,0.8421835005723036
50,0.5,0.4,0.16272851790768073,0.2411285568985926,0.6727870485001675
50,0.5,0.6,0.22694093498533918,0.3832925829185724,0.7079119882526524
50,0.5,0.8,0.37799659209859315,0.5494693136689048,0.8121390128562643
50,0.5,1.0,0.43419153748719336,0.717630326008448,0.9172962898318835
50,0.7,0.4,0.3308821299038992,0.3419209469622655,0.5722584878299465
50,0.7,0.6,0.5115656801356261,0.48724344893386756,0.6153879249727104
50,0.7,0.8,0.6210706656593227,0.6488958508546717,0.7219654252090124
50,0.7,1.0,0.668469065219907,0.811074265584429,0.9486862092381532
50,0.9,0.4,0.5636932845408594,0.4212739807356198,0.43910622472935024
50,0.9,0.6,0.7003590315090599,0.570328562360529,0.5947344090891613
50,0.9,0.8,0.718972858800362,0.7182735235295833,0.7809941009733471
50,0.9,1.0,0.8236384434086993,0.8608901706112816,0.9784364668823446
51,0.1,0.4,0.011829387005869552,0.0815686072626799,0.9415725323762443
51,0.1,0.6,0.03956483995945029,0.14625223087609424,0.9066170052779297
51,0.1,0.8,0.08486039790431088,0.25229694962499816,0.8785193205938915
51,0.1,1.0,0.10549320885504831,0.385325354563257,0.8662646439619006
51,0.3,0.4,0.0711558475324895,0.1503760160306052,0.7861871652413783
51,0.3,0.6,0.1267399541042687,0.25073626588323783,0.7634036732960379
51,0.3,0.8,0.1938535688600392,0.4019451240519685,0.8398768457543399
51,0.3,1.0,0.2365571666437889,0.5772984140488854,0.904415584247101
51,0.5,0.4,0.13891723318551696,0.23685109896127673,0.7337923761661415
51,0.5,0.6,0.22973177717596158,0.3818041712355624,0.6870734284701955
51,0.5,0.8,0.3319004279752149,0.5500085373087062,0.7630903377995379
51,0.5,1.0,0.4230932752084118,0.7144499610507845,0.8749801516307897
51,0.7,0.4,0.37328016781245593,0.34006900597930045,0.47738660267634847
51,0.7,0.6,0.4410057078028752,0.49445876163946256,0.6578540371143652
51,0.7,0.8,0.5539423430687085,0.6480089168715647,0.7650501483472719
51,0.7,1.0,0.5995624714647452,0.8091852798074499,0.889215217156334
51,0.9,0.4,0.6210955969551988,0.42653493704116874,0.4452246114648696
51,0.9,0.6,0.7208311021160294,0.5666713806013516,0.584322414426791
51,0.9,0.8,0.7389009296155065,0.7142045824814857,0.7942200606318074
51,0.9,1.0,0.7886079703243396,0.8637909007972585,0.8641712607154223
52,0.1,0.4,0.019713130462174287,0.07367164357382114,0.866857812361852
52,0.1,0.6,0.0451736467389241,0.14011005443487778,0.8993754604668425
52,0.1,0.8,0.027440079777770902,0.23997436680367312,0.9345167191922773
52,0.1,1.0,0.10249180506829733,0.3999764816051974,0.9312234332674783
52,0.3,0.4,0.06451570511825656,0.14992137303314582,0.7391180474376315
52,0.3,0.6,0.13025555516489273,0.24706779755398475,0.7659863292719719
52,0.3,0.8,0.17796911652710312,0.3889879342461619,0.7849052219381938
52,0.3,1.0,0.2083633315517367,0.5626718717299891,0.934074078553927
52,0.5,0.4,0.15252954690801251,0.24580067367207947,0.5625207022049665
52,0.5,0.6,0.3072516357398506,0.37294100468521885,0.658739005890479
52,0.5,0.8,0.356704086349715,0.5377791434885225,0.7921605258796577
52,0.5,1.0,0.3878343008876326,0.7086488660079517,0.8038259165521219
52,0.7,0.4,0.3419438212653582,0.3459292998710953,0.5348592253636402
52,0.7,0.6,0.44651675812044944,0.4894334510502943,0.6567813084326425
52,0.7,0.8,0.5207246400950822,0.6571808434374357,0.8222124816342153
52,0.7,1.0,0.6341506092803306,0.8084736287863471,0.8758889779132291
52,0.9,0.4,0.535069447490392,0.4217330568039982,0.5233231392578122
52,0.9,0.6,0.6964269313791349,0.570561019734188,0.5769029774311514
52,0.9,0.8,0.7060878700040976,0.7195001741536198,0.8144484105244354
52,0.9,1.0,0.791772680494561,0.8617601785816325,0.9558860615293698
53,0.1,0.4,0.02033857208805661,0.07649533991456474,0.9283844002014807
53,0.1,0.6,0.039499005964347994,0.1420502186662838,0.9441262340669345
53,0.1,0.8,0.06588628446540347,0.24804808411048665,0.8848920483366692
53,0.1,1.0,0.09003578912986235,0.4023113083233653,0.9279261142496554
53,0.3,0.4,0.06811095974603885,0.14099557764503434,0.75608024529865
53,0.3,0.6,0.08895682663682997,0.2572088356228686,0.8355551673171374
53,0.3,0.8,0.16338590358147806,0.3967327798942977,0.8274756039609964
53,0.3,1.0,0.24342395645075507,0.5678515453462625,0.8583889409499882
53,0.5,0.4,0.16971401729481533,0.2357114152116848,0.6160433968910196
53,0.5,0.6,0.28755560804350005,0.37829574367334484,0.681921768545743
53,0.5,0.8,0.3385610668181276,0.5377227780172581,0.8195576728571361
53,0.5,1.0,0.44582500750254056,0.7201364870847655,0.8750534688001009
53,0.7,0.4,0.31251877411693463,0.34478813319371193,0.5238386026443067
53,0.7,0.6,0.48292221593815754,0.49655742805759007,0.6410576080891909
53,0.7,0.8,0.5172419645095752,0.6501866404135664,0.826828625907274
53,0.7,1.0,0.6900087140002921,0.8087009192336048,0.8893049565337678
53,0.9,0.4,0.555949925011984,0.42836762558504227,0.4754726169616449
53,0.9,0.6,0.6933023064429201,0.5648403031369285,0.605428464720682
53,0.9,0.8,0.775219372275475,0.7140135465264562,0.7808159389889591
53,0.9,1.0,0.7433851967676671,0.8604671595149003,0.9308794701073947
54,0.1,0.4,0.02692798339192122,0.08015034284452045,0.8789029846081967
54,0.1,0.6,0.040235739124099106,0.14314262712402476,0.853906078314851
54,0.1,0.8,0.055275350107060375,0.2338318530775606,0.8674036494707267
54,0.1,1.0,0.09388344079454417,0.4097154539640656,0.895079281647841
54,0.3,0.4,0.05339831166636428,0.14461844178680566,0.794482428281109
54,0.3,0.6,0.11418334259149261,0.2606564195597121,0.756675301743153
54,0.3,0.8,0.17034036856356433,0.40273062360640705,0.7985315792854699
54,0.3,1.0,0.25138980298406516,0.5684068540225871,0.8696003536473941
54,0.5,0.4,0.1844815298947133,0.24134513904902907,0.6357495269697017
54,0.5,0.6,0.2400818478935211,0.37982017184088684,0.6822916663596654
54,0.5,0.8,0.2560442154885961,0.5434940194475313,0.8312193972538275
54,0.5,1.0,0.46524273402005395,0.7122559152426327,0.886448823214451
54,0.7,0.4,0.30725603448770483,0.3505475171992268,0.525195785706613
54,0.7,0.6,0.42219941534113414,0.4939149579554157,0.5933644021420773
54,0.7,0.8,0.5537322797438737,0.6574567928328474,0.7507228489037153
54,0.7,1.0,0.6936423628058583,0.8094946346371159,0.9282335971300423
54,0.9,0.4,0.5198751414138174,0.4218090223948234,0.5236686529501878
54,0.9,0.6,0.6099565772919447,0.5703589441641542,0.6391281773547491
54,0.9,0.8,0.7227472437581245,0.7140968470365512,0.7613107096546139
54,0.9,1.0,0.7486733436717729,0.862302204653241,0.9339729446861672
55,0.1,0.4,0.017417823027328118,0.08187069377763673,0.842760132977837
55,0.1,0.6,0.04552432941352352,0.1484182468941758,0.8470090919231442
55,0.1,0.8,0.045971857642174624,0.2389111402553194,0.9109352249251835
55,0.1,1.0,0.09120016745148209,0.3926395803472097,0.9580574592141757
55,0.3,0.4,0.07419040714888875,0.14916016626657125,0.655017168002745
55,0.3,0.6,0.10702218503295341,0.25131506350013233,0.8095676183133267
55,0.3,0.8,0.2131865946238511,0.40094911469883143,0.7616466158842543
55,0.3,1.0,0.2543450966105087,0.562295448333971,0.7938298755039485
55,0.5,0.4,0.15764506219693858,0.2438522359786762,0.6006575746294686
55,0.5,0.6,0.22695748318281592,0.38894107563486924,0.7363495541368114
55,0.5,0.8,0.37546912990341585,0.5383412172223033,0.7425192753497019
55,0.5,1.0,0.4559526885756579,0.7157344971770427,0.9146901416473348
55,0.7,0.4,0.30444597431060044,0.34388688344983204,0.571120354972234
55,0.7,0.6,0.4919069646730095,0.496551872614439,0.5815974452902699
55,0.7,0.8,0.5018763264343112,0.6525328942403935,0.7557120364256925
55,0.7,1.0,0.5881685028653872,0.8165751558669254,0.9337462669726475
55,0.9,0.4,0.4904283824646477,0.4270975601758771,0.44846566886538863
55,0.9,0.6,0.5813338587201767,0.5659915417356003,0.6132040042314924
55,0.9,0.8,0.7058073767132967,0.7173818148193917,0.8007523812160471
55,0.9,1.0,0.7940007186170261,0.862436756317128,0.906030009406277
56,0.1,0.4,0.03169338273853664,0.07600529667840246,0.8373752158084505
56,0.1,0.6,0.04067973005916727,0.13723494196853242,0.8326028729794557
56,0.1,0.8,0.05199172473263006,0.24401401393783925,0.8442764044568553
56,0.1,1.0,0.09543443491434321,0.37731753830957193,0.9025081647405339
56,0.3,0.4,0.08253165817276742,0.14869564344104386,0.7237490998485496
56,0.3,0.6,0.11554405699978029,0.25587480201183044,0.799621902412211
56,0.3,0.8,0.1720427113899466,0.387743862065345,0.8295029645010332
56,0.3,1.0,0.3207974682143329,0.5656869344791102,0.8700708253497021
56,0.5,0.4,0.15318908478212206,0.23845917403440647,0.6738033418682636
56,0.5,0.6,0.26128009136490266,0.37882377494319447,0.7372238383152394
56,0.5,0.8,0.3841046854067197,0.5421319860570833,0.7922194047455233
56,0.5,1.0,0.39047497957247995,0.7306839683133223,0.9023102982180757
56,0.7,0.4,0.3846163443114118,0.3496574898535009,0.5128665518517292
56,0.7,0.6,0.40802904384684413,0.49205841070905443,0.6327575975939352
56,0.7,0.8,0.5364245119182992,0.6538635781409324,0.8177226736629561
56,0.7,1.0,0.5991246537090126,0.8103430435378789,0.9461509010049919
56,0.9,0.4,0.5790619514341288,0.4236007691299693,0.45249210501989223
56,0.9,0.6,0.636332967115698,0.5685504001673144,0.6603164589800489
56,0.9,0.8,0.7556156514850817,0.7202796688315166,0.7985767870974777
56,0.9,1.0,0.790858132590457,0.8595794629591714,0.9116162857003496
57,0.1,0.4,0.0248544698865339,0.07902850472567373,0.804177040400485
57,0.1,0.6,0.036037514737924936,0.14253276254392702,0.7996984042736235
57,0.1,0.8,0.07490893377959625,0.24992068683553464,0.927600443722062
57,0.1,1.0,0.11771303474282145,0.4021414537589864,0.9237118256579091
57,0.3,0.4,0.06537087345590151,0.14595759654707136,0.7590639962939297
57,0.3,0.6,0.09787393098441856,0.26403572258711494,0.8087755771870149
57,0.3,0.8,0.1365828490585547,0.3977680186477237,0.8752111103802253
57,0.3,1.0,0.24554333486766347,0.5573162103641646,0.9038268238975616
57,0.5,0.4,0.15429444198330589,0.23661478956334997,0.6548058965615801
57,0.5,0.6,0.2808678352024412,0.37878840745580933,0.6917217759634142
57,0.5,0.8,0.2796981004106081,0.5333817531955248,0.8503680436464839
57,0.5,1.0,0.4441477382544316,0.7126189903968622,0.8370412235070073
57,0.7,0.4,0.3721727095643021,0.35395119535523495,0.5370437853698379
57,0.7,0.6,0.4257646348781353,0.4923691436234605,0.6858568002065731
57,0.7,0.8,0.5148916079405299,0.6520214006057262,0.8267633732380681
57,0.7,1.0,0.6017694290891312,0.8070244557694863,0.8935241699426345
57,0.9,0.4,0.6017655025503488,0.4263092232409117,0.47526815192208804
57,0.9,0.6,0.6355046949195409,0.5673247336090393,0.5842000002678039
57,0.9,0.8,0.6938634132434268,0.7167909472292802,0.7469395440589622
57,0.9,1.0,0.8196058604885919,0.8623648684274845,0.9815313262077522
58,0.1,0.4,0.0160819511018184,0.08178817068314728,0.9012224614339521
58,0.1,0.6,0.026376892434651036,0.14117929114335065,0.9593303254462408
58,0.1,0.8,0.049100655717574326,0.2460690085799507,0.9054195401184897
58,0.1,1.0,0.06234601929054736,0.3953857005293505,0.9120552645418843
58,0.3,0.4,0.04896340795161127,0.1482983705323945,0.8213532516969355
58,0.3,0.6,0.15427214226378785,0.2526217312597011,0.7005094170272225
58,0.3,0.8,0.207360061976136,0.396410606887736,0.8065641461081373
58,0.3,1.0,0.2370590417011934,0.5678013226878444,0.9129517601449261
58,0.5,0.4,0.14134411177935144,0.24180916639075367,0.6652989236774111
58,0.5,0.6,0.22478025690323458,0.3822592041949146,0.7152947383351137
58,0.5,0.8,0.3278759554023971,0.5509001044226232,0.8109530187258768
58,0.5,1.0,0.47566732677463475,0.7150419933470102,0.9366035647679208
58,0.7,0.4,0.35937309984957616,0.34160350230288483,0.5524017612606821
58,0.7,0.6,0.4121747903784637,0.493834408359458,0.6579272559744891
58,0.7,0.8,0.5706327432494729,0.6568086467221078,0.7804344452355184
58,0.7,1.0,0.6329209989342438,0.8133473976821947,0.8900509173206814
58,0.9,0.4,0.7025049567256445,0.42395573789672336,0.41321380046184497
58,0.9,0.6,0.5977230467346691,0.5701993115745103,0.6596961712604197
58,0.9,0.8,0.6964720893456104,0.7191999945873819,0.7989213085593857
58,0.9,1.0,0.8033925561737462,0.8633887314642575,0.9368484044346751
59,0.1,0.4,0.023464784470462064,0.07864249317159488,0.805807985685771
59,0.1,0.6,0.03408815649024153,0.14597027314619035,0.9073081761894464
59,0.1,0.8,0.06801015898398359,0.2612181049423386,0.8887031256143386
59,0.1,1.0,0.14937317608562875,0.3944091431550993,0.8623275447857046
59,0.3,0.4,0.06510575453902712,0.145506867638845,0.7342033446131818
59,0.3,0.6,0.07946180939683173,0.25408611490759997,0.8410561393735929
59,0.3,0.8,0.19891644900704647,0.3881468361285762,0.810671312144821
59,0.3,1.0,0.27532663180515643,0.5500912716267817,0.8340254790415665
59,0.5,0.4,0.1605267678437162,0.24932145036078945,0.6540158575280781
59,0.5,0.6,0.25996583384944544,0.38024410927893504,0.7056242385886653
59,0.5,0.8,0.3239847944633242,0.5435043277437475,0.8233170752865583
59,0.5,1.0,0.4558771218318766,0.7136649641260822,0.874281316028842
59,0.7,0.4,0.3422327649222795,0.350197845755743,0.5578216963821664
59,0.7,0.6,0.43027076909952205,0.4933336335691637,0.6674476218385713
59,0.7,0.8,0.585402406821377,0.6550140218021177,0.8120005018686465
59,0.7,1.0,0.6771032463878794,0.8076163195732597,0.9201962180341842
59,0.9,0.4,0.4521220446188578,0.42301023403683885,0.550126994515304
59,0.9,0.6,0.7064932395301956,0.5714535863741875,0.6413209221988251
59,0.9,0.8,0.7349734838827653,0.7188743580458766,0.8250104336260281
59,0.9,1.0,0.7604389782471601,0.8616460481481133,0.9441516988468587
60,0.1,0.4,0.01474232417794561,0.08233601050693384,0.94502428718505
60,0.1,0.6,0.05531117954319101,0.1390273704907584,0.8655545530629285
60,0.1,0.8,0.07268141268140607,0.24868339711104887,0.8993716244118957
60,0.1,1.0,0.08888026158152891,0.38367180441176524,0.9288180728025521
60,0.3,0.4,0.06572374664778602,0.14615954336574416,0.7740968957736125
60,0.3,0.6,0.12174527198084134,0.2636553902758514,0.7681672449200578
60,0.3,0.8,0.19298477063139352,0.3943288674726891,0.8130620848972842
60,0.3,1.0,0.24424731443955888,0.5564122986055675,0.8577902686217005
60,0.5,0.4,0.14206457411162438,0.2485658223914118,0.6411342186241382
60,0.5,0.6,0.21559008394826262,0.37897644365078315,0.7894149917120948
60,0.5,0.8,0.30045930878961224,0.5388550400514797,0.7585595444934099
60,0.5,1.0,0.3848418552012901,0.707938161553566,0.8310036008574789
60,0.7,0.4,0.3193438974121067,0.3515145161633058,0.5994933600407389
60,0.7,0.6,0.447577296287471,0.49690200516019445,0.6936049572006296
60,0.7,0.8,0.5685080453665163,0.6563816019870076,0.7830323304172633
60,0.7,1.0,0.6112694974626591,0.8109478342435031,0.9156751232283782
60,0.9,0.4,0.6457971231815715,0.4209016735421231,0.4278414753927347
60,0.9,0.6,0.6245261652999329,0.5693663174274195,0.5940704853753365
60,0.9,0.8,0.7080179138477145,0.716283240273308,0.8219973403796228
60,0.9,1.0,0.7803497700671341,0.861780409411614,0.9036226113735086
61,0.1,0.4,0.0170946740196342,0.07864499456198476,0.870110184704959
61,0.1,0.6,0.03240459535309196,0.14621716145445363,0.8972193540733512
61,0.1,0.8,0.07901464505872004,0.24972292521930106,0.8671814434312524
61,0.1,1.0,0.11553862125284166,0.3963321677030045,0.8550032472230579
61,0.3,0.4,0.048715990577189616,0.144326053960609,0.808224117474846
61,0.3,0.6,0.09835847657673669,0.240813171358377,0.8487518729533199
61,0.3,0.8,0.1446120159355721,0.40108649833466065,0.8374181401330599
61,0.3,1.0,0.27635808620100116,0.5616517438818796,0.8839847368332262
61,0.5,0.4,0.16149535015091018,0.2382085402050271,0.6505981069810358
61,0.5,0.6,0.3188196874061145,0.38092199110990455,0.652021913405953
61,0.5,0.8,0.37764459441540543,0.5451444323539373,0.7395459737260237
61,0.5,1.0,0.46766763506239845,0.7200836019517144,0.8650379423085349
61,0.7,0.4,0.33068317856772217,0.3436110933019098,0.5472143894723738
61,0.7,0.6,0.3721612833462132,0.49003024212904295,0.6819834857218763
61,0.7,0.8,0.5285166657353493,0.6498236662298029,0.7624933706599087
61,0.7,1.0,0.6064350711267502,0.8088537282797764,0.9122569157906857
61,0.9,0.4,0.5133554145830891,0.4227774604469626,0.4694802377191081
61,0.9,0.6,0.6793329036610644,0.5693949295356656,0.6136331218660475
61,0.9,0.8,0.7721196248934565,0.7184666016353131,0.771984997207127
61,0.9,1.0,0.8294123013773755,0.8635361721237874,0.9294360787945235
62,0.1,0.4,0.02123632379095508,0.07945603881429332,0.8893705977082429
62,0.1,0.6,0.028870602410669417,0.147515030268177,0.9209304938573359
62,0.1,0.8,0.050678324019676736,0.24054473025067705,0.9289336106414724
62,0.1,1.0,0.11617519356629327,0.39786471946018576,0.9282919191508755
62,0.3,0.4,0.0600309282393048,0.15256029090457776,0.7892440162540972
62,0.3,0.6,0.07894563024797605,0.2574902021323642,0.8084454742828003
62,0.3,0.8,0.20824851025459926,0.3967356552109979,0.7353962277652787
62,0.3,1.0,0.2768003344972964,0.5558768873776477,0.8766863151953034
62,0.5,0.4,0.15160591724517392,0.24596493062063696,0.6576071040866754
62,0.5,0.6,0.25305396165164423,0.37637115545648897,0.7038039621997263
62,0.5,0.8,0.3403989404820923,0.5429054042183732,0.7967414663126507
62,0.5,1.0,0.4667464597685429,0.7132113520838347,0.9250154162949321
62,0.7,0.4,0.30156975334740044,0.35164595469774823,0.606342848685556
62,0.7,0.6,0.4716223084337296,0.4993833350353925,0.6324201125837537
62,0.7,0.8,0.5616284200230262,0.6549171397293632,0.8279548881329402
62,0.7,1.0,0.6363612508861806,0.8164825536350568,0.9495564704964295
62,0.9,0.4,0.4951787907662699,0.42855909391622354,0.5135153453551382
62,0.9,0.6,0.5930332877987378,0.5680607631440338,0.6365400074630142
62,0.9,0.8,0.7128475672061685,0.7133747691434862,0.7658516501109652
62,0.9,1.0,0.7945969822846943,0.8627762683349679,0.9615812918181713
63,0.1,0.4,0.02184138813714684,0.07909019600288589,0.8318886832452373
63,0.1,0.6,0.03312859065206776,0.14285890742831564,0.8703671350399395
63,0.1,0.8,0.0611957473728883,0.25039613287243057,0.8341085439577257
63,0.1,1.0,0.07815111677511415,0.37867057594481185,0.9231238468577222
63,0.3,0.4,0.07891507367732488,0.14541641885296108,0.6782108025866946
63,0.3,0.6,0.12681835044890524,0.25575396686104207,0.7678223366484129
63,0.3,0.8,0.1657676538633067,0.4031391800455002,0.8445767268151301
63,0.3,1.0,0.21906209715262018,0.5612358764018807,0.8082953815868669
63,0.5,0.4,0.14067541293220837,0.2481185598715323,0.6800833720254451
63,0.5,0.6,0.2516983945512785,0.3775715186843534,0.7062967994117343
63,0.5,0.8,0.374821713053532,0.5490812005401237,0.813240900337317
63,0.5,1.0,0.41767881199836515,0.7167706772872497,0.9195519831387984
63,0.7,0.4,0.3429658071715728,0.34154593478919926,0.5002835405890371
63,0.7,0.6,0.3434142805749811,0.49471821201710875,0.7446982251353549
63,0.7,0.8,0.549081616563796,0.6464598806776269,0.7739023134863154
63,0.7,1.0,0.6254431689130728,0.8094712202739948,0.847345929729073
63,0.9,0.4,0.5952496633643474,0.4249329373784392,0.5393765325124771
63,0.9,0.6,0.6033958327563957,0.5692432823735034,0.6592354896167655
63,0.9,0.8,0.7939475193965401,0.7163092747479971,0.8320509701332288
63,0.9,1.0,0.8075070648160412,0.8600968011849611,0.9720437400748005
64,0.1,0.4,0.015075094298713149,0.0790379788750361,0.9164964888002222
64,0.1,0.6,0.02787054899585115,0.14068878501038298,0.9088201419344846
64,0.1,0.8,0.0424098981522958,0.24841348098504024,0.912869990103263
64,0.1,1.0,0.06454004639118945,0.3735838805859842,0.9680745485886464
64,0.3,0.4,0.06947157762590907,0.14174386744211737,0.7657780262452645
64,0.3,0.6,0.11398631537143658,0.25021367125612903,0.7720681170719476
64,0.3,0.8,0.18729099090161225,0.39314645337260573,0.7937021556570091
64,0.3,1.0,0.24396195288053568,0.5578046926041064,0.9601463621060616
64,0.5,0.4,0.15155803928716008,0.24285649446255747,0.713896704530762
64,0.5,0.6,0.2397920369795378,0.3844026449532614,0.7453234139441465
64,0.5,0.8,0.2612321329443144,0.5371977080288812,0.8015533602018282
64,0.5,1.0,0.3823811063188195,0.7108893357180087,0.9101076969345897
64,0.7,0.4,0.3570071713314871,0.34053627570767303,0.5903414196339495
64,0.7,0.6,0.4191419539755169,0.49236925177017526,0.6850844184397691
64,0.7,0.8,0.5028693777003557,0.652220857948163,0.7601340190400631
64,0.7,1.0,0.6157783621558997,0.8076389557305529,0.8778320511370927
64,0.9,0.4,0.5587336989500533,0.4220037003569234,0.46372202945913743
64,0.9,0.6,0.6749970881877033,0.5668244371578977,0.6809083975032508
64,0.9,0.8,0.7416608912912211,0.7147603704012084,0.8025772022487789
64,0.9,1.0,0.8167569551217517,0.8615555466714417,0.9599051807203319
65,0.1,0.4,0.010936482831407754,0.07886814449960546,0.9238418914569374
65,0.1,0.6,0.0480076438732465,0.14330458177982106,0.8380985045284896
65,0.1,0.8,0.07150208345759053,0.24551260991910087,0.8520889512236464
65,0.1,1.0,0.1187733261218621,0.3973580907952224,0.9359847085499107
65,0.3,0.4,0.06790503323888698,0.14823801075791537,0.6887591166233161
65,0.3,0.6,0.12798040448544556,0.2510490937198154,0.7906122941195602
65,0.3,0.8,0.2214490767800339,0.38091461621819683,0.7857545654385105
65,0.3,1.0,0.2698571236080262,0.5743078573905324,0.9086740570179681
65,0.5,0.4,0.15852486493977375,0.2487844902163166,0.6289699526001853
65,0.5,0.6,0.25715330746063925,0.3860901967476617,0.6607588457380408
65,0.5,0.8,0.40116038329050985,0.5455103664708953,0.7156108884500507
65,0.5,1.0,0.41311213629160237,0.711152398887821,0.9251439005816253
65,0.7,0.4,0.30268198738852137,0.34352226870597846,0.5835392876473848
65,0.7,0.6,0.40611910012133157,0.49505824099947493,0.7816089999472202
65,0.7,0.8,0.5912418411114696,0.6574624660470376,0.7442965052425237
65,0.7,1.0,0.5746824275471255,0.8075447405410531,0.9503430614986194
65,0.9,0.4,0.637367083973805,0.42507174243473106,0.4555436030521779
65,0.9,0.6,0.7396552968010351,0.5676687289761913,0.7078749920731217
65,0.9,0.8,0.7086149427323041,0.7206870748373292,0.8072514979838925
65,0.9,1.0,0.823464958206227,0.8614285410358391,0.9555497591574214
66,0.1,0.4,0.021025913913740382,0.07804050652391932,0.86685195355698
66,0.1,0.6,0.0341364146858982,0.14480297604502973,0.9419306359177105
66,0.1,0.8,0.044371090290681876,0.24195154396263907,0.9015626589667727
66,0.1,1.0,0.0890969856251231,0.39206252943516545,0.9356734629856667
66,0.3,0.4,0.05627030841137439,0.15135025227196694,0.7747902943488197
66,0.3,0.6,0.1128015791323377,0.25812319743782725,0.8126759879251573
66,0.3,0.8,0.16277402628393145,0.3930060369946826,0.852784987056261
66,0.3,1.0,0.22464195813237586,0.5711157119860365,0.886491847298017
66,0.5,0.4,0.18272337245200523,0.24911163743823253,0.5724401939089565
66,0.5,0.6,0.2637947260191711,0.379478180630251,0.7240057971525916
66,0.5,0.8,0.34056919419924647,0.5351503255200601,0.774119792265083
66,0.5,1.0,0.4677090285860909,0.7092153893128926,0.9433668385665055
66,0.7,0.4,0.29106262274622663,0.3515409392640323,0.5890333943583421
66,0.7,0.6,0.42455468996388607,0.483493019001829,0.7068526243995492
66,0.7,0.8,0.5746838539209582,0.6593946163054835,0.8005993040886722
66,0.7,1.0,0.610440729635045,0.8059110419224073,0.9127537025287743
66,0.9,0.4,0.4518853002471351,0.4209891624182986,0.5065486917907566
66,0.9,0.6,0.6509092199094613,0.5744669539413233,0.6448304877724087
66,0.9,0.8,0.6978725115015645,0.7171117709123749,0.7405966318691672
66,0.9,1.0,0.8502979758694751,0.8597518099300019,0.9695175851877484
67,0.1,0.4,0.020082994977718552,0.07659272355331702,0.8274901461057941
67,0.1,0.6,0.031347134097291146,0.14788843895525675,0.8888371068150589
67,0.1,0.8,0.059371336676146205,0.24674042627887707,0.9341839337673966
67,0.1,1.0,0.09310994868192246,0.3958065092202435,0.8867364987288571
67,0.3,0.4,0.07941548670793194,0.14814010822250961,0.6520905765733129
67,0.3,0.6,0.13871842396893336,0.2481165327090336,0.6897886913262611
67,0.3,0.8,0.16352795817186094,0.40918934792928124,0.8452529345072642
67,0.3,1.0,0.22931697158222247,0.5608877030615541,0.9496236978889712
67,0.5,0.4,0.20171403731120877,0.24639380547125356,0.5670686534757887
67,0.5,0.6,0.2606678190394278,0.3786523949529176,0.681248041626091
67,0.5,0.8,0.3853602309203172,0.5374361418179945,0.7271711934273286
67,0.5,1.0,0.4186743081293265,0.7272259298893485,0.8875080820277157
67,0.7,0.4,0.31322617923837287,0.3497995533019136,0.5831942541708713
67,0.7,0.6,0.43025331429045,0.496622438960431,0.686798050594875
67,0.7,0.8,0.5476202817913172,0.6499031727044008,0.7380036746531686
67,0.7,1.0,0.6019889363774988,0.8089482862891878,0.8853834567083895
67,0.9,0.4,0.555283507143911,0.4266190649229753,0.4891787484683008
67,0.9,0.6,0.5916931722559523,0.5681481386533965,0.6594592669542146
67,0.9,0.8,0.792746829624754,0.7171673928064642,0.7645565919466994
67,0.9,1.0,0.7389980088068203,0.8620260000432819,0.9604006059545499
68,0.1,0.4,0.026379743166522647,0.0828846207449064,0.8430626855940779
68,0.1,0.6,0.03482997450761719,0.14193115536534429,0.9112093308456031
68,0.1,0.8,0.06265867956030732,0.24873731058575307,0.8710882492141181
68,0.1,1.0,0.13986626971786884,0.382474280558848,0.9088986211327194
68,0.3,0.4,0.06812856920718496,0.1528880562708174,0.8065852035856652
68,0.3,0.6,0.1437058878619615,0.24731562990259867,0.6929555202940485
68,0.3,0.8,0.17762103146299243,0.39599051847896793,0.8223791735463838
68,0.3,1.0,0.21755829215778288,0.5624229553297638,0.8706398803471246
68,0.5,0.4,0.15566018638038936,0.2511606329906636,0.6898535022483555
68,0.5,0.6,0.21899139181306826,0.38872362489301665,0.7733014267386266
68,0.5,0.8,0.37711983129642385,0.5422835891199314,0.754947685330766
68,0.5,1.0,0.4206732564966491,0.7149156520965916,0.857472118134517
68,0.7,0.4,0.3457632806829573,0.3494141303760114,0.597297793870135
68,0.7,0.6,0.46466714031473005,0.49645319010789385,0.664291200026341
68,0.7,0.8,0.4841295150858555,0.6535142997645156,0.800125960368668
68,0.7,1.0,0.6378747239487198,0.8090941143393399,0.9253601831769074
68,0.9,0.4,0.44851443350619424,0.41986528743915735,0.5255574892939061
68,0.9,0.6,0.7337418011506537,0.5713689799354654,0.5806823174241527
68,0.9,0.8,0.7038842420549983,0.7126266305910575,0.7362765025363751
68,0.9,1.0,0.8264336182553655,0.8605410855136174,0.9431220961207891
69,0.1,0.4,0.02748769212568473,0.07852161977116386,0.8646295916722846
69,0.1,0.6,0.050394654666116354,0.14685953197014143,0.7936243928680398
69,0.1,0.8,0.06131373095647624,0.25190350833700326,0.9171584204541001
69,0.1,1.0,0.11253998009370582,0.3888863305518683,0.8895252328414311
69,0.3,0.4,0.07008544280797105,0.14591634158269193,0.7088560850109418
69,0.3,0.6,0.11622636933256597,0.2650226804884275,0.7794613687081595
69,0.3,0.8,0.1308463227469294,0.40707007659862643,0.8670956670442801
69,0.3,1.0,0.2673215142100865,0.5669224279871166,0.8798204169726207
69,0.5,0.4,0.14083886426248293,0.2446647207779437,0.6784161040033841
69,0.5,0.6,0.24086090492683102,0.36758388905836115,0.7346969190807904
69,0.5,0.8,0.3482256383585698,0.5393550528340222,0.8344571537602671
69,0.5,1.0,0.4920277580639756,0.7196496515400516,0.8629817236112913
69,0.7,0.4,0.33652599710521663,0.34796375026404475,0.5881007704476239
69,0.7,0.6,0.503553224108991,0.49925240291675815,0.64739378201482
69,0.7,0.8,0.5956403219079859,0.649038637117636,0.7213932939743604
69,0.7,1.0,0.6602525047115363,0.8086083609969398,0.9044689889625748
69,0.9,0.4,0.5022329519210652,0.42578887010342115,0.505748398973034
69,0.9,0.6,0.6733553481821135,0.5669600631207048,0.638279375034033
69,0.9,0.8,0.6748742290478189,0.716710264763611,0.7374570040898044
69,0.9,1.0,0.7620162631583041,0.8631259659393707,0.9984348168854578
70,0.1,0.4,0.022044534401617508,0.08069490896279838,0.8634255611819563
70,0.1,0.6,0.034466721405127625,0.14160183571135235,0.9200161740386726
70,0.1,0.8,0.04699714306477217,0.24244296651631173,0.874973327355166
70,0.1,1.0,0.0907588960741576,0.3745968429570473,0.8921316670931004
70,0.3,0.4,0.07279685864884274,0.14531431093867644,0.7523810326415754
70,0.3,0.6,0.11691726115080314,0.260853572469505,0.827117195082465
70,0.3,0.8,0.1702443341751524,0.39936181098443685,0.8804120712041188
70,0.3,1.0,0.3129838582418592,0.5514545385854158,0.8673108675101293
70,0.5,0.4,0.20431364805186708,0.24751582130543506,0.6059244586678358
70,0.5,0.6,0.24595311169405437,0.37522623554218654,0.6948698116292905
70,0.5,0.8,0.35873742841930073,0.5410898686816091,0.7738463388870394
70,0.5,1.0,0.34773440563716795,0.715265151701792,0.8301009111141591
70,0.7,0.4,0.32057823324243634,0.34396631838778247,0.6449895363844247
70,0.7,0.6,0.43916989482016733,0.49449766191959077,0.6982326132506262
70,0.7,0.8,0.5021535469747399,0.6498437667846074,0.7860992474093379
70,0.7,1.0,0.6911089641073056,0.8096713907380279,0.877766627051243
70,0.9,0.4,0.6780584769676505,0.42050310559333104,0.423434547147849
70,0.9,0.6,0.6070062364311045,0.56891842468295,0.6318292771997568
70,0.9,0.8,0.7107429919933752,0.7141253597327838,0.821490765083296
70,0.9,1.0,0.7943883961851913,0.8637503411237764,0.9899623833919673
71,0.1,0.4,0.015433174069181809,0.07749916833307176,0.9146289688243535
71,0.1,0.6,0.03818119509036478,0.1483678804910958,0.9225270374621563
71,0.1,0.8,0.04524276753768035,0.2463401160283427,0.9295976173713603
71,0.1,1.0,0.11173169452081139,0.3870877178429126,0.9214376036543787
71,0.3,0.4,0.07028277443929443,0.1521131310468154,0.7429079058356285
71,0.3,0.6,0.11302646223593305,0.24339926280188492,0.8185345408802472
71,0.3,0.8,0.17240469672427747,0.400436159765996,0.8041179996627896
71,0.3,1.0,0.19459026190167875,0.5706776255646756,0.8970551921103483
71,0.5,0.4,0.14768368704829588,0.2414855766765881,0.6884775171857697
71,0.5,0.6,0.2956079299902583,0.3828357729950089,0.6155376849662703
71,0.5,0.8,0.3660724533144201,0.5334428123592135,0.7958881268610241
71,0.5,1.0,0.45397834704335566,0.7111543502357557,0.867647243261128
71,0.7,0.4,0.36135700475807914,0.34214628537456504,0.5272964961641793
71,0.7,0.6,0.43705323824339354,0.503259690468768,0.6710108055254164
71,0.7,0.8,0.5225582425166065,0.6485105339443212,0.7910664010128217
71,0.7,1.0,0.6820801178861623,0.8070422515516669,0.8749950573933202
71,0.9,0.4,0.5092427700933976,0.4245444487323174,0.4804383971338917
71,0.9,0.6,0.6330970472552556,0.5685291983165711,0.6290976108292727
71,0.9,0.8,0.7004205436920135,0.7183008905705611,0.7505127792582362
71,0.9,1.0,0.7748189223760317,0.8618215115182984,0.9108367460795914
72,0.1,0.4,0.024155274528044342,0.08115283092589695,0.8359377647079163
72,0.1,0.6,0.052319644747163455,0.14197387283329263,0.8503219035148158
72,0.1,0.8,0.045303081611344234,0.25330302752760997,0.928480339535135
72,0.1,1.0,0.09091498289660313,0.3853405326741755,0.9420860251994031
72,0.3,0.4,0.061935542163151704,0.1452248574061574,0.7307404230489146
72,0.3,0.6,0.11568335060468854,0.2600289912018579,0.8583957318218093
72,0.3,0.8,0.184444694876642,0.39479428393052746,0.828251830999382
72,0.3,1.0,0.22167350170209665,0.5626978574467132,0.8503755006147676
72,0.5,0.4,0.17002843666718834,0.24927913629897716,0.5636573214521587
72,0.5,0.6,0.29396868080263666,0.37758718941233305,0.6726096914416783
72,0.5,0.8,0.35215463910787387,0.5418665543141045,0.8393685246473589
72,0.5,1.0,0.40816209518205454,0.7116247196706232,0.8903640557036396
72,0.7,0.4,0.33681381071219846,0.3457945481877615,0.5468944560877527
72,0.7,0.6,0.4610678158584994,0.48828518443449437,0.6461354728718663
72,0.7,0.8,0.5848281361066776,0.6462117813039967,0.7420510703053912
72,0.7,1.0,0.7069995130504034,0.8099628463270802,0.9844378043622419
72,0.9,0.4,0.47753847029505997,0.41736114382735195,0.472627947515498
72,0.9,0.6,0.5772159295859817,0.5731016896180843,0.6448002974470852
72,0.9,0.8,0.7384279960210516,0.7142060842965476,0.7690403792642712
72,0.9,1.0,0.7915325302954135,0.8612505055997294,0.9814656830243
73,0.1,0.4,0.018435228008850002,0.08006391411569427,0.8372770196674789
73,0.1,0.6,0.022444776778791663,0.14463456871327204,0.9794263980456446
73,0.1,0.8,0.06403588263332752,0.2500452188173724,0.9319292672092298
73,0.1,1.0,0.08389106009996444,0.3892661506889322,0.9197765290776242
73,0.3,0.4,0.05618274360444715,0.155441516234308,0.8069148462693809
73,0.3,0.6,0.11243518677590354,0.24563747695590663,0.7846889571716923
73,0.3,0.8,0.15342971775032266,0.39760137100537135,0.8692237354612644
73,0.3,1.0,0.24968305738139715,0.5780903607628726,0.7993746814320916
73,0.5,0.4,0.1636336879721433,0.25001270153704586,0.5723211028269525
73,0.5,0.6,0.24834090847021004,0.3776338289466356,0.7393839499979165
73,0.5,0.8,0.37353425396451073,0.5471540260875196,0.7479387883476634
73,0.5,1.0,0.4380946566047808,0.7099285041161755,0.8981505627298525
73,0.7,0.4,0.3377267335518136,0.3415680396269535,0.5093368417242365
73,0.7,0.6,0.43372103760383873,0.4935094241100629,0.7222583967277645
73,0.7,0.8,0.5634873440928824,0.6520721983580562,0.7479538309262208
73,0.7,1.0,0.5889728185760039,0.8067009163277816,0.8563882079896971
73,0.9,0.4,0.5033841802934984,0.419784326754695,0.5052759049809094
73,0.9,0.6,0.6493353964392641,0.5694499459554552,0.6150008314219506
73,0.9,0.8,0.7717661892226927,0.7130730557773224,0.7269156296757671
73,0.9,1.0,0.8070847540411377,0.859253945668276,0.9095705057671851
74,0.1,0.4,0.021235028589701575,0.07934477709819696,0.8875418883942432
74,0.1,0.6,0.02692801308171233,0.15101237184276903,0.9183146581071808
74,0.1,0.8,0.04260308194177188,0.24291824066046536,0.9928267068912646
74,0.1,1.0,0.08884185711331534,0.38590703779099467,0.9181877126428866
74,0.3,0.4,0.05225517295981796,0.14777821814706815,0.7488799637103374
74,0.3,0.6,0.1000895311281642,0.24263690291631917,0.7974718984978482
74,0.3,0.8,0.17788711381639002,0.3880009011556768,0.7711666947107105
74,0.3,1.0,0.23698547186897345,0.573570217576419,0.8542558452218749
74,0.5,0.4,0.13266276329833135,0.24500261581552663,0.72728978829288
74,0.5,0.6,0.29663507382059445,0.385097202961719,0.6540338938106068
74,0.5,0.8,0.37765032491482753,0.543188607393769,0.7637337657485127
74,0.5,1.0,0.46149466598871103,0.7176719030053919,0.8532378058448659
74,0.7,0.4,0.314046084179566,0.35029297310520535,0.530721304988378
74,0.7,0.6,0.47316472427937356,0.49494182925262625,0.7089660775970295
74,0.7,0.8,0.5096432456247032,0.6472851902482172,0.7963874980264092
74,0.7,1.0,0.6713798606177215,0.8061775727739627,0.9073848064679236
74,0.9,0.4,0.5268621002085093,0.4235652806174932,0.46320493069594926
74,0.9,0.6,0.7406844573712187,0.5663783829562968,0.5352086283358055
74,0.9,0.8,0.7620723967182974,0.7151921818414556,0.7384609819374534
74,0.9,1.0,0.8112481145180186,0.8628030411245075,0.8617098485263078
75,0.1,0.4,0.024257273416098433,0.07943143536973776,0.8137474652435988
75,0.1,0.6,0.02834025146153085,0.14949499795339885,0.8553720102492031
75,0.1,0.8,0.03920316841203414,0.2460827494611373,0.8931340515405694
75,0.1,1.0,0.06800999552680555,0.378972952665451,0.9211378479686289
75,0.3,0.4,0.055342339223268124,0.14672479833225,0.7702655558411793
75,0.3,0.6,0.11608041954613263,0.25085106092933646,0.7665980565883799
75,0.3,0.8,0.14025308191389646,0.3986851496473686,0.7786042265436497
75,0.3,1.0,0.19943775514021764,0.5696500998475735,0.8467083925114612
75,0.5,0.4,0.17775703736025963,0.2480812821254333,0.6494564426884714
75,0.5,0.6,0.27567455227401283,0.3813848949277371,0.7045740464784529
75,0.5,0.8,0.35449843018222416,0.5357373387370588,0.7519635179696689
75,0.5,1.0,0.4148461721113191,0.7143863700088331,0.9013706918949218
75,0.7,0.4,0.35664070478942034,0.3443774625806666,0.4971002061063201
75,0.7,0.6,0.4305386813886472,0.4963560528404025,0.6640283356293137
75,0.7,0.8,0.4597717423055748,0.6477018746894501,0.7998174398252879
75,0.7,1.0,0.6699864765836444,0.812689000477762,0.8952018622027025
75,0.9,0.4,0.4633249277959031,0.4244710189657154,0.5307403633346742
75,0.9,0.6,0.6226584879808184,0.5668992316827656,0.6245219393342023
75,0.9,0.8,0.6836858624631302,0.7162364696691491,0.7787556959655716
75,0.9,1.0,0.7936133579333904,0.8601931070598443,0.9610582470263023
76,0.1,0.4,0.018914859630128514,0.07858688320629273,0.8674337710301077
76,0.1,0.6,0.03800203081291914,0.139175521098621,0.8543922986022062
76,0.1,0.8,0.05284708392113111,0.24044776734005704,0.9044124699517347
76,0.1,1.0,0.08927439721327005,0.3952690183290348,0.8902774342273986
76,0.3,0.4,0.06798817696244579,0.1435190124743722,0.6742797830083804
76,0.3,0.6,0.1222511599330133,0.26504216533088465,0.739030680737597
76,0.3,0.8,0.15269800187205068,0.3902335452071888,0.9002905061670339
76,0.3,1.0,0.18865042858051667,0.5740576354477369,0.8898522065180771
76,0.5,0.4,0.15619140934977524,0.24615456302452268,0.6637089015893795
76,0.5,0.6,0.22733964466621223,0.3810964912907669,0.7384119048754734
76,0.5,0.8,0.3241102051231117,0.5341099533252367,0.7920274662711099
76,0.5,1.0,0.376287005026875,0.7174429569841574,0.9216037719002331
76,0.7,0.4,0.35578746038653913,0.34445014353266523,0.4310175684785653
76,0.7,0.6,0.3954235619694502,0.49713889288163593,0.6555677256676975
76,0.7,0.8,0.5606860997471911,0.6463244554570108,0.717405273222833
76,0.7,1.0,0.6583937088401971,0.80887513386478,0.9179743177478783
76,0.9,0.4,0.4984622787813664,0.4245545718793436,0.5286105968814748
76,0.9,0.6,0.6481476508396038,0.5691023100608953,0.6272086143124879
76,0.9,0.8,0.6735029856087527,0.7145989228224131,0.7739376216823386
76,0.9,1.0,0.7812983153788644,0.8609449027503632,0.955672483952219
77,0.1,0.4,0.01882217866089404,0.08135362214864283,0.9071876575762203
77,0.1,0.6,0.03984124154209466,0.13661239856401858,0.8854289724535872
77,0.1,0.8,0.08087336172728841,0.24508009946317663,0.8517616439552737
77,0.1,1.0,0.051431797896967606,0.3847103032952948,1.0
77,0.3,0.4,0.06306387322876894,0.14906781562950358,0.776941693708582
77,0.3,0.6,0.08277966377343891,0.25131441248662395,0.8265382262548826
77,0.3,0.8,0.15463059579233776,0.40072665079278486,0.8449346163074415
77,0.3,1.0,0.23909978555110742,0.5618288798228476,0.7986432741861544
77,0.5,0.4,0.18494473186890986,0.24702824418186556,0.6193655246737516
77,0.5,0.6,0.2593732674408849,0.38642407824339864,0.663701026772751
77,0.5,0.8,0.3798259910861881,0.5408568685385031,0.8323268413704334
77,0.5,1.0,0.4326800710690393,0.7133885019030771,0.8727424459840233
77,0.7,0.4,0.31251912361812884,0.3497035315694942,0.5885884897913936
77,0.7,0.6,0.4608777002416686,0.4926147992914298,0.6413266002772651
77,0.7,0.8,0.47747800635242915,0.6488218464050616,0.7981764226924501
77,0.7,1.0,0.6553796284412344,0.8033828838590354,0.9837260722213956
77,0.9,0.4,0.521313854791635,0.4195195146630579,0.4730523596221398
77,0.9,0.6,0.6903530441705592,0.5653899048324994,0.6185411725931524
77,0.9,0.8,0.756134910043702,0.7142549067971392,0.7469829340092262
77,0.9,1.0,0.8165535396133006,0.8612371792721619,0.9333881413476789
78,0.1,0.4,0.0189470781290849,0.0777722267263256,0.9213348026896437
78,0.1,0.6,0.01037508270416989,0.14346202261468224,0.9292594777372775
78,0.1,0.8,0.07978651209697037,0.24205941209863402,0.9154388592967735
78,0.1,1.0,0.07605610580539982,0.39266638156143524,0.9478160158153837
78,0.3,0.4,0.05594526881882252,0.1434411774571261,0.7463546232085505
78,0.3,0.6,0.0924331896590415,0.2489058414669368,0.8638483937303838
78,0.3,0.8,0.19605554904809494,0.3747368472616157,0.8044256639542845
78,0.3,1.0,0.25486968802581056,0.5628258162536101,0.8860303296129307
78,0.5,0.4,0.18658715797170294,0.23849975160823356,0.5642277734496159
78,0.5,0.6,0.2591988075300784,0.3881240597521733,0.6676610864229782
78,0.5,0.8,0.33939495202689635,0.5424994194375939,0.8140205432795306
78,0.5,1.0,0.437031777787628,0.7094454581861912,0.9078858858513446
78,0.7,0.4,0.36272231632457685,0.348106549226348,0.5089436934701012
78,0.7,0.6,0.4559282797259528,0.49256226453740376,0.6398473923803887
78,0.7,0.8,0.5390673211095939,0.6495062378147579,0.7409720015902372
78,0.7,1.0,0.6870425917127234,0.8083929767577359,0.9327359301953263
78,0.9,0.4,0.654468196483999,0.42543409689513306,0.4702719406256273
78,0.9,0.6,0.6653454059422077,0.5650522007509851,0.582168369432881
78,0.9,0.8,0.7101328915215669,0.7176014996563492,0.817623109496606
78,0.9,1.0,0.8237715146051514,0.8608195015351066,0.9548197063989121
79,0.1,0.4,0.03044760013383341,0.07841221279136346,0.7950933767730127
79,0.1,0.6,0.03639192096931026,0.1420917563419275,0.8488215717784893
79,0.1,0.8,0.06881859420980622,0.2518939188308879,0.8740265384372196
79,0.1,1.0,0.11271034315903877,0.39897705033632536,0.9008936931674397
79,0.3,0.4,0.06376590708656346,0.15234370948544623,0.7354116358967429
79,0.3,0.6,0.12425082325235708,0.2502161110191091,0.7481119343643831
79,0.3,0.8,0.17907079144656876,0.39250855554784336,0.8314703660964086
79,0.3,1.0,0.27128985020843227,0.5669160385875367,0.899849999031808
79,0.5,0.4,0.16405778705857071,0.24296031513273342,0.673301762618382
79,0.5,0.6,0.23668572272920663,0.38992827456699397,0.7582471307828006
79,0.5,0.8,0.37186932109591875,0.5469165846371246,0.7621878187963427
79,0.5,1.0,0.4980835930264255,0.7176184345949613,0.8690148979514281
79,0.7,0.4,0.37074236324846255,0.3437740161745207,0.5414151323427207
79,0.7,0.6,0.5513240335816982,0.48587118279157593,0.6428748845645538
79,0.7,0.8,0.5174571662331292,0.6490814833333972,0.8154493982793313
79,0.7,1.0,0.5830940970070869,0.8117069669133016,0.9284988254779561
79,0.9,0.4,0.4736647140057441,0.4230101531538424,0.5014557356264325
79,0.9,0.6,0.6625141380051714,0.5708425500918684,0.6070281537506976
79,0.9,0.8,0.7430173707335208,0.7179782437807675,0.7550122248721249
79,0.9,1.0,0.7188928373240604,0.8617194084128462,0.9097127536952697
80,0.1,0.4,0.014009381349995088,0.07561294491459233,0.9389551668073086
80,0.1,0.6,0.06152535226428445,0.14798549047535808,0.7935931306469043
80,0.1,0.8,0.07577426063093083,0.2441725396732999,0.928644098647547
80,0.1,1.0,0.09677050264488084,0.38298318764050293,0.9311509867478617
80,0.3,0.4,0.054096244499191475,0.14613951479854012,0.7708267477527667
80,0.3,0.6,0.10472616891973151,0.25181280877014106,0.753743119254719
80,0.3,0.8,0.174631852555118,0.4072602236791743,0.8437059909137552
80,0.3,1.0,0.20269926764896337,0.5782681366390672,0.9068202223221825
80,0.5,0.4,0.18345102870579083,0.23448101663655063,0.6171010367664588
80,0.5,0.6,0.25677380005075107,0.38584322738724436,0.7016060530147398
80,0.5,0.8,0.3680412789443472,0.5481554062764311,0.7270161722085697
80,0.5,1.0,0.416826350926951,0.7192220814096766,0.9656001634036545
80,0.7,0.4,0.34445151645287925,0.34392646193644827,0.5088040679664464
80,0.7,0.6,0.40298244139080597,0.49380015386938814,0.7152754567932036
80,0.7,0.8,0.5943619990276032,0.6488623972197555,0.7681447684808662
80,0.7,1.0,0.5966455737033588,0.8090741033139095,0.9599262975500686
80,0.9,0.4,0.5947178597563396,0.42498391489507586,0.5148531296821692
80,0.9,0.6,0.6355649017252815,0.571667299632511,0.5715298830953331
80,0.9,0.8,0.7733027812144455,0.7165049604117167,0.7836563498111206
80,0.9,1.0,0.8426280151929301,0.8641395742676463,0.9582880322458993
81,0.1,0.4,0.022658822600075644,0.0782906901385431,0.8378217358950555
81,0.1,0.6,0.037460945019487164,0.14574748657825193,0.8966315112656806
81,0.1,0.8,0.0621188268563392,0.2488092850539067,0.9477145538003987
81,0.1,1.0,0.07716994196353263,0.3952079126522867,0.899269194719367
81,0.3,0.4,0.05582773276737759,0.14106785495959345,0.8242234513396326
81,0.3,0.6,0.08588425299865436,0.254557168258037,0.7944615658540554
81,0.3,0.8,0.18126657155627335,0.40115179211277263,0.8131566286365709
81,0.3,1.0,0.28711175913057374,0.5550144415371603,0.8747571270169574
81,0.5,0.4,0.18106690408002482,0.23904292174574746,0.5843662961530793
81,0.5,0.6,0.28343077552841883,0.381107954774796,0.7276996576677751
81,0.5,0.8,0.33029938864920483,0.5484715268863061,0.7485669551712758
81,0.5,1.0,0.5036545278873901,0.718590312371488,0.8490586651585488
81,0.7,0.4,0.30696778602465813,0.33549128208477474,0.549156165020758
81,0.7,0.6,0.45741020445494784,0.4874252814196186,0.6837212578368869
81,0.7,0.8,0.551300959617678,0.6490147050445416,0.738365613797143
81,0.7,1.0,0.6470534011215122,0.8069683371385442,0.9325434438275695
81,0.9,0.4,0.5070447893066123,0.4234501720760343,0.44505578068084556
81,0.9,0.6,0.6175862917930091,0.5692690253955631,0.5524196267605068
81,0.9,0.8,0.7008417873902989,0.7161508350700937,0.7479615491487835
81,0.9,1.0,0.8597235393561705,0.8609417566813691,0.892409246380972
82,0.1,0.4,0.01832935976364375,0.07596250011687146,0.9694230811292744
82,0.1,0.6,0.029955230338423275,0.14721179247670726,0.9234292331092815
82,0.1,0.8,0.05790273846621165,0.25616765570211325,0.9267470303723478
82,0.1,1.0,0.12128343654767056,0.39790520555957004,0.9039498071205345
82,0.3,0.4,0.07963607210194737,0.14839732401605937,0.7036909835511146
82,0.3,0.6,0.0845145848957117,0.24988893106345708,0.8186772267065626
82,0.3,0.8,0.16908584038635877,0.3933477661342612,0.8676617960096601
82,0.3,1.0,0.2785114145927566,0.5650075976032314,0.8387859117788454
82,0.5,0.4,0.16550660981357784,0.24310464783091995,0.6407376261077983
82,0.5,0.6,0.2360792350423359,0.37882163661975177,0.65550086574478
82,0.5,0.8,0.2987596581791472,0.5376477822170393,0.8577840262137445
82,0.5,1.0,0.4699937009461672,0.7122011769028749,0.8932701756511491
82,0.7,0.4,0.3636879011998413,0.3428065914651627,0.531563697503517
82,0.7,0.6,0.45298456927940955,0.4912313021866875,0.7069110889743723
82,0.7,0.8,0.529355989076668,0.6496084735496949,0.7405711410369179
82,0.7,1.0,0.592422925494927,0.8095162161464067,0.8677436848241881
82,0.9,0.4,0.4830566861575428,0.4263529718632725,0.46446975179842404
82,0.9,0.6,0.5867472700483409,0.5713762126124962,0.7101063939144439
82,0.9,0.8,0.7695120653411911,0.7185738672505652,0.8248348202640121
82,0.9,1.0,0.7521514796357808,0.8578466506020815,0.9099183699347957
83,0.1,0.4,0.02023431484244112,0.08081621095758426,0.8636245011032004
83,0.1,0.6,0.041048564221071525,0.14504775458791994,0.845002356358829
83,0.1,0.8,0.08830717531421277,0.24733058673827857,0.7869474662525824
83,0.1,1.0,0.1127831602250299,0.38674972133069996,0.8303984761472847
83,0.3,0.4,0.07165755781452117,0.14525658085693996,0.7156534347956265
83,0.3,0.6,0.09247471233849124,0.25207347077430975,0.8648556054464668
83,0.3,0.8,0.2208521534121905,0.3963419823696948,0.7748172237815968
83,0.3,1.0,0.2738267309379843,0.570584773494799,0.9013448498556343
83,0.5,0.4,0.16555488574594096,0.2410648326693587,0.5881831482154433
83,0.5,0.6,0.2622612992090529,0.3793121601971044,0.6901670093295715
83,0.5,0.8,0.37712999612723286,0.5504126230558682,0.7812114308624084
83,0.5,1.0,0.5111825658985855,0.7146924255589291,0.8220423537919849
83,0.7,0.4,0.3113450400474632,0.35242826030972957,0.5712247588175132
83,0.7,0.6,0.461671499977599,0.49616152617285286,0.7034246925711986
83,0.7,0.8,0.5612763603011854,0.6454518304178888,0.7309812267138143
83,0.7,1.0,0.614232052988246,0.8146027075450191,0.8436461682422735
83,0.9,0.4,0.5461164830091064,0.4191098671057268,0.4802418460970711
83,0.9,0.6,0.6337388238945344,0.5699063524193642,0.6885920127274793
83,0.9,0.8,0.80010510673227,0.71377059390654,0.7526764712064339
83,0.9,1.0,0.8022646684413113,0.8623152608388522,0.926656096834165
84,0.1,0.4,0.014249077140636317,0.08035602717615804,0.9182166951795346
84,0.1,0.6,0.026646617816218878,0.1481933721973936,0.94546892875243
84,0.1,0.8,0.06780126829553791,0.25085198345530285,0.9259005664933203
84,0.1,1.0,0.09671763760985727,0.39771493177882844,0.9670329580153719
84,0.3,0.4,0.07289078212551,0.14805982733146517,0.7519644290363386
84,0.3,0.6,0.09979771212923058,0.2499264627713987,0.7695060549478826
84,0.3,0.8,0.18657787516530844,0.3948671713815226,0.7531062719774739
84,0.3,1.0,0.25707584877037737,0.5642060142556306,0.7921955095255069
84,0.5,0.4,0.14481205034165812,0.24910391425208703,0.6358516009483014
84,0.5,0.6,0.26353734036080034,0.38732849504829137,0.7313194472216284
84,0.5,0.8,0.3780752564298531,0.5420826185481077,0.743460582178302
84,0.5,1.0,0.4258277312936729,0.7089212719005663,0.8554984953678706
84,0.7,0.4,0.29585721500394313,0.34473074408923626,0.5981836819625986
84,0.7,0.6,0.4384512397927862,0.491293032942391,0.7140405148663123
84,0.7,0.8,0.5743402120455409,0.647458759670627,0.7536445624259636
84,0.7,1.0,0.5940882703550947,0.8065387057464991,0.8523086020843608
84,0.9,0.4,0.5699117317789536,0.41860941774558763,0.48604020509101503
84,0.9,0.6,0.6223602528186765,0.5742258126525281,0.6216211658836835
84,0.9,0.8,0.658825132282529,0.7163326387993032,0.8393118925684765
84,0.9,1.0,0.7671154450752289,0.8608900856759816,0.8812800025202266
85,0.1,0.4,0.015359605168852975,0.08048655884076296,0.956262824594127
85,0.1,0.6,0.03170865847623487,0.143185311892632,0.816479451302716
85,0.1,0.8,0.06558455198881762,0.24497581199583388,0.8836178639584318
85,0.1,1.0,0.09510467788520077,0.3813624471113443,0.9332404247076407
85,0.3,0.4,0.056341057568426924,0.1502665334645728,0.8192189401753772
85,0.3,0.6,0.14287906731189448,0.26638740627952145,0.82412833537349
85,0.3,0.8,0.17279434920117664,0.3954854004847373,0.8130861290795078
85,0.3,1.0,0.1996009062682267,0.5758930914006865,0.9246231492358159
85,0.5,0.4,0.18459489957619646,0.2474737566821658,0.6183398161441471
85,0.5,0.6,0.24701040671830785,0.38774317188743923,0.728487216733966
85,0.5,0.8,0.3439034867835938,0.5425643210867446,0.8107024179377061
85,0.5,1.0,0.5115829719584951,0.7186728050756547,0.9158237080196279
85,0.7,0.4,0.29688360626631505,0.3410444956044765,0.5726641160857389
85,0.7,0.6,0.49998610223870044,0.5009337413940008,0.632231999586544
85,0.7,0.8,0.6430138597588724,0.6549240901216841,0.7318634517778074
85,0.7,1.0,0.6847827441204068,0.8050973305186786,0.9089382174403408
85,0.9,0.4,0.6843486960375178,0.4225506051780418,0.4483979892495583
85,0.9,0.6,0.7699194704740533,0.5719852231460186,0.5805298001034418
85,0.9,0.8,0.7668977193932223,0.7159697970153114,0.820789968056002
85,0.9,1.0,0.7458419657583918,0.8618437953452881,0.8804533593833365
86,0.1,0.4,0.017045504431224948,0.0827803187014644,0.9424747517312164
86,0.1,0.6,0.0251183023217246,0.14395065080584135,0.9161503527648505
86,0.1,0.8,0.07918194009607947,0.24410460890472602,0.9226020530067549
86,0.1,1.0,0.09643300417057175,0.3916472621931688,0.8841710222912796
86,0.3,0.4,0.05704963432304387,0.1492835406529965,0.7728445183356856
86,0.3,0.6,0.14439795108371395,0.250740095534771,0.725447576784756
86,0.3,0.8,0.1893941797614292,0.3878053250623286,0.8488058851304668
86,0.3,1.0,0.2591984064521907,0.5707826131171514,0.8598070126407095
86,0.5,0.4,0.15943973022284186,0.24462356052812428,0.6196681022709248
86,0.5,0.6,0.24086731574291878,0.38829142709466613,0.6820210547596984
86,0.5,0.8,0.3937902255970458,0.5559786385615236,0.7210228561701928
86,0.5,1.0,0.4800874986080184,0.7102211925004207,0.8525132250900594
86,0.7,0.4,0.27257931191509155,0.3454615286444735,0.5393985078574596
86,0.7,0.6,0.47446981476206024,0.4954888271105234,0.6144047944686661
86,0.7,0.8,0.47435471154671033,0.6551398962325374,0.7539675786118153
86,0.7,1.0,0.716798303425292,0.8083725436578889,0.8889358853362458
86,0.9,0.4,0.49211513989748357,0.42466280781923177,0.5448443219155168
86,0.9,0.6,0.6832206045172717,0.5698326527426953,0.6128205085055215
86,0.9,0.8,0.7258312850487161,0.7164801578997525,0.7316761413513684
86,0.9,1.0,0.8027428013390007,0.8618891301559853,0.9317072689743225
87,0.1,0.4,0.021918163650455527,0.08200169192772581,0.8573644342619325
87,0.1,0.6,0.02934768201546458,0.15072103800590422,0.9407069369803852
87,0.1,0.8,0.06936042465718767,0.24945953596371334,0.8832061874016449
87,0.1,1.0,0.07773251300928107,0.3895179074091142,0.9133848695880817
87,0.3,0.4,0.05070670346586753,0.14376734281201842,0.7718181480536698
87,0.3,0.6,0.12815401994888032,0.24854409632740232,0.7821481160324086
87,0.3,0.8,0.1767626796307972,0.4013155279548659,0.8261964230748299
87,0.3,1.0,0.22136208904518412,0.5677227669505832,0.8697998829638299
87,0.5,0.4,0.15467752415769648,0.23395469850817302,0.6092170251177713
87,0.5,0.6,0.2631399344084821,0.37611982987267445,0.7272974602493422
87,0.5,0.8,0.3278345794560823,0.5390969612203521,0.8001303429647146
87,0.5,1.0,0.3890465911752276,0.7051284801837006,0.8903484678497465
87,0.7,0.4,0.2893077685657874,0.3480712799859475,0.5513882935333165
87,0.7,0.6,0.3906978537980751,0.49779670313105334,0.6555308585096711
87,0.7,0.8,0.5293017129448966,0.6577885783511831,0.8040290378948962
87,0.7,1.0,0.673725281892212,0.8143935611563841,0.9085136626680878
87,0.9,0.4,0.5615552564085078,0.4221575349921689,0.5278429927682821
87,0.9,0.6,0.6266371825399308,0.5677955801832949,0.6265973759830024
87,0.9,0.8,0.737190783982493,0.715717009570199,0.7178112216004924
87,0.9,1.0,0.735003952060961,0.8640882985408643,0.89441283287913
88,0.1,0.4,0.025855081370346505,0.07778746112033133,0.7778275334073985
88,0.1,0.6,0.043616232983840174,0.14077344381613427,0.87768670239709
88,0.1,0.8,0.05543331189209262,0.23906298690713776,0.933754744185849
88,0.1,1.0,0.10369069470034517,0.38686727897133016,0.8900511970160496
88,0.3,0.4,0.07618384955059594,0.14445077399761727,0.6648712972262822
88,0.3,0.6,0.11501853859386785,0.25059536504248436,0.7870172955031599
88,0.3,0.8,0.16286047778464244,0.3938957425017861,0.8664675053947216
88,0.3,1.0,0.2236360670900293,0.5753574698036944,0.9154182729547768
88,0.5,0.4,0.1560634564840486,0.25245040034333743,0.6160282191615807
88,0.5,0.6,0.2542150541683784,0.38099496056505194,0.6950887093549928
88,0.5,0.8,0.2991310082782561,0.5524289067082186,0.8177883966822046
88,0.5,1.0,0.43147994574922166,0.7219271154632237,0.913140163881284
88,0.7,0.4,0.343463295783749,0.3432342437961038,0.5496211065628869
88,0.7,0.6,0.38036148528033115,0.49246851434549616,0.6213449155189995
88,0.7,0.8,0.5597880568438471,0.6521112044488243,0.7761921195712242
88,0.7,1.0,0.619654029286319,0.8107223053102939,0.9077719091296954
88,0.9,0.4,0.6651766149215921,0.4231491602652488,0.3899969896240576
88,0.9,0.6,0.5925311129701536,0.5643301788214388,0.6862488003443173
88,0.9,0.8,0.7527026545210022,0.7130425348245887,0.7816532046858649
88,0.9,1.0,0.7937736009428505,0.8617287014117491,0.9510939351344901
89,0.1,0.4,0.021366547553796886,0.07831364376017144,0.8807833575607923
89,0.1,0.6,0.030770549286891675,0.14406078111428916,0.8350724674637462
89,0.1,0.8,0.07594756323585859,0.2492088659021789,0.8178944687597304
89,0.1,1.0,0.12516025166806372,0.387822718528722,0.9210737753467976
89,0.3,0.4,0.08731418926405127,0.15328928799739872,0.6915712778820082
89,0.3,0.6,0.12207340196568285,0.25587444395078374,0.8052969180710231
89,0.3,0.8,0.18434059318332738,0.3987028861455882,0.7868297684277802
89,0.3,1.0,0.22554643762071644,0.5708430772815479,0.899750801744009
89,0.5,0.4,0.18304451085952042,0.24031460713061736,0.5931303628550519
89,0.5,0.6,0.22778615255245474,0.385229954318412,0.7348141116293829
89,0.5,0.8,0.36955941178252466,0.5446577412259174,0.7917167763149563
89,0.5,1.0,0.45502654844671747,0.711766408172769,0.8038032044493648
89,0.7,0.4,0.3225213160098892,0.3458797062094356,0.5907117046180652
89,0.7,0.6,0.44095907307334137,0.4938615412113827,0.6943234996878607
89,0.7,0.8,0.5795730094312014,0.6523652864490254,0.7879134865518647
89,0.7,1.0,0.5732451504752006,0.8120023556830165,0.9145087650435721
89,0.9,0.4,0.5343457430138132,0.4281014661211331,0.4861847789297755
89,0.9,0.6,0.6667348158504852,0.5660542602922218,0.5983893779403144
89,0.9,0.8,0.7604622453149077,0.7163756955905191,0.7690372428871292
89,0.9,1.0,0.7918357201142068,0.861592153800889,0.9926189277131405
90,0.1,0.4,0.016597844302823333,0.07903625850402711,0.9295320589527603
90,0.1,0.6,0.03486365773504045,0.14351754738969671,0.8668678912944492
90,0.1,0.8,0.0571349830461242,0.24764219869900553,0.9532863260371237
90,0.1,1.0,0.04413805116005734,0.39755289433146845,0.9065736284316146
90,0.3,0.4,0.09251863441907514,0.15034877046005854,0.6620518938173865
90,0.3,0.6,0.09230532188667918,0.2515183989509725,0.787178909334569
90,0.3,0.8,0.15217825656672218,0.3985248683715147,0.869446423077308
90,0.3,1.0,0.24742744971639485,0.5674960604170716,0.8307482284154327
90,0.5,0.4,0.14326707606899097,0.24305172649692786,0.6927410813039165
90,0.5,0.6,0.2639497358715415,0.3730747708320546,0.6275105400716754
90,0.5,0.8,0.33307472498761537,0.5443231782308571,0.7500736527290204
90,0.5,1.0,0.43047950717042827,0.7098008069059804,0.8737788811498799
90,0.7,0.4,0.37571490429329135,0.35466315383722913,0.48748891555966845
90,0.7,0.6,0.44078820433467053,0.4909500123015848,0.6214640754427864
90,0.7,0.8,0.4403268052430006,0.6547675292114444,0.7864135485247783
90,0.7,1.0,0.5992837768829558,0.8091542507175707,0.8669263346254393
90,0.9,0.4,0.4896274398130039,0.422219865315174,0.5205986265223121
90,0.9,0.6,0.6688852684699615,0.5693411523647519,0.6662008862936968
90,0.9,0.8,0.7176130241812811,0.7171532163295016,0.7557006268559208
90,0.9,1.0,0.7828565696874992,0.8567762945621249,0.9881954180419673
91,0.1,0.4,0.014107738404172501,0.07860295280779353,0.869748577763165
91,0.1,0.6,0.043686102839995994,0.15247319800561254,0.9049530051165678
91,0.1,0.8,0.0732168694220557,0.24458008033223586,0.8713221732107864
91,0.1,1.0,0.1162035392529942,0.39810272668843893,0.9070617030434692
91,0.3,0.4,0.07421673718649253,0.14519932679335767,0.7327205628395267
91,0.3,0.6,0.1116743572684008,0.25808451268096533,0.7543729355685227
91,0.3,0.8,0.14806225997416214,0.3887421638025618,0.8305804292603373
91,0.3,1.0,0.21433086406161636,0.5610376649295739,0.8811143623623725
91,0.5,0.4,0.17015400837447656,0.24734045353863404,0.6811187861301518
91,0.5,0.6,0.26151074462990387,0.37940529914673654,0.7638246730015624
91,0.5,0.8,0.3344297311992807,0.5409957717980207,0.7989017819074405
91,0.5,1.0,0.3906524861112254,0.7108165119655272,0.8300061139001894
91,0.7,0.4,0.3485368353602638,0.34823767618437207,0.5432492135169854
91,0.7,0.6,0.4761556869052957,0.49540645447785636,0.6116996716604086
91,0.7,0.8,0.49842762015190933,0.6555010924629244,0.7985850762501832
91,0.7,1.0,0.5910617943966872,0.8079471193113469,0.8822896307538872
91,0.9,0.4,0.4935564715776385,0.42540333064318375,0.508926158051301
91,0.9,0.6,0.6953872622516202,0.5724268534249612,0.6390473295458509
91,0.9,0.8,0.7570246658965366,0.7136792509780122,0.7291588971794695
91,0.9,1.0,0.8025544886443149,0.862633509336265,0.9641871246068981
92,0.1,0.4,0.02943734517369281,0.0802703815363837,0.8663285396538427
92,0.1,0.6,0.03568259769292375,0.14225119068795072,0.9141440720106031
92,0.1,0.8,0.06487116146056626,0.24339514141882,0.8900078688929349
92,0.1,1.0,0.06944853318279505,0.38237482451039206,0.9842744519181964
92,0.3,0.4,0.08399447677244044,0.14909612282129753,0.7062615037682822
92,0.3,0.6,0.11472070073334369,0.2519977669603527,0.8079782775310345
92,0.3,0.8,0.19193054578768823,0.39171557828042947,0.7557262504769309
92,0.3,1.0,0.27012781896621185,0.562386817286554,0.8652538426673795
92,0.5,0.4,0.16299602868804586,0.2372520072072268,0.6357171540934269
92,0.5,0.6,0.3115082782895573,0.37956259028373274,0.6345102557165679
92,0.5,0.8,0.3639734645166765,0.5485709012360815,0.7886018655162609
92,0.5,1.0,0.39719052782020026,0.7156025950863124,0.8816053016217942
92,0.7,0.4,0.38638059833193544,0.343148934841863,0.5667610259229203
92,0.7,0.6,0.3845828884142627,0.49201600986490646,0.7102077958636087
92,0.7,0.8,0.5215274901923631,0.6474301808792965,0.8009353343738882
92,0.7,1.0,0.6310246506609805,0.8099053051287636,0.949274175011571
92,0.9,0.4,0.5445862386028882,0.42186332325999437,0.4983122579694982
92,0.9,0.6,0.6696960704642199,0.5674281449724319,0.5892907001091083
92,0.9,0.8,0.7184213960776505,0.7170193537746343,0.7831493126673101
92,0.9,1.0,0.7945120436313184,0.8612952786805518,0.9095494528068176
93,0.1,0.4,0.020382434507203357,0.07818038364133889,0.8236214105594032
93,0.1,0.6,0.027894937220508186,0.14179828549531065,0.939907112325936
93,0.1,0.8,0.05868720075856845,0.256541647027345,0.9218593533874325
93,0.1,1.0,0.06337358831662274,0.39469878708116934,0.964390934378914
93,0.3,0.4,0.07388400369939917,0.15437410721726202,0.7203339925155704
93,0.3,0.6,0.1301364316365622,0.25348500808789365,0.7737598745371982
93,0.3,0.8,0.21621908761477798,0.3901077377768525,0.7589956953211501
93,0.3,1.0,0.22760014424394784,0.5835385663688608,0.9078712069306023
93,0.5,0.4,0.15876532358699505,0.24020650092193074,0.6428975731751065
93,0.5,0.6,0.2796551555544633,0.3736209315038616,0.6959936405113821
93,0.5,0.8,0.3067833382455462,0.5350138774826135,0.8207143581749503
93,0.5,1.0,0.4020290362418325,0.711607640168894,0.8376929263700577
93,0.7,0.4,0.3040401738600213,0.34510856115684674,0.5715491724739625
93,0.7,0.6,0.5216008922653635,0.49863960981459043,0.6521889562139578
93,0.7,0.8,0.5071284963504962,0.6468674185097976,0.7992545440397877
93,0.7,1.0,0.6838526200902729,0.8134448387650718,0.9189253734779745
93,0.9,0.4,0.6563145537554339,0.42478562912297624,0.44542567294855695
93,0.9,0.6,0.741484242424548,0.5658904264117005,0.5997633740234924
93,0.9,0.8,0.7628409621708441,0.7141519260869553,0.8217904796128984
93,0.9,1.0,0.7862471313853282,0.8620497704452215,1.0
94,0.1,0.4,0.025295940114740477,0.07727194166873817,0.8073226835489568
94,0.1,0.6,0.024253577158487947,0.14346893380761544,0.9330556733462667
94,0.1,0.8,0.06399062329816561,0.25293260550758156,0.9444876641022433
94,0.1,1.0,0.10146278026772111,0.39173696304659733,0.9022149663581823
94,0.3,0.4,0.061302159806838084,0.1473589293672642,0.6895524820629152
94,0.3,0.6,0.10340843305826974,0.24888093238628647,0.7661186960437689
94,0.3,0.8,0.1649912971999458,0.4036972282586165,0.8004430960441473
94,0.3,1.0,0.25908001109828327,0.5612724071398338,0.827733157419862
94,0.5,0.4,0.13300112156970068,0.24585213538567158,0.6159941156351545
94,0.5,0.6,0.22388989691710326,0.38354783572815565,0.6974483094462166
94,0.5,0.8,0.3143483739984083,0.5501735919514167,0.831222935701776
94,0.5,1.0,0.5012393376079983,0.7138159044887775,0.8556962769436727
94,0.7,0.4,0.3131034514158045,0.346340313390443,0.5539031132693424
94,0.7,0.6,0.40248275746742834,0.49124227102315393,0.6715188029551197
94,0.7,0.8,0.4815369208991455,0.6561925454393459,0.7497684042866548
94,0.7,1.0,0.5893529465028079,0.8087636825839479,0.9476105992262832
94,0.9,0.4,0.5406346773881534,0.4240561421920637,0.51197893844896
94,0.9,0.6,0.6837186107474588,0.571336019502038,0.6303036266781579
94,0.9,0.8,0.7519823294243319,0.7154135545945542,0.8233570414866044
94,0.9,1.0,0.7587150435077697,0.8612616390521388,1.0
95,0.1,0.4,0.02035605255059349,0.08109349467152561,0.8831736634699778
95,0.1,0.6,0.0489762287120752,0.15269929708935726,0.8137946451433467
95,0.1,0.8,0.07782203375467865,0.25192388140327937,0.8784197508705671
95,0.1,1.0,0.11403688056948183,0.39234124853420543,0.8708630947988953
95,0.3,0.4,0.07244377692566677,0.15180782032701967,0.7256368386821036
95,0.3,0.6,0.10992749372343483,0.25359662097268965,0.7803159912539519
95,0.3,0.8,0.21106126721447402,0.3962124472032955,0.7827229985798589
95,0.3,1.0,0.19708009442791757,0.5706039799367942,0.876837455553032
95,0.5,0.4,0.14300006338581595,0.24229532256250574,0.6128450447147443
95,0.5,0.6,0.2380801638081778,0.3831517681749939,0.7080711118178478
95,0.5,0.8,0.3431249853818075,0.5396981211626825,0.830667346995709
95,0.5,1.0,0.40311645341104296,0.7098812550911265,0.8678015144596711
95,0.7,0.4,0.35096473228060343,0.3412449334487892,0.5809520270373804
95,0.7,0.6,0.4123585317038197,0.4851712530019373,0.6660680987659896
95,0.7,0.8,0.5687491724921258,0.6535861649039922,0.7037668693411501
95,0.7,1.0,0.6379140176160321,0.8156070176064772,0.8762090893408937
95,0.9,0.4,0.5144968261125785,0.4241656151323751,0.4756044669216466
95,0.9,0.6,0.6880985891392666,0.5707416619116835,0.5545540424430045
95,0.9,0.8,0.8190616169779219,0.7164816626483688,0.7559882702843492
95,0.9,1.0,0.8148936681930531,0.8616570865728599,0.9160427047362001
96,0.1,0.4,0.029959199361733822,0.07913936423800864,0.7698146689623934
96,0.1,0.6,0.025622184551233242,0.1436062633726292,0.95660876299122
96,0.1,0.8,0.07141359965882219,0.24010540232924765,0.839278094013613
96,0.1,1.0,0.11730201341154999,0.3962112675562569,0.9002887205559832
96,0.3,0.4,0.06084210752659064,0.14749398254331475,0.7655463760241918
96,0.3,0.6,0.11222210229067144,0.25546103438577256,0.824631728643676
96,0.3,0.8,0.20364040148418144,0.40168311368805776,0.8304382646643151
96,0.3,1.0,0.21506830459232407,0.5573517223530225,0.8741233348543872
96,0.5,0.4,0.15067175284189765,0.24944372863805583,0.7106655493190082
96,0.5,0.6,0.2555371345784137,0.38823505770498073,0.6908590927059178
96,0.5,0.8,0.34775874301727866,0.5458813213197654,0.8264934519314535
96,0.5,1.0,0.4195193455130742,0.7201023488932582,0.8695539553814658
96,0.7,0.4,0.36185101724097124,0.34168904135567246,0.5286385155941669
96,0.7,0.6,0.4352102233530205,0.5004714011479344,0.6367114660605675
96,0.7,0.8,0.5485029472723458,0.6502865387827067,0.7558486718767351
96,0.7,1.0,0.6497085750898393,0.8126240431262824,0.9892501560264321
96,0.9,0.4,0.5891386521444091,0.4225998851822132,0.463133747008263
96,0.9,0.6,0.6931952911796915,0.5667742018481348,0.56835649411388
96,0.9,0.8,0.6970283823569879,0.7167397461276693,0.8073470347620268
96,0.9,1.0,0.7688528305638084,0.8616897243350913,0.9312595045946925
97,0.1,0.4,0.01785601677755358,0.07907610623668458,0.8844101354417316
97,0.1,0.6,0.04484165910589755,0.1415819716581173,0.8410834208522466
97,0.1,0.8,0.04831790957396247,0.24977937390012317,0.9169693570174565
97,0.1,1.0,0.15082285171530077,0.38548599798369837,0.942692389203048
97,0.3,0.4,0.05594262778193679,0.15327293896439048,0.7898593112325535
97,0.3,0.6,0.11100459644776348,0.24795992425432692,0.7656725190628286
97,0.3,0.8,0.1345195965808801,0.4024823717692499,0.7948356966500401
97,0.3,1.0,0.21328991052680638,0.5560093122657174,0.8853154400244156
97,0.5,0.4,0.14290675367740077,0.24757890921578898,0.6211478492392346
97,0.5,0.6,0.28288082906092005,0.3825410158971486,0.6248713853769571
97,0.5,0.8,0.3607551689404871,0.5420883466050401,0.8028868730686848
97,0.5,1.0,0.41843034594158723,0.7110221136998481,0.9103134824146751
97,0.7,0.4,0.300266666308702,0.3479027475563334,0.6159122214788975
97,0.7,0.6,0.4535805194581389,0.4881702993681294,0.6128111177769276
97,0.7,0.8,0.5428831864723695,0.6490419265163279,0.7481934846009562
97,0.7,1.0,0.6500486513845831,0.8103814030223718,0.9091077442416649
97,0.9,0.4,0.6394835585487616,0.4187717291968069,0.38541218148490536
97,0.9,0.6,0.6552129056324878,0.5739646114220621,0.5718344950570624
97,0.9,0.8,0.7433030854331998,0.716725787584877,0.7023276575533831
97,0.9,1.0,0.7346542038146258,0.8618076203861823,0.9312622767718246
98,0.1,0.4,0.019192357443019344,0.08262071771727723,0.8887239715390142
98,0.1,0.6,0.029861430361110584,0.15011373004487896,0.8918294098881122
98,0.1,0.8,0.06241200620758183,0.24140095249830693,0.9009810373174225
98,0.1,1.0,0.10986001211514206,0.4026237797273306,0.9409980779986933
98,0.3,0.4,0.06700790268201111,0.1439516306426042,0.6880450806158787
98,0.3,0.6,0.11751146732586502,0.254676044558795,0.827832893518591
98,0.3,0.8,0.15213285010085012,0.3961937180263599,0.8127745515463142
98,0.3,1.0,0.2513697804446624,0.5722895353500085,0.8543427063949651
98,0.5,0.4,0.150499285646508,0.24465759218269986,0.6773252049195423
98,0.5,0.6,0.30971907175372293,0.38050556593946677,0.6410843832557743
98,0.5,0.8,0.31000662985052696,0.5393534680690177,0.7795065454916402
98,0.5,1.0,0.4992470855903044,0.7236850211422273,0.8540303823138887
98,0.7,0.4,0.3129725002637642,0.3453654820422437,0.6089415054015195
98,0.7,0.6,0.4121347097953142,0.498419870760523,0.7208445652105858
98,0.7,0.8,0.580866798186494,0.6508143680295129,0.7731184170241486
98,0.7,1.0,0.6105442654475804,0.8139046445630378,0.8457853081805878
98,0.9,0.4,0.5599884343142492,0.4227872827446998,0.48544490619900343
98,0.9,0.6,0.6430385888128501,0.5648298691052199,0.6587606566342747
98,0.9,0.8,0.7242512710899984,0.7152829352232609,0.7581974505012549
98,0.9,1.0,0.7983137472068783,0.8631885282303176,0.9156932160176141
99,0.1,0.4,0.016610284692311534,0.07655324152467984,0.8868579725482477
99,0.1,0.6,0.035397998061720636,0.14117501263249205,0.9521286715817209
99,0.1,0.8,0.05941609132348504,0.24666983562913783,0.8825252979860767
99,0.1,1.0,0.1441662567919231,0.39488541533882027,0.8804599674235027
99,0.3,0.4,0.06817758624387699,0.1437444588108119,0.6969599343039181
99,0.3,0.6,0.12241951383804299,0.2464478622092611,0.7836598615313177
99,0.3,0.8,0.1714592013627762,0.39782854700705705,0.8864545832831465
99,0.3,1.0,0.27065934097816763,0.5634843483183406,0.8577910124320356
99,0.5,0.4,0.18024125412584457,0.24033995422433038,0.5532503191110019
99,0.5,0.6,0.2537806923231216,0.3731621665436847,0.7533683730359241
99,0.5,0.8,0.2850525316615235,0.5339974138190698,0.8372775308542061
99,0.5,1.0,0.4033532080445427,0.709972856426244,0.8777548670065548
99,0.7,0.4,0.3291956708904803,0.3462221927254735,0.5660420036650481
99,0.7,0.6,0.4448408071129291,0.49539209411141705,0.6312647199441194
99,0.7,0.8,0.5512015327346013,0.6519736780669264,0.7993476850061004
99,0.7,1.0,0.62363103781483,0.8059061538313148,0.9152998249479928
99,0.9,0.4,0.5579541561408154,0.42686718894904424,0.5252228810922535
99,0.9,0.6,0.6487414382241142,0.5710645700568305,0.5511409034900243
99,0.9,0.8,0.6599787457940063,0.7172461308000951,0.7926787996295103
99,0.9,1.0,0.8641458235638789,0.8585429176881592,0.9061107536490716
