rep,concentration,safeguards,capture,trust,market_power,social_diversion,completion,bottom_access
0,0.1,0.2,0.08000000000000002,0.735570669576426,0.276309020655892,0.06535417868280959,0.6520271273938193,0.5730919776452793
0,0.1,0.6,0.04000000000000001,0.752370669576426,0.24750902065589198,0.04055417868280958,0.6587991273938193,0.6193106032759201
0,0.1,0.9,0.009999999999999998,0.764970669576426,0.22590902065589202,0.021954178682809578,0.6638781273938194,0.6540883420989008
0,0.3,0.2,0.24,0.6735442192454644,0.36232724313647796,0.14487183210524382,0.6373122148734802,0.5278891709863793
0,0.3,0.6,0.12,0.7239442192454644,0.27592724313647793,0.07047183210524384,0.6576282148734801,0.6014599056375209
0,0.3,0.9,0.029999999999999992,0.7617442192454644,0.211127243136478,0.014671832105243834,0.6728652148734802,0.6576618830258771
0,0.5,0.2,0.4,0.588828978271622,0.49283190652203673,0.2509974806195541,0.6057149584049161,0.4714976487204969
0,0.5,0.6,0.2,0.672828978271622,0.3488319065220367,0.12699748061955413,0.6395749584049161,0.5698931660584116
0,0.5,0.9,0.04999999999999999,0.735828978271622,0.24083190652203673,0.03399748061955411,0.664969958404916,0.6465340440618474
0,0.7,0.2,0.5599999999999999,0.512154965406986,0.6193080686747836,0.3282734000289254,0.6178884076176127,0.44901619605842297
0,0.7,0.6,0.27999999999999997,0.6297549654069861,0.41770806867478366,0.1546734000289254,0.6652924076176127,0.5738471189809611
0,0.7,0.9,0.06999999999999998,0.717954965406986,0.2665080686747837,0.02447340002892542,0.7008454076176126,0.6730450215728645
0,0.9,0.2,0.7200000000000001,0.4501748920183491,0.7147682825909765,0.4334417225005847,0.5636372929196292,0.3821387854805911
0,0.9,0.6,0.36000000000000004,0.6013748920183491,0.45556828259097637,0.2102417225005847,0.6245852929196293,0.5256828320249325
0,0.9,0.9,0.08999999999999998,0.7147748920183492,0.2611682825909763,0.04284172250058465,0.6702962929196293,0.6425562045331885
1,0.1,0.2,0.08000000000000002,0.7095849052149511,0.2658042941797576,0.0694687690778781,0.6832050995194108,0.5997304370293847
1,0.1,0.6,0.04000000000000001,0.726384905214951,0.23700429417975755,0.044668769077878104,0.6899770995194107,0.646348140703233
1,0.1,0.9,0.009999999999999998,0.7389849052149511,0.21540429417975757,0.0260687690778781,0.6950560995194107,0.6814251880586193
1,0.3,0.2,0.24,0.6516495441687,0.35595727513678216,0.126240924902856,0.6118757217331187,0.5074585796960409
1,0.3,0.6,0.12,0.7020495441687,0.2695572751367821,0.05184092490285601,0.6321917217331186,0.5800525530105927
1,0.3,0.9,0.029999999999999992,0.7398495441687001,0.20475727513678216,0.0,0.6474287217331186,0.6355219593965065
1,0.5,0.2,0.4,0.612423276267349,0.4974336026687656,0.26301077798396977,0.6063677719256968,0.471988564488124
1,0.5,0.6,0.2,0.6964232762673491,0.35343360266876556,0.13901077798396977,0.6402277719256968,0.5704258618913687
1,0.5,0.9,0.04999999999999999,0.7594232762673491,0.24543360266876557,0.04601077798396976,0.6656227719256967,0.647098074943802
1,0.7,0.2,0.5599999999999999,0.5189316425088956,0.6307099392829407,0.3302018295646584,0.5535984961119316,0.40396182607524167
1,0.7,0.6,0.27999999999999997,0.6365316425088956,0.42910993928294067,0.15660182956465837,0.6010024961119315,0.5230323729268707
1,0.7,0.9,0.06999999999999998,0.7247316425088955,0.2779099392829407,0.02640182956465839,0.6365554961119315,0.6179099934655925
1,0.9,0.2,0.7200000000000001,0.4543750911949479,0.7298717711570273,0.45911848934175425,0.5377247849428062,0.3653060202988469
1,0.9,0.6,0.36000000000000004,0.6055750911949479,0.47067177115702713,0.2359184893417542,0.5986727849428062,0.5058649459242582
1,0.9,0.9,0.08999999999999998,0.718975091194948,0.27627177115702706,0.06851848934175414,0.6443837849428062,0.6204994777433166
2,0.1,0.2,0.08000000000000002,0.746212337720832,0.25714304786292236,0.07755804597919583,0.6680847971293149,0.5868116506672867
2,0.1,0.6,0.04000000000000001,0.7630123377208319,0.22834304786292228,0.052758045979195825,0.6748567971293149,0.6332358144705419
2,0.1,0.9,0.009999999999999998,0.7756123377208319,0.2067430478629223,0.03415804597919582,0.679935797129315,0.6681677069229834
2,0.3,0.2,0.24,0.6737481852754192,0.39913671707605974,0.1284426029614116,0.6163679701175384,0.5110667535984068
2,0.3,0.6,0.12,0.7241481852754192,0.3127367170760597,0.05404260296141161,0.6366839701175383,0.5838332292509203
2,0.3,0.9,0.029999999999999992,0.7619481852754193,0.24793671707605974,0.0,0.6519209701175384,0.6394320123903054
2,0.5,0.2,0.4,0.5655680439826294,0.5035997453318514,0.27027034611486805,0.6068739652256643,0.47236922184969954
2,0.5,0.6,0.2,0.6495680439826295,0.35959974533185135,0.14627034611486803,0.6407339652256643,0.5708389156241421
2,0.5,0.9,0.04999999999999999,0.7125680439826294,0.25159974533185137,0.05327034611486803,0.6661289652256643,0.6475354259549739
2,0.7,0.2,0.5599999999999999,0.5254081744446933,0.5829315266836377,0.3614053731613131,0.6064462783194667,0.4409975518462823
2,0.7,0.6,0.27999999999999997,0.6430081744446934,0.3813315266836377,0.18780537316131313,0.6538502783194667,0.5648032599837065
2,0.7,0.9,0.06999999999999998,0.7312081744446933,0.23013152668363773,0.05760537316131315,0.6894032783194668,0.6632322514867748
2,0.9,0.2,0.7200000000000001,0.44882750995964615,0.6972465174467075,0.4453350559904368,0.5334418522030308,0.3625238271910888
2,0.9,0.6,0.36000000000000004,0.6000275099596462,0.4380465174467074,0.22213505599043679,0.5943898522030309,0.502589358964878
2,0.9,0.9,0.08999999999999998,0.7134275099596462,0.24364651744670734,0.05473505599043672,0.6401008522030309,0.6168538453952199
3,0.1,0.2,0.08000000000000002,0.7011357468932987,0.28303148111043014,0.04192409489312583,0.6868361365455329,0.6028327950645034
3,0.1,0.6,0.04000000000000001,0.7179357468932986,0.2542314811104301,0.017124094893125823,0.6936081365455328,0.6494969760122861
3,0.1,0.9,0.009999999999999998,0.7305357468932987,0.2326314811104301,0.0,0.6986871365455328,0.6846088813231233
3,0.3,0.2,0.24,0.674362895085716,0.3426151014001245,0.14303197000817136,0.6040411994698354,0.5011658914141718
3,0.3,0.6,0.12,0.724762895085716,0.2562151014001245,0.06863197000817138,0.6243571994698354,0.5734590190738135
3,0.3,0.9,0.029999999999999992,0.7625628950857161,0.19141510140012452,0.012831970008171377,0.6395941994698354,0.6287027912185448
3,0.5,0.2,0.4,0.5878650367119126,0.5024634186421966,0.24504010807678275,0.6234238555577709,0.48481473937944375
3,0.5,0.6,0.2,0.6718650367119127,0.35846341864219655,0.12104010807678275,0.6572838555577708,0.584343626135141
3,0.5,0.9,0.04999999999999999,0.7348650367119126,0.25046341864219657,0.028040108076782748,0.6826788555577709,0.661834531201914
3,0.7,0.2,0.5599999999999999,0.5252571420872117,0.5830864677868924,0.3532159109046941,0.5544718936681193,0.40457390308261804
3,0.7,0.6,0.27999999999999997,0.6428571420872118,0.38148646778689244,0.17961591090469417,0.6018758936681193,0.5237227063552815
3,0.7,0.9,0.06999999999999998,0.7310571420872117,0.23028646778689246,0.049415910904694174,0.6374288936681193,0.6186590192097792
3,0.9,0.2,0.7200000000000001,0.4425084831390391,0.7039518593132897,0.47770916192331075,0.5844169044312462,0.3956372211185375
3,0.9,0.6,0.36000000000000004,0.5937084831390391,0.44475185931328964,0.2545091619233107,0.6453649044312463,0.5415750789090172
3,0.9,0.9,0.08999999999999998,0.7071084831390392,0.25035185931328957,0.08710916192331064,0.6910759044312462,0.6602438098518768
4,0.1,0.2,0.08000000000000002,0.7301633215086684,0.25137194354951187,0.06102299172181451,0.6449204254618897,0.5670200115146385
4,0.1,0.6,0.04000000000000001,0.7469633215086683,0.2225719435495118,0.03622299172181451,0.6516924254618897,0.6131476713605507
4,0.1,0.9,0.009999999999999998,0.7595633215086683,0.2009719435495118,0.0176229917218145,0.6567714254618896,0.6478571858449849
4,0.3,0.2,0.24,0.6797921190268187,0.4075513933908096,0.165832052700931,0.6655256977790907,0.5505502404561656
4,0.3,0.6,0.12,0.7301921190268187,0.32115139339080956,0.091432052700931,0.6858416977790907,0.6252043728508827
4,0.3,0.9,0.029999999999999992,0.7679921190268187,0.2563513933908096,0.03563205270093099,0.7010786977790906,0.6822188985469204
4,0.5,0.2,0.4,0.5512611323924859,0.49877039760968117,0.2476264904262279,0.5901785769207538,0.45981428984440686
4,0.5,0.6,0.2,0.6352611323924859,0.35477039760968115,0.12362649042622788,0.6240385769207537,0.5572154787673351
4,0.5,0.9,0.04999999999999999,0.6982611323924859,0.24677039760968117,0.030626490426227875,0.6494335769207538,0.6331106104595312
4,0.7,0.2,0.5599999999999999,0.5376109497021844,0.5803206756520695,0.3243919429895402,0.5715926399203175,0.4165721220561585
4,0.7,0.6,0.27999999999999997,0.6552109497021844,0.3787206756520694,0.15079194298954024,0.6189966399203175,0.537254944193019
4,0.7,0.9,0.06999999999999998,0.7434109497021844,0.22752067565206946,0.020591942989540247,0.6545496399203174,0.6333417711956644
4,0.9,0.2,0.7200000000000001,0.4590525848552648,0.6970600769858271,0.47686478802429677,0.5676933738726098,0.3847736156676473
4,0.9,0.6,0.36000000000000004,0.6102525848552648,0.4378600769858269,0.25366478802429676,0.6286413738726098,0.528784922737772
4,0.9,0.9,0.08999999999999998,0.7236525848552648,0.24346007698582683,0.08626478802429671,0.6743523738726098,0.6460087406403654
5,0.1,0.2,0.08000000000000002,0.7097707250859041,0.2534731467287717,0.05692375877681797,0.6597587782495766,0.5796979001364383
5,0.1,0.6,0.04000000000000001,0.726570725085904,0.22467314672877164,0.032123758776817966,0.6665307782495765,0.6260154908980328
5,0.1,0.9,0.009999999999999998,0.7391707250859041,0.2030731467287717,0.013523758776817957,0.6716097782495766,0.6608674535692287
5,0.3,0.2,0.24,0.6750850031394444,0.35388645001019664,0.12515573079044043,0.6179028571515226,0.5122995748641029
5,0.3,0.6,0.12,0.7254850031394444,0.2674864500101966,0.05075573079044044,0.6382188571515225,0.5851249901787213
5,0.3,0.9,0.029999999999999992,0.7632850031394445,0.2026864500101966,0.0,0.6534558571515225,0.6407679780646853
5,0.5,0.2,0.4,0.5595787964538774,0.4626403793796249,0.2511394642876107,0.6096522729738648,0.47445850927634636
5,0.5,0.6,0.2,0.6435787964538775,0.31864037937962486,0.12713946428761067,0.6435122729738648,0.5731060147466738
5,0.5,0.9,0.04999999999999999,0.7065787964538774,0.21064037937962485,0.03413946428761066,0.6689072729738649,0.6499358838494194
5,0.7,0.2,0.5599999999999999,0.5389837716340595,0.5840300382397617,0.37235895165902416,0.5675110586755703,0.41371174991983967
5,0.7,0.6,0.27999999999999997,0.6565837716340596,0.3824300382397617,0.19875895165902419,0.6149150586755703,0.5340288623771707
5,0.7,0.9,0.06999999999999998,0.7447837716340595,0.23123003823976176,0.0685589516590242,0.6504680586755702,0.629841407120169
5,0.9,0.2,0.7200000000000001,0.47956423027135886,0.6941371725683332,0.44783248044917046,0.5721633004576988,0.38767727997732115
5,0.9,0.6,0.36000000000000004,0.6307642302713589,0.43493717256833314,0.22463248044917042,0.6331113004576988,0.5322035225900481
5,0.9,0.9,0.08999999999999998,0.7441642302713589,0.24053717256833307,0.057232480449170384,0.6788223004576988,0.6498135421495932
6,0.1,0.2,0.08000000000000002,0.6961838423719452,0.25907715822864813,0.06007278465022238,0.6604941630629569,0.5803262129209904
6,0.1,0.6,0.04000000000000001,0.7129838423719451,0.23027715822864805,0.03527278465022237,0.6672661630629568,0.6266532166081962
6,0.1,0.9,0.009999999999999998,0.7255838423719452,0.20867715822864807,0.016672784650222365,0.6723451630629569,0.6615122389736006
6,0.3,0.2,0.24,0.6237620099318513,0.35729256630403006,0.13179704003450393,0.6650373523753629,0.5501580014278915
6,0.3,0.6,0.12,0.6741620099318513,0.27089256630403,0.05739704003450394,0.6853533523753629,0.6247933813591054
6,0.3,0.9,0.029999999999999992,0.7119620099318513,0.20609256630403006,0.0015970400345039423,0.7005903523753629,0.6817938427075159
6,0.5,0.2,0.4,0.582520681050479,0.49667743019153787,0.2722987229472382,0.5922037290667687,0.46133720425821007
6,0.5,0.6,0.2,0.6665206810504791,0.35267743019153786,0.14829872294723823,0.6260637290667688,0.5588680029184834
6,0.5,0.9,0.04999999999999999,0.7295206810504791,0.2446774301915379,0.05529872294723822,0.6514587290667687,0.6348603419136882
6,0.7,0.2,0.5599999999999999,0.5443339546046759,0.5761355473238258,0.3202357310165795,0.5839622584010417,0.42524075068745
6,0.7,0.6,0.27999999999999997,0.661933954604676,0.3745355473238258,0.1466357310165795,0.6313662584010417,0.5470318906401833
6,0.7,0.9,0.06999999999999998,0.7501339546046759,0.22333554732382585,0.01643573101657953,0.6669192584010417,0.6439499560047335
6,0.9,0.2,0.7200000000000001,0.4426541915612661,0.7403426703253909,0.470474139157743,0.5473866820774868,0.3715823886775354
6,0.9,0.6,0.36000000000000004,0.5938541915612662,0.4811426703253908,0.24727413915774296,0.6083346820774869,0.513254364852862
6,0.9,0.9,0.08999999999999998,0.7072541915612662,0.28674267032539075,0.07987413915774291,0.6540456820774868,0.6287236845843567
7,0.1,0.2,0.08000000000000002,0.7036298510746546,0.2501499962682788,0.021499600596431984,0.66474555592906,0.5839586029857889
7,0.1,0.6,0.04000000000000001,0.7204298510746545,0.22134999626827873,0.0,0.67151755592906,0.6303400245016809
7,0.1,0.9,0.009999999999999998,0.7330298510746546,0.19974999626827875,0.0,0.6765965559290601,0.6652398602385998
7,0.3,0.2,0.24,0.6340102193491569,0.4042257913454607,0.1412338007753376,0.6156389571127441,0.510481210352956
7,0.3,0.6,0.12,0.6844102193491569,0.3178257913454607,0.0668338007753376,0.6359549571127442,0.5832196919060856
7,0.3,0.9,0.029999999999999992,0.722210219349157,0.2530257913454607,0.011033800775337605,0.6511919571127441,0.6387974794709326
7,0.5,0.2,0.4,0.5991273032601356,0.5382506953803032,0.2613566245268225,0.6070019034331409,0.4724654313817219
7,0.5,0.6,0.2,0.6831273032601357,0.3942506953803032,0.13735662452682249,0.6408619034331409,0.570943313201443
7,0.5,0.9,0.04999999999999999,0.7461273032601357,0.28625069538030323,0.044356624526822486,0.6662569034331408,0.6476459645662336
7,0.7,0.2,0.5599999999999999,0.5451577899153052,0.6031146938657431,0.33877879116777676,0.568105616278549,0.4141284158880072
7,0.7,0.6,0.27999999999999997,0.6627577899153052,0.4015146938657431,0.1651787911677768,0.615509616278549,0.5344988007065652
7,0.7,0.9,0.06999999999999998,0.7509577899153052,0.2503146938657432,0.034978791167776815,0.6510626162785491,0.6303512997204836
7,0.9,0.2,0.7200000000000001,0.4406476406364086,0.7112830761410854,0.4443675633839116,0.5840475545304035,0.3953972914229501
7,0.9,0.6,0.36000000000000004,0.5918476406364086,0.45208307614108534,0.22116756338391155,0.6449955545304036,0.5412926001048527
7,0.9,0.9,0.08999999999999998,0.7052476406364087,0.25768307614108527,0.05376756338391151,0.6907065545304036,0.6599294192162795
8,0.1,0.2,0.08000000000000002,0.7224350613983879,0.30600552441050666,0.044302330781849884,0.6531091095314087,0.5740164231836357
8,0.1,0.6,0.04000000000000001,0.7392350613983878,0.2772055244105066,0.019502330781849878,0.6598811095314087,0.6202488981856377
8,0.1,0.9,0.009999999999999998,0.7518350613983878,0.25560552441050666,0.000902330781849872,0.6649601095314087,0.6550370240371393
8,0.3,0.2,0.24,0.6452707899506034,0.3684063411644421,0.150278430409679,0.6451432786095551,0.5341790813791947
8,0.3,0.6,0.12,0.6956707899506034,0.28200634116444206,0.07587843040967902,0.665459278609555,0.6080505288778015
8,0.3,0.9,0.029999999999999992,0.7334707899506034,0.21720634116444207,0.02007843040967902,0.6806962786095552,0.6644780409017568
8,0.5,0.2,0.4,0.579159704135551,0.4820096442239441,0.26739246524295035,0.5680843839523493,0.44319945673216665
8,0.5,0.6,0.2,0.663159704135551,0.3380096442239441,0.14339246524295038,0.6019443839523493,0.5391866173051171
8,0.5,0.9,0.04999999999999999,0.726159704135551,0.2300096442239441,0.050392465242950366,0.6273393839523493,0.6140212277348298
8,0.7,0.2,0.5599999999999999,0.5176289378468942,0.6342854807520688,0.37046958950064335,0.5876745575397753,0.4278423299238745
8,0.7,0.6,0.27999999999999997,0.6352289378468943,0.43268548075206886,0.19686958950064334,0.6350785575397753,0.5499660918794385
8,0.7,0.9,0.06999999999999998,0.7234289378468942,0.2814854807520689,0.06666958950064336,0.6706315575397753,0.6471336237461114
8,0.9,0.2,0.7200000000000001,0.4617640863693385,0.7197782833256584,0.4482549151151479,0.5479301506480374,0.37193542586096506
8,0.9,0.6,0.36000000000000004,0.6129640863693385,0.4605782833256583,0.2250549151151479,0.6088781506480373,0.5136700096156189
8,0.9,0.9,0.08999999999999998,0.7263640863693386,0.26617828332565824,0.05765491511514785,0.6545891506480375,0.6291862850316094
9,0.1,0.2,0.08000000000000002,0.7252320980273317,0.253250226048489,0.03757497199932744,0.6719608401918596,0.5901233418599249
9,0.1,0.6,0.04000000000000001,0.7420320980273316,0.224450226048489,0.012774971999327431,0.6787328401918596,0.6365971190143807
9,0.1,0.9,0.009999999999999998,0.7546320980273317,0.202850226048489,0.0,0.6838118401918596,0.6715662214802225
9,0.3,0.2,0.24,0.6606252431642959,0.38185462107285156,0.1453277622737318,0.6093034541938542,0.5053925344085037
9,0.3,0.6,0.12,0.7110252431642959,0.29545462107285153,0.0709277622737318,0.6296194541938542,0.5778877326495477
9,0.3,0.9,0.029999999999999992,0.748825243164296,0.23065462107285153,0.015127762273731806,0.6448564541938543,0.6332830577303308
9,0.5,0.2,0.4,0.5858988508964472,0.49643186454629934,0.24092989471904203,0.6315967288021253,0.4909607400591982
9,0.5,0.6,0.2,0.6698988508964473,0.3524318645462993,0.11692989471904203,0.6654567288021253,0.5910126907025343
9,0.5,0.9,0.04999999999999999,0.7328988508964472,0.2444318645462993,0.023929894719042014,0.6908517288021252,0.6688958936850362
9,0.7,0.2,0.5599999999999999,0.5415441121084582,0.609155036385154,0.35179622725925674,0.5829910874868405,0.4245601541107778
9,0.7,0.6,0.27999999999999997,0.6591441121084582,0.40755503638515406,0.17819622725925674,0.6303950874868405,0.5462642771495987
9,0.7,0.9,0.06999999999999998,0.7473441121084582,0.2563550363851541,0.04799622725925675,0.6659480874868404,0.6431170798287145
9,0.9,0.2,0.7200000000000001,0.4403816056086202,0.7230934395829111,0.41741991543004997,0.5426033899205509,0.36847516209238984
9,0.9,0.6,0.36000000000000004,0.5915816056086202,0.463893439582911,0.1942199154300499,0.6035513899205509,0.5095961030112374
9,0.9,0.9,0.08999999999999998,0.7049816056086202,0.26949343958291094,0.026819915430049857,0.649262389920551,0.6246521463003729
10,0.1,0.2,0.08000000000000002,0.7156687220262842,0.2571217182783421,0.04129285129446923,0.6546151875734498,0.5753032162627556
10,0.1,0.6,0.04000000000000001,0.7324687220262841,0.22832171827834208,0.01649285129446923,0.6613871875734497,0.6215549690636957
10,0.1,0.9,0.009999999999999998,0.7450687220262842,0.2067217182783421,0.0,0.6664661875734499,0.6563575532644008
10,0.3,0.2,0.24,0.6675318993205113,0.37669383797602224,0.14152195137510676,0.627831554891364,0.5202743048887436
10,0.3,0.6,0.12,0.7179318993205113,0.2902938379760222,0.06712195137510678,0.6481475548913639,0.5934809821965719
10,0.3,0.9,0.029999999999999992,0.7557318993205113,0.22549383797602224,0.011321951375106777,0.663384554891364,0.6494099165774434
10,0.5,0.2,0.4,0.5545258730753998,0.44525616105428023,0.2484969955555135,0.6236351467949726,0.4849736303898194
10,0.5,0.6,0.2,0.6385258730753999,0.3012561610542802,0.12449699555551351,0.6574951467949726,0.5845160397846977
10,0.5,0.9,0.04999999999999999,0.7015258730753998,0.19325616105428023,0.0314969955555135,0.6828901467949726,0.6620170868308564
10,0.7,0.2,0.5599999999999999,0.5123194642837646,0.6008558259645149,0.3593391595280449,0.5865612101408931,0.4270620960667379
10,0.7,0.6,0.27999999999999997,0.6299194642837647,0.3992558259645149,0.18573915952804493,0.6339652101408931,0.549086102095362
10,0.7,0.9,0.06999999999999998,0.7181194642837646,0.24805582596451498,0.05553915952804494,0.6695182101408931,0.6461788170168299
10,0.9,0.2,0.7200000000000001,0.4377264173936121,0.7256148434276696,0.4699630921121609,0.5670726945635143,0.38437042238845887
10,0.9,0.6,0.36000000000000004,0.5889264173936121,0.4664148434276694,0.24676309211216085,0.6280206945635143,0.5283102272021758
10,0.9,0.9,0.08999999999999998,0.7023264173936121,0.27201484342766935,0.07936309211216082,0.6737316945635143,0.6454804184124634
11,0.1,0.2,0.08000000000000002,0.73752474410733,0.2512482174274836,0.0542699826993961,0.6715933058710348,0.5898093205362122
11,0.1,0.6,0.04000000000000001,0.75432474410733,0.22244821742748355,0.029469982699396095,0.6783653058710348,0.6362783932513614
11,0.1,0.9,0.009999999999999998,0.76692474410733,0.20084821742748357,0.010869982699396086,0.6834443058710349,0.6712439673877235
11,0.3,0.2,0.24,0.6395905831517908,0.35017798325424315,0.14614137725956852,0.6240185598795848,0.5172117072952825
11,0.3,0.6,0.12,0.6899905831517908,0.2637779832542431,0.07174137725956853,0.6443345598795847,0.5902719655946586
11,0.3,0.9,0.029999999999999992,0.7277905831517909,0.19897798325424318,0.01594137725956853,0.6595715598795847,0.6460910857191906
11,0.5,0.2,0.4,0.5799706139278001,0.4643760512090245,0.23291775308011356,0.58928251486729,0.4591404511802021
11,0.5,0.6,0.2,0.6639706139278002,0.32037605120902446,0.10891775308011357,0.6231425148672901,0.5564842921317088
11,0.5,0.9,0.04999999999999999,0.7269706139278002,0.21237605120902445,0.015917753080113565,0.64853751486729,0.6323364128453386
11,0.7,0.2,0.5599999999999999,0.5025179427874676,0.6031485039670947,0.34971955778235125,0.5923129231730953,0.4310928965597052
11,0.7,0.6,0.27999999999999997,0.6201179427874677,0.4015485039670947,0.17611955778235125,0.6397169231730953,0.5536322560760145
11,0.7,0.9,0.06999999999999998,0.7083179427874676,0.25034850396709474,0.045919557782351274,0.6752699231730952,0.6511114861132465
11,0.9,0.2,0.7200000000000001,0.44318054215313013,0.7102242487165836,0.4350152417430199,0.5594153037957678,0.3793961813457307
11,0.9,0.6,0.36000000000000004,0.5943805421531301,0.45102424871658353,0.21181524174301988,0.6203633037957679,0.5224538547430033
11,0.9,0.9,0.08999999999999998,0.7077805421531301,0.25662424871658346,0.04441524174301985,0.6660743037957679,0.6389624473909576
12,0.1,0.2,0.08000000000000002,0.7017209360636113,0.296887951439871,0.03953796558627307,0.6615394997694056,0.5812193486029802
12,0.1,0.6,0.04000000000000001,0.7185209360636112,0.26808795143987096,0.014737965586273067,0.6683114997694056,0.6275597326000286
12,0.1,0.9,0.009999999999999998,0.7311209360636113,0.246487951439871,0.0,0.6733904997694056,0.6624287901978148
12,0.3,0.2,0.24,0.6934996618451797,0.37222725131568096,0.1752124041594556,0.6333855554184632,0.5247352781121096
12,0.3,0.6,0.12,0.7438996618451797,0.28582725131568093,0.10081240415945561,0.6537015554184631,0.5981552290401786
12,0.3,0.9,0.029999999999999992,0.7816996618451798,0.22102725131568096,0.04501240415945561,0.6689385554184633,0.6542441186362304
12,0.5,0.2,0.4,0.5651411321104168,0.49687955454525023,0.23228478987382067,0.6048840599299099,0.4708728130672923
12,0.5,0.6,0.2,0.6491411321104169,0.3528795545452502,0.10828478987382067,0.63874405992991,0.5692151529028067
12,0.5,0.9,0.04999999999999999,0.7121411321104169,0.24487955454525023,0.015284789873820669,0.6641390599299098,0.6458161477794422
12,0.7,0.2,0.5599999999999999,0.5281627003506483,0.6169927456131005,0.3557347334145755,0.5751903251301095,0.4190933798511807
12,0.7,0.6,0.27999999999999997,0.6457627003506483,0.41539274561310047,0.18213473341457556,0.6225943251301095,0.5400985545828385
12,0.7,0.9,0.06999999999999998,0.7339627003506483,0.2641927456131005,0.05193473341457556,0.6581473251301095,0.636427146031582
12,0.9,0.2,0.7200000000000001,0.4551996439513936,0.7321580897537847,0.47153317616738843,0.5513892018725127,0.37418242553638426
12,0.9,0.6,0.36000000000000004,0.6063996439513937,0.4729580897537846,0.2483331761673884,0.6123372018725126,0.5163154919920977
12,0.9,0.9,0.08999999999999998,0.7197996439513937,0.27855808975378454,0.08093317616738833,0.6580482018725127,0.6321306294338829
13,0.1,0.2,0.08000000000000002,0.7206827392037264,0.2835055229969245,0.05568371358990732,0.6614049384574346,0.5811043794180322
13,0.1,0.6,0.04000000000000001,0.7374827392037263,0.25470552299692445,0.03088371358990731,0.6681769384574345,0.6274430410302873
13,0.1,0.9,0.009999999999999998,0.7500827392037264,0.2331055229969245,0.012283713589907305,0.6732559384574346,0.6623108068394787
13,0.3,0.2,0.24,0.6582206969229315,0.37814400094082257,0.12409934550701243,0.6572418027582599,0.5438966159754344
13,0.3,0.6,0.12,0.7086206969229315,0.29174400094082253,0.049699345507012445,0.6775578027582599,0.6182326468013516
13,0.3,0.9,0.029999999999999992,0.7464206969229316,0.2269440009408226,0.0,0.69279480275826,0.6750085963207895
13,0.5,0.2,0.4,0.6016727207468079,0.46158469986283224,0.2559377110963074,0.63292859718388,0.49196230508227773
13,0.5,0.6,0.2,0.685672720746808,0.3175846998628322,0.13193771109630742,0.6667885971838801,0.5920994953020462
13,0.5,0.9,0.04999999999999999,0.7486727207468079,0.20958469986283226,0.03893771109630743,0.69218359718388,0.6700466279668724
13,0.7,0.2,0.5599999999999999,0.553487203028841,0.6442256172661947,0.3921051428876144,0.566762423721952,0.41318710654434393
13,0.7,0.6,0.27999999999999997,0.6710872030288411,0.4426256172661947,0.2185051428876144,0.614166423721952,0.5334371413098309
13,0.7,0.9,0.06999999999999998,0.759287203028841,0.29142561726619476,0.08830514288761443,0.6497194237219519,0.629199377783946
13,0.9,0.2,0.7200000000000001,0.4267870121726402,0.7196980042250315,0.4143225352310166,0.5613233712544782,0.380635661966909
13,0.9,0.6,0.36000000000000004,0.5779870121726403,0.4604980042250314,0.19112253523101658,0.6222713712544782,0.5239131447354249
13,0.9,0.9,0.08999999999999998,0.6913870121726402,0.2660980042250313,0.023722535231016514,0.6679823712544782,0.6405865944118119
14,0.1,0.2,0.08000000000000002,0.7421845739753599,0.23886336783843548,0.0712095711172038,0.659647218363986,0.5796025833701897
14,0.1,0.6,0.04000000000000001,0.7589845739753598,0.21006336783843543,0.0464095711172038,0.6664192183639859,0.6259187461652486
14,0.1,0.9,0.009999999999999998,0.7715845739753598,0.18846336783843545,0.027809571117203787,0.671498218363986,0.6607696378615431
14,0.3,0.2,0.24,0.6860450992539998,0.3883571483111967,0.1805837058928751,0.6765062306059334,0.5593698044226857
14,0.3,0.6,0.12,0.7364450992539998,0.3019571483111967,0.10618370589287508,0.6968222306059333,0.6344455892779535
14,0.3,0.9,0.029999999999999992,0.7742450992539999,0.23715714831119672,0.05038370589287508,0.7120592306059333,0.6917763543194044
14,0.5,0.2,0.4,0.5851920192926303,0.5048216018651488,0.25031919196260627,0.6063882373581273,0.47200395449331173
14,0.5,0.6,0.2,0.6691920192926304,0.3608216018651487,0.12631919196260627,0.6402482373581274,0.570442561684232
14,0.5,0.9,0.04999999999999999,0.7321920192926303,0.25282160186514874,0.03331919196260628,0.6656432373581274,0.647115757077422
14,0.7,0.2,0.5599999999999999,0.5096492265649918,0.6221326378472167,0.3374648708725313,0.5714720733790813,0.4164876290240602
14,0.7,0.6,0.27999999999999997,0.6272492265649918,0.42053263784721673,0.16386487087253135,0.6188760733790813,0.5371596483988259
14,0.7,0.9,0.06999999999999998,0.7154492265649918,0.2693326378472168,0.03366487087253135,0.6544290733790813,0.6332383733299001
14,0.9,0.2,0.7200000000000001,0.42912784579902125,0.7074322923403303,0.44170110206695723,0.5670447870646218,0.3843522936771783
14,0.9,0.6,0.36000000000000004,0.5803278457990213,0.44823229234033024,0.21850110206695722,0.6279927870646218,0.5282888835470227
14,0.9,0.9,0.08999999999999998,0.6937278457990214,0.25383229234033017,0.05110110206695716,0.6737037870646219,0.6454566635494061
15,0.1,0.2,0.08000000000000002,0.7210391819940688,0.26236377604305944,0.0159870361586604,0.6289450432682521,0.5533706449683946
15,0.1,0.6,0.04000000000000001,0.7378391819940687,0.23356377604305936,0.0,0.6357170432682521,0.5992938199222282
15,0.1,0.9,0.009999999999999998,0.7504391819940688,0.21196377604305938,0.0,0.6407960432682521,0.6338499707376035
15,0.3,0.2,0.24,0.6289242653899229,0.37027675472491434,0.16239517298614814,0.6184150866185746,0.5127109975720391
15,0.3,0.6,0.12,0.6793242653899229,0.2838767547249143,0.08799517298614815,0.6387310866185745,0.5855560824981924
15,0.3,0.9,0.029999999999999992,0.7171242653899229,0.21907675472491434,0.03219517298614814,0.6539680866185746,0.6412138225928075
15,0.5,0.2,0.4,0.6053295137506095,0.5135994581818928,0.2513122965382793,0.5992165646724019,0.46661085663364626
15,0.5,0.6,0.2,0.6893295137506096,0.3695994581818928,0.12731229653827933,0.6330765646724019,0.56459047677268
15,0.5,0.9,0.04999999999999999,0.7523295137506095,0.26159945818189284,0.034312296538279316,0.6584715646724019,0.6409194318769551
15,0.7,0.2,0.5599999999999999,0.5041423507113676,0.5713770160318725,0.35319900509042457,0.5904852932347607,0.4298120934989203
15,0.7,0.6,0.27999999999999997,0.6217423507113676,0.3697770160318725,0.17959900509042456,0.6378892932347607,0.552187697372755
15,0.7,0.9,0.06999999999999998,0.7099423507113676,0.21857701603187255,0.04939900509042458,0.6734422932347607,0.6495441106781308
15,0.9,0.2,0.7200000000000001,0.4677958133636687,0.7079638367784382,0.4382688457754831,0.5777543489363781,0.39130922506907123
15,0.9,0.6,0.36000000000000004,0.6189958133636687,0.4487638367784381,0.21506884577548305,0.6387023489363781,0.536479556466542
15,0.9,0.9,0.08999999999999998,0.7323958133636688,0.25436383677843805,0.047668845775482985,0.6844133489363782,0.654572642614645
16,0.1,0.2,0.08000000000000002,0.7019866203290708,0.2684046672822863,0.06896428693535292,0.6364644267545402,0.5597952062190792
16,0.1,0.6,0.04000000000000001,0.7187866203290707,0.23960466728228624,0.04416428693535292,0.6432364267545402,0.6058146292815373
16,0.1,0.9,0.009999999999999998,0.7313866203290708,0.21800466728228626,0.025564286935352912,0.6483154267545402,0.6404429661783808
16,0.3,0.2,0.24,0.6507292174405976,0.36752047353401274,0.1465223024643052,0.6792694313019686,0.5615892072217412
16,0.3,0.6,0.12,0.7011292174405976,0.2811204735340127,0.07212230246430519,0.6995854313019685,0.6367710989837367
16,0.3,0.9,0.029999999999999992,0.7389292174405977,0.21632047353401276,0.016322302464305192,0.7148224313019685,0.6941814442052334
16,0.5,0.2,0.4,0.611964819070596,0.47402101745215114,0.2441287852378303,0.6016880664098013,0.4684694259401706
16,0.5,0.6,0.2,0.695964819070596,0.3300210174521511,0.12012878523783031,0.6355480664098014,0.566607222190398
16,0.5,0.9,0.04999999999999999,0.758964819070596,0.22202101745215114,0.027128785237830303,0.6609430664098014,0.6430548093780684
16,0.7,0.2,0.5599999999999999,0.4957798063311792,0.5912170712552397,0.3389910960316129,0.5895248191908379,0.4291389932889392
16,0.7,0.6,0.27999999999999997,0.6133798063311792,0.38961707125523976,0.16539109603161292,0.6369288191908379,0.5514285386884383
16,0.7,0.9,0.06999999999999998,0.7015798063311791,0.23841707125523978,0.03519109603161294,0.6724818191908378,0.6487204081380626
16,0.9,0.2,0.7200000000000001,0.4841877678746722,0.7231619438700981,0.4134746325174706,0.5807981082105939,0.3932864510936018
16,0.9,0.6,0.36000000000000004,0.6353877678746722,0.46396194387009804,0.19027463251747054,0.6417461082105939,0.5388074235594622
16,0.9,0.9,0.08999999999999998,0.7487877678746723,0.26956194387009796,0.02287463251747049,0.6874571082105939,0.6571634905088575
17,0.1,0.2,0.08000000000000002,0.7277913231391329,0.2618589330217005,0.027062766106498225,0.6659765392660004,0.5850103551488708
17,0.1,0.6,0.04000000000000001,0.7445913231391328,0.23305893302170042,0.0022627661064982194,0.6727485392660003,0.6314075332514755
17,0.1,0.9,0.009999999999999998,0.7571913231391328,0.21145893302170043,0.0,0.6778275392660004,0.6663191864284292
17,0.3,0.2,0.24,0.6549740764430513,0.3622827954256251,0.1394281837829813,0.6243762902999783,0.5174990363689426
17,0.3,0.6,0.12,0.7053740764430513,0.27588279542562505,0.06502818378298131,0.6446922902999783,0.5905730315164618
17,0.3,0.9,0.029999999999999992,0.7431740764430513,0.21108279542562505,0.009228183782981313,0.6599292902999785,0.6464024542771014
17,0.5,0.2,0.4,0.6138370358047706,0.5012006523274561,0.22706233236658352,0.6182801614707888,0.4809466814260332
17,0.5,0.6,0.2,0.6978370358047706,0.3572006523274561,0.10306233236658352,0.6521401614707889,0.5801463717601638
17,0.5,0.9,0.04999999999999999,0.7608370358047706,0.2492006523274561,0.010062332366583517,0.6775351614707888,0.6573903795107616
17,0.7,0.2,0.5599999999999999,0.5272345724274867,0.6195039903216394,0.3097698205763628,0.5510335968443364,0.4021643446685109
17,0.7,0.6,0.27999999999999997,0.6448345724274868,0.4179039903216394,0.13616982057636287,0.5984375968443364,0.5210050765457634
17,0.7,0.9,0.06999999999999998,0.7330345724274867,0.26670399032163944,0.005969820576362882,0.6339905968443363,0.6157103358537028
17,0.9,0.2,0.7200000000000001,0.4370407291505809,0.7116021812258468,0.43484096356194146,0.6019837756677203,0.4070486606737511
17,0.9,0.6,0.36000000000000004,0.5882407291505809,0.45240218122584674,0.2116409635619414,0.6629317756677202,0.5550102220306725
17,0.9,0.9,0.08999999999999998,0.701640729150581,0.25800218122584667,0.04424096356194135,0.7086427756677203,0.6751967306483635
18,0.1,0.2,0.08000000000000002,0.7419135930240184,0.27246783818065384,0.05629051280891794,0.6723446787852123,0.5904512935540854
18,0.1,0.6,0.04000000000000001,0.7587135930240183,0.24366783818065382,0.03149051280891794,0.6791166787852123,0.6369299838425362
18,0.1,0.9,0.009999999999999998,0.7713135930240184,0.22206783818065384,0.012890512808917929,0.6841956787852124,0.6719027711588743
18,0.3,0.2,0.24,0.6661754320384602,0.41029275771155255,0.14686818512064426,0.6386495321991047,0.528963304262321
18,0.3,0.6,0.12,0.7165754320384602,0.3238927577115525,0.07246818512064426,0.6589655321991046,0.6025853918987665
18,0.3,0.9,0.029999999999999992,0.7543754320384602,0.25909275771155255,0.01666818512064426,0.6742025321991048,0.6588258840261008
18,0.5,0.2,0.4,0.5530635012521028,0.4862313412938745,0.22561709372187178,0.601058087278729,0.4679956816336042
18,0.5,0.6,0.2,0.6370635012521029,0.3422313412938745,0.10161709372187176,0.634918087278729,0.5660931592194429
18,0.5,0.9,0.04999999999999999,0.7000635012521028,0.2342313412938745,0.008617093721871756,0.6603130872787291,0.642510507408822
18,0.7,0.2,0.5599999999999999,0.5504173028698985,0.5949000855950126,0.3345468697985349,0.5722965427304113,0.41706541714547224
18,0.7,0.6,0.27999999999999997,0.6680173028698986,0.39330008559501256,0.16094686979853487,0.6197005427304113,0.5378113089741171
18,0.7,0.9,0.06999999999999998,0.7562173028698985,0.24210008559501262,0.030746869798534887,0.6552535427304114,0.6339454382456009
18,0.9,0.2,0.7200000000000001,0.45012839097885,0.7555627245460707,0.4380341564413057,0.5429064730819971,0.3686720449140653
18,0.9,0.6,0.36000000000000004,0.60132839097885,0.4963627245460705,0.2148341564413057,0.603854473081997,0.5098279010131114
18,0.9,0.9,0.08999999999999998,0.7147283909788501,0.3019627245460704,0.04743415644130566,0.6495654730819971,0.6249101306873959
19,0.1,0.2,0.08000000000000002,0.7569267932667372,0.26128134888362803,0.051517937775418056,0.6619084751290365,0.5815346011502488
19,0.1,0.6,0.04000000000000001,0.7737267932667371,0.232481348883628,0.026717937775418046,0.6686804751290363,0.6278797080319003
19,0.1,0.9,0.009999999999999998,0.7863267932667372,0.21088134888362803,0.008117937775418041,0.6737594751290364,0.6627523077931392
19,0.3,0.2,0.24,0.6475326769295838,0.34370832939917534,0.12746896512161027,0.6303660816678728,0.5223100367956355
19,0.3,0.6,0.12,0.6979326769295838,0.2573083293991753,0.05306896512161026,0.6506820816678727,0.5956140399316817
19,0.3,0.9,0.029999999999999992,0.7357326769295839,0.1925083293991753,0.0,0.6659190816678727,0.6516159686837164
19,0.5,0.2,0.4,0.5996811346052933,0.4775974353335764,0.26823201378473044,0.600007765488344,0.4672058396472347
19,0.5,0.6,0.2,0.6836811346052933,0.3335974353335764,0.14423201378473044,0.6338677654883441,0.5652360966384888
19,0.5,0.9,0.04999999999999999,0.7466811346052933,0.22559743533357643,0.05123201378473043,0.659262765488344,0.6416030293819293
19,0.7,0.2,0.5599999999999999,0.5236724105210905,0.5884819702084821,0.376062386197777,0.5792002720600039,0.42190355065965074
19,0.7,0.6,0.27999999999999997,0.6412724105210905,0.3868819702084821,0.20246238619777698,0.6266042720600038,0.543268016636227
19,0.7,0.9,0.06999999999999998,0.7294724105210905,0.23568197020848214,0.072262386197777,0.6621572720600039,0.6398660765186592
19,0.9,0.2,0.7200000000000001,0.4530488005705713,0.6729392481913744,0.4230235299890887,0.5671226696481578,0.3844028862034433
19,0.9,0.6,0.36000000000000004,0.6042488005705713,0.4137392481913743,0.19982352998908867,0.6280706696481579,0.5283484481469112
19,0.9,0.9,0.08999999999999998,0.7176488005705713,0.21933924819137426,0.032423529989088616,0.6737816696481579,0.645522957204512
20,0.1,0.2,0.08000000000000002,0.7170931877818761,0.2387057411907393,0.038665451868913125,0.64635471372908,0.568245467410126
20,0.1,0.6,0.04000000000000001,0.7338931877818761,0.20990574119073926,0.013865451868913118,0.6531267137290798,0.614391486145858
20,0.1,0.9,0.009999999999999998,0.7464931877818761,0.18830574119073928,0.0,0.65820571372908,0.6491147697976574
20,0.3,0.2,0.24,0.6690063236221104,0.35633572698420446,0.14395889870459447,0.6577833514058561,0.5443315878491837
20,0.3,0.6,0.12,0.7194063236221104,0.2699357269842044,0.06955889870459447,0.678099351405856,0.6186884141431684
20,0.3,0.9,0.029999999999999992,0.7572063236221105,0.20513572698420446,0.013758898704594479,0.693336351405856,0.6754799602636572
20,0.5,0.2,0.4,0.6079492281742138,0.4946962702868586,0.2429933526115908,0.6331779403186901,0.492149811119655
20,0.5,0.6,0.2,0.6919492281742139,0.35069627028685857,0.11899335261159079,0.6670379403186901,0.5923029593000513
20,0.5,0.9,0.04999999999999999,0.7549492281742138,0.2426962702868586,0.025993352611590786,0.6924329403186901,0.6702620604353482
20,0.7,0.2,0.5599999999999999,0.5296269962856194,0.612451175161791,0.3746104020523015,0.5611377504949415,0.40924533554685505
20,0.7,0.6,0.27999999999999997,0.6472269962856194,0.4108511751617911,0.20101040205230156,0.6085417504949415,0.5289913995912018
20,0.7,0.9,0.06999999999999998,0.7354269962856194,0.25965117516179115,0.07081040205230156,0.6440947504949415,0.6243756580244619
20,0.9,0.2,0.7200000000000001,0.4580656180050681,0.7062751351387556,0.44832090630037374,0.5789567449556412,0.3920903015231845
20,0.9,0.6,0.36000000000000004,0.6092656180050682,0.4470751351387555,0.2251209063003737,0.6399047449556413,0.5373991489420745
20,0.9,0.9,0.08999999999999998,0.7226656180050682,0.25267513513875545,0.05772090630037365,0.6856157449556413,0.6555961221062419
21,0.1,0.2,0.08000000000000002,0.7290092663872666,0.2535103005197876,0.03583762963524208,0.6608824944668985,0.5806580032725182
21,0.1,0.6,0.04000000000000001,0.7458092663872665,0.22471030051978758,0.011037629635242073,0.6676544944668985,0.6269899776016944
21,0.1,0.9,0.009999999999999998,0.7584092663872666,0.2031103005197876,0.0,0.6727334944668986,0.6618527279485766
21,0.3,0.2,0.24,0.6492795419764169,0.3782785005400455,0.14494738714066865,0.6053824797569378,0.5022432077407725
21,0.3,0.6,0.12,0.6996795419764169,0.2918785005400455,0.07054738714066865,0.6256984797569378,0.5745878405634389
21,0.3,0.9,0.029999999999999992,0.737479541976417,0.2270785005400455,0.01474738714066865,0.6409354797569379,0.6298702415804387
21,0.5,0.2,0.4,0.5615305127663635,0.48950574261592117,0.2218423940778709,0.5808965000880192,0.4528341680661904
21,0.5,0.6,0.2,0.6455305127663635,0.34550574261592115,0.0978423940778709,0.6147565000880193,0.5496413040718239
21,0.5,0.9,0.04999999999999999,0.7085305127663635,0.23750574261592117,0.004842394077870904,0.6401515000880192,0.6250908960760486
21,0.7,0.2,0.5599999999999999,0.528686877695369,0.6153052489027605,0.3657050071976825,0.61037310500058,0.44374947198440645
21,0.7,0.6,0.27999999999999997,0.6462868776953691,0.4137052489027605,0.19210500719768253,0.65777710500058,0.5679070237924584
21,0.7,0.9,0.06999999999999998,0.734486877695369,0.26250524890276056,0.06190500719768255,0.69333010500058,0.6665998980484975
21,0.9,0.2,0.7200000000000001,0.45909015391200975,0.6885269393134956,0.4521144882612566,0.5573779761758588,0.3780727333238379
21,0.9,0.6,0.36000000000000004,0.6102901539120098,0.4293269393134955,0.22891448826125654,0.6183259761758589,0.520895706579297
21,0.9,0.9,0.08999999999999998,0.7236901539120099,0.23492693931349545,0.06151448826125651,0.664036976175859,0.6372282741208912
22,0.1,0.2,0.08000000000000002,0.6977390987306651,0.2319716225282235,0.03140390736750576,0.6739532801886502,0.5918256825931828
22,0.1,0.6,0.04000000000000001,0.714539098730665,0.20317162252822346,0.006603907367505754,0.6807252801886502,0.6383249629795975
22,0.1,0.9,0.009999999999999998,0.7271390987306651,0.18157162252822348,0.0,0.6858042801886503,0.6733131928694085
22,0.3,0.2,0.24,0.6521999601679587,0.37742891213947444,0.16482067419278598,0.617359353418854,0.5118630326660235
22,0.3,0.6,0.12,0.7025999601679587,0.2910289121394744,0.090420674192786,0.6376753534188538,0.5846675774373075
22,0.3,0.9,0.029999999999999992,0.7403999601679587,0.22622891213947444,0.034620674192786,0.6529123534188539,0.6402949124157704
22,0.5,0.2,0.4,0.5847946444327657,0.48318754686686594,0.2444516804474545,0.6039390500017826,0.47016216560134055
22,0.5,0.6,0.2,0.6687946444327658,0.3391875468668659,0.1204516804474545,0.6377990500017826,0.5684440248014547
22,0.5,0.9,0.04999999999999999,0.7317946444327658,0.23118754686686593,0.027451680447454486,0.6631940500017826,0.6449996592015401
22,0.7,0.2,0.5599999999999999,0.5207467460319192,0.5870158352609716,0.38915310279021026,0.5893379246081129,0.4290080175653655
22,0.7,0.6,0.27999999999999997,0.6383467460319192,0.38541583526097156,0.21555310279021028,0.6367419246081129,0.5512808172102525
22,0.7,0.9,0.06999999999999998,0.7265467460319192,0.23421583526097162,0.0853531027902103,0.6722949246081129,0.6485601273439177
22,0.9,0.2,0.7200000000000001,0.47825958674011904,0.7342480911700159,0.4570241486131421,0.5446523823249358,0.3698061875582783
22,0.9,0.6,0.36000000000000004,0.629459586740119,0.47504809117001573,0.23382414861314205,0.6056003823249358,0.511163172402111
22,0.9,0.9,0.08999999999999998,0.7428595867401191,0.28064809117001566,0.06642414861314201,0.6513113823249358,0.6263962486349852
23,0.1,0.2,0.08000000000000002,0.7116847439906987,0.25902543582049165,0.03456357628327869,0.6549692419084753,0.5756057202866013
23,0.1,0.6,0.04000000000000001,0.7284847439906986,0.2302254358204916,0.009763576283278686,0.6617412419084753,0.6218620049830298
23,0.1,0.9,0.009999999999999998,0.7410847439906987,0.20862543582049162,0.0,0.6668202419084753,0.6566679881053512
23,0.3,0.2,0.24,0.6404180170447011,0.3758411805461748,0.13905210520956995,0.6514211020271904,0.5392214291482393
23,0.3,0.6,0.12,0.6908180170447011,0.2894411805461748,0.06465210520956996,0.6717371020271903,0.6133339450660834
23,0.3,0.9,0.029999999999999992,0.7286180170447012,0.22464118054617482,0.008852105209569966,0.6869741020271903,0.6699422584044665
23,0.5,0.2,0.4,0.6030900787785409,0.4537860014581156,0.2475527637322455,0.6105844757041365,0.4751595257295107
23,0.5,0.6,0.2,0.687090078778541,0.3097860014581156,0.1235527637322455,0.6444444757041365,0.5738666921745755
23,0.5,0.9,0.04999999999999999,0.750090078778541,0.2017860014581156,0.030552763732245483,0.6698394757041365,0.6507413070083738
23,0.7,0.2,0.5599999999999999,0.5062651485082533,0.5883292096342078,0.3478473746775656,0.567388518541564,0.41362587379392807
23,0.7,0.6,0.27999999999999997,0.6238651485082534,0.3867292096342077,0.17424737467756563,0.6147925185415641,0.5339320066552523
23,0.7,0.9,0.06999999999999998,0.7120651485082533,0.2355292096342078,0.04404737467756562,0.6503455185415641,0.6297363167012453
23,0.9,0.2,0.7200000000000001,0.43775719102016075,0.6975449307428149,0.45224882908823716,0.5434581145926274,0.36903039123937076
23,0.9,0.6,0.36000000000000004,0.5889571910201608,0.4383449307428148,0.22904882908823712,0.6044061145926273,0.5102497964404413
23,0.9,0.9,0.08999999999999998,0.7023571910201608,0.2439449307428147,0.06164882908823706,0.6501171145926273,0.6253796879412443
24,0.1,0.2,0.08000000000000002,0.7420593052973351,0.2689377545182296,0.053020872085735034,0.6620968127586598,0.581695516820999
24,0.1,0.6,0.04000000000000001,0.758859305297335,0.24013775451822955,0.028220872085735024,0.6688688127586598,0.6280430344243099
24,0.1,0.9,0.009999999999999998,0.7714593052973351,0.21853775451822957,0.009620872085735019,0.6739478127586599,0.6629174422267929
24,0.3,0.2,0.24,0.6662664691269197,0.37021975712790556,0.1487229200415678,0.6244893353491273,0.5175898341524191
24,0.3,0.6,0.12,0.7166664691269197,0.2838197571279055,0.07432292004156782,0.6448053353491272,0.5906681702298255
24,0.3,0.9,0.029999999999999992,0.7544664691269197,0.21901975712790556,0.01852292004156782,0.6600423353491273,0.6465008486878805
24,0.5,0.2,0.4,0.5681976152581653,0.4870064838887507,0.25261613851110976,0.6197899338171124,0.4820820302304686
24,0.5,0.6,0.2,0.6521976152581653,0.34300648388875066,0.12861613851110978,0.6536499338171124,0.5813783459947638
24,0.5,0.9,0.04999999999999999,0.7151976152581653,0.23500648388875067,0.03561613851110978,0.6790449338171125,0.6586948228179852
24,0.7,0.2,0.5599999999999999,0.514894663779544,0.5949662487757005,0.331873001956099,0.5612610026252574,0.40933171063978036
24,0.7,0.6,0.27999999999999997,0.632494663779544,0.39336624877570053,0.158273001956099,0.6086650026252574,0.5290888180750034
24,0.7,0.9,0.06999999999999998,0.7206946637795439,0.2421662487757006,0.028073001956099013,0.6442180026252573,0.6244813590514207
24,0.9,0.2,0.7200000000000001,0.4423885904894615,0.6933892043787379,0.4629115788200623,0.5448835310029052,0.3699563417394872
24,0.9,0.6,0.36000000000000004,0.5935885904894616,0.43418920437873776,0.23971157882006228,0.6058315310029052,0.5113399549110219
24,0.9,0.9,0.08999999999999998,0.7069885904894616,0.23978920437873769,0.07231157882006221,0.6515425310029052,0.6265930023896729
25,0.1,0.2,0.08000000000000002,0.7217045712739045,0.2584690937803848,0.03266458863268025,0.6296825592001427,0.5540007785806019
25,0.1,0.6,0.04000000000000001,0.7385045712739045,0.22966909378038472,0.007864588632680247,0.6364545592001425,0.5999333937383636
25,0.1,0.9,0.009999999999999998,0.7511045712739045,0.20806909378038474,0.0,0.6415335592001427,0.634496624706685
25,0.3,0.2,0.24,0.6658527911931371,0.38354358151186846,0.1406227416979756,0.6419197329951156,0.5315899295416769
25,0.3,0.6,0.12,0.7162527911931371,0.2971435815118684,0.0662227416979756,0.6622357329951156,0.6053375928886894
25,0.3,0.9,0.029999999999999992,0.7540527911931372,0.23234358151186846,0.010422741697975597,0.6774727329951158,0.6616722667989487
25,0.5,0.2,0.4,0.5724229973053286,0.4954317616926813,0.24720022305817513,0.5856955330201395,0.45644304083114495
25,0.5,0.6,0.2,0.6564229973053287,0.3514317616926813,0.12320022305817513,0.6195555330201394,0.5535573149444338
25,0.5,0.9,0.04999999999999999,0.7194229973053287,0.2434317616926813,0.03020022305817513,0.6449505330201395,0.6292372605294005
25,0.7,0.2,0.5599999999999999,0.5662537540874931,0.5793177389508046,0.33372567141732695,0.620187866167678,0.45062765661030874
25,0.7,0.6,0.27999999999999997,0.6838537540874932,0.3777177389508046,0.16012567141732698,0.6675918661676778,0.5756646110189326
25,0.7,0.9,0.06999999999999998,0.7720537540874931,0.22651773895080468,0.029925671417326986,0.7031448661676779,0.6750170372254005
25,0.9,0.2,0.7200000000000001,0.4993173632993285,0.7062124972420575,0.4472259875758868,0.5619016996745303,0.38101134410857485
25,0.9,0.6,0.36000000000000004,0.6505173632993285,0.4470124972420573,0.2240259875758867,0.6228496996745304,0.5243554503110809
25,0.9,0.9,0.08999999999999998,0.7639173632993286,0.25261249724205725,0.056625987575886674,0.6685606996745304,0.6410788675629602
26,0.1,0.2,0.08000000000000002,0.7404502030249744,0.23167199413582001,0.0489054712356013,0.64797496396866,0.5696298092148231
26,0.1,0.6,0.04000000000000001,0.7572502030249744,0.20287199413581997,0.0241054712356013,0.6547469639686597,0.6157965671536217
26,0.1,0.9,0.009999999999999998,0.7698502030249744,0.18127199413581999,0.00550547123560129,0.6598259639686599,0.650535405207721
26,0.3,0.2,0.24,0.6584661620024941,0.3817470979698291,0.14713203362730887,0.6426322120126547,0.5321621926885644
26,0.3,0.6,0.12,0.7088661620024941,0.29534709796982905,0.07273203362730889,0.6629482120126546,0.6059372152298502
26,0.3,0.9,0.029999999999999992,0.7466661620024941,0.2305470979698291,0.016932033627308885,0.6781852120126547,0.6622924085358146
26,0.5,0.2,0.4,0.5843622007918129,0.4831047430804671,0.23691216925457387,0.5960073391856193,0.4641975190675858
26,0.5,0.6,0.2,0.668362200791813,0.33910474308046706,0.11291216925457387,0.6298673391856192,0.5619717487754654
26,0.5,0.9,0.04999999999999999,0.7313622007918129,0.23110474308046708,0.019912169254573862,0.6552623391856193,0.6381466610563751
26,0.7,0.2,0.5599999999999999,0.5296921667152896,0.6168161367681155,0.3421504603990954,0.5533788374887156,0.40380788931209194
26,0.7,0.6,0.27999999999999997,0.6472921667152897,0.4152161367681156,0.1685504603990954,0.6007828374887156,0.5228587547510809
26,0.7,0.9,0.06999999999999998,0.7354921667152896,0.26401613676811564,0.03835046039909542,0.6363358374887157,0.6177216142303226
26,0.9,0.2,0.7200000000000001,0.4597363081144703,0.7375109903104455,0.436014587103589,0.547343998713287,0.37155466156415123
26,0.9,0.6,0.36000000000000004,0.6109363081144703,0.4783109903104454,0.21281458710358894,0.608291998713287,0.513221720615922
26,0.9,0.9,0.08999999999999998,0.7243363081144704,0.2839109903104453,0.045414587103588894,0.6540029987132872,0.62868735250475
27,0.1,0.2,0.08000000000000002,0.7237481228414717,0.2566300755821566,0.08098150502675477,0.6690419902215862,0.5876294764453233
27,0.1,0.6,0.04000000000000001,0.7405481228414716,0.2278300755821566,0.05618150502675477,0.6758139902215862,0.6340658923201595
27,0.1,0.9,0.009999999999999998,0.7531481228414717,0.2062300755821566,0.03758150502675476,0.6808929902215862,0.6690069738262869
27,0.3,0.2,0.24,0.6813454456345771,0.3581473038037299,0.14999392631550343,0.662091669532129,0.547792028968206
27,0.3,0.6,0.12,0.7317454456345771,0.27174730380372986,0.07559392631550343,0.6824076695321288,0.6223142946782397
27,0.3,0.9,0.029999999999999992,0.7695454456345772,0.2069473038037299,0.01979392631550343,0.6976446695321289,0.679229920360765
27,0.5,0.2,0.4,0.5980548714107193,0.43312844253957317,0.25153682333686245,0.6207720816787689,0.4828206054224342
27,0.5,0.6,0.2,0.6820548714107194,0.28912844253957315,0.12753682333686248,0.6546320816787687,0.5821797786498754
27,0.5,0.9,0.04999999999999999,0.7450548714107194,0.18112844253957316,0.034536823336862456,0.6800270816787688,0.6595433985704562
27,0.7,0.2,0.5599999999999999,0.5143596450391489,0.635237815020975,0.37998808389432553,0.5655435307640575,0.4123329063594515
27,0.7,0.6,0.27999999999999997,0.6319596450391489,0.433637815020975,0.20638808389432556,0.6129475307640575,0.5324737283159111
27,0.7,0.9,0.06999999999999998,0.7201596450391489,0.28243781502097504,0.07618808389432555,0.6485005307640576,0.6281540551832558
27,0.9,0.2,0.7200000000000001,0.4708835293166583,0.7015788906543599,0.4081093689309341,0.5651407106853155,0.3831154056611809
27,0.9,0.6,0.36000000000000004,0.6220835293166582,0.44237889065435976,0.18490936893093407,0.6260887106853156,0.5268326459321294
27,0.9,0.9,0.08999999999999998,0.7354835293166583,0.24797889065435968,0.017509368930934015,0.6717997106853155,0.6438359137353407
28,0.1,0.2,0.08000000000000002,0.7240283743025414,0.2431501152694902,0.052202103786489186,0.6777996469994036,0.5951120183962906
28,0.1,0.6,0.04000000000000001,0.7408283743025413,0.21435011526949016,0.027402103786489183,0.6845716469994036,0.6416605322778829
28,0.1,0.9,0.009999999999999998,0.7534283743025414,0.19275011526949018,0.008802103786489174,0.6896506469994037,0.6766856872890772
28,0.3,0.2,0.24,0.6484025467013363,0.36096113415965014,0.1338359195927552,0.6218334486221471,0.5154566259333085
28,0.3,0.6,0.12,0.6988025467013363,0.2745611341596501,0.05943591959275521,0.6421494486221471,0.588432975960399
28,0.3,0.9,0.029999999999999992,0.7366025467013364,0.20976113415965014,0.0036359195927552074,0.6573864486221472,0.644189164880717
28,0.5,0.2,0.4,0.5896859154573174,0.468059127290863,0.2339799468229208,0.5905606824081533,0.4601016331709313
28,0.5,0.6,0.2,0.6736859154573175,0.324059127290863,0.10997994682292082,0.6244206824081534,0.5575272768450532
28,0.5,0.9,0.04999999999999999,0.7366859154573174,0.21605912729086305,0.016979946822920814,0.6498156824081534,0.6334407496006444
28,0.7,0.2,0.5599999999999999,0.525464163873421,0.5927661894035626,0.3901045343734042,0.5990961108193986,0.4358465544622346
28,0.7,0.6,0.27999999999999997,0.643064163873421,0.3911661894035626,0.21650453437340422,0.6465001108193987,0.5589936875916528
28,0.7,0.9,0.06999999999999998,0.731264163873421,0.23996618940356265,0.08630453437340424,0.6820531108193988,0.6569287478387165
28,0.9,0.2,0.7200000000000001,0.46408110063394586,0.7140316242077168,0.4526239879157632,0.5563306445046001,0.3773923866701882
28,0.9,0.6,0.36000000000000004,0.6152811006339458,0.4548316242077167,0.22942398791576316,0.6172786445046001,0.5200947073171183
28,0.9,0.9,0.08999999999999998,0.7286811006339459,0.2604316242077166,0.06202398791576311,0.6629896445046002,0.6363367854023156
29,0.1,0.2,0.08000000000000002,0.715320811529623,0.2510232413705877,0.09767109361145414,0.6702417505775935,0.5886545516934959
29,0.1,0.6,0.04000000000000001,0.7321208115296229,0.2222232413705876,0.07287109361145414,0.6770137505775934,0.635106324500889
29,0.1,0.9,0.009999999999999998,0.744720811529623,0.20062324137058762,0.05427109361145412,0.6820927505775934,0.670058923706434
29,0.3,0.2,0.24,0.6738415580909262,0.3807059154209784,0.1655913702851965,0.6348220526067964,0.5258890726537788
29,0.3,0.6,0.12,0.7242415580909262,0.2943059154209784,0.0911913702851965,0.6551380526067964,0.5993641850738799
29,0.3,0.9,0.029999999999999992,0.7620415580909262,0.22950591542097842,0.03539137028519651,0.6703750526067964,0.6554944457889555
29,0.5,0.2,0.4,0.5834158942034255,0.48999828084102154,0.2415337776609892,0.6156744405997974,0.4789871793310476
29,0.5,0.6,0.2,0.6674158942034256,0.3459982808410215,0.1175337776609892,0.6495344405997974,0.5780201035294348
29,0.5,0.9,0.04999999999999999,0.7304158942034256,0.23799828084102156,0.0245337776609892,0.6749294405997972,0.6551390366782248
29,0.7,0.2,0.5599999999999999,0.5172724590427181,0.6037687924119646,0.31562653825859227,0.5970610436814021,0.4344203794119266
29,0.7,0.6,0.27999999999999997,0.6348724590427182,0.4021687924119645,0.1420265382585923,0.6444650436814021,0.5573851705257803
29,0.7,0.9,0.06999999999999998,0.7230724590427181,0.25096879241196457,0.011826538258592305,0.6800180436814022,0.6551834742611706
29,0.9,0.2,0.7200000000000001,0.4670495819342806,0.7135816844307116,0.42909042092971356,0.5508103749568173,0.3738064195719485
29,0.9,0.6,0.36000000000000004,0.6182495819342806,0.4543816844307115,0.2058904209297135,0.6117583749568173,0.5158728051669739
29,0.9,0.9,0.08999999999999998,0.7316495819342806,0.2599816844307114,0.03849042092971345,0.6574693749568172,0.6316379319632428
30,0.1,0.2,0.08000000000000002,0.6923960815279219,0.2697184921701364,0.07129816738278119,0.6630144766326884,0.582479568834969
30,0.1,0.6,0.04000000000000001,0.7091960815279218,0.2409184921701363,0.04649816738278119,0.6697864766326883,0.6288388325358674
30,0.1,0.9,0.009999999999999998,0.7217960815279219,0.21931849217013633,0.027898167382781183,0.6748654766326884,0.6637220499115413
30,0.3,0.2,0.24,0.6407777930319851,0.3983515683084107,0.1468306623355979,0.5932160674085581,0.49247114534255393
30,0.3,0.6,0.12,0.6911777930319851,0.31195156830841064,0.07243066233559792,0.613532067408558,0.5643485879310425
30,0.3,0.9,0.029999999999999992,0.7289777930319852,0.24715156830841067,0.01663066233559791,0.6287690674085581,0.6192805962724091
30,0.5,0.2,0.4,0.5992964643807346,0.4897244319915623,0.284274794600494,0.58738250061527,0.45771164046268303
30,0.5,0.6,0.2,0.6832964643807347,0.3457244319915623,0.16027479460049396,0.6212425006152701,0.5549338805020605
30,0.5,0.9,0.04999999999999999,0.7462964643807346,0.23772443199156226,0.06727479460049396,0.64663750061527,0.6306948005315933
30,0.7,0.2,0.5599999999999999,0.5395559503786644,0.6143895848674934,0.3536253215083553,0.6097070059694601,0.4432826697833977
30,0.7,0.6,0.27999999999999997,0.6571559503786645,0.41278958486749334,0.18002532150835532,0.6571110059694601,0.5673805391182614
30,0.7,0.9,0.06999999999999998,0.7453559503786644,0.2615895848674934,0.04982532150835532,0.6926640059694601,0.6660286515194089
30,0.9,0.2,0.7200000000000001,0.4455348431281211,0.7182188528277638,0.452812921839568,0.5533503302487999,0.3754563745296204
30,0.9,0.6,0.36000000000000004,0.5967348431281211,0.45901885282776367,0.229612921839568,0.6142983302487999,0.5178153629742822
30,0.9,0.9,0.08999999999999998,0.7101348431281211,0.2646188528277636,0.06221292183956794,0.6600093302487998,0.6337999419077784
31,0.1,0.2,0.08000000000000002,0.734322913949544,0.24681258595663608,0.06012726530303142,0.6891243847261419,0.6047878743100157
31,0.1,0.6,0.04000000000000001,0.7511229139495439,0.21801258595663603,0.035327265303031416,0.6958963847261418,0.6514813448345101
31,0.1,0.9,0.009999999999999998,0.763722913949544,0.19641258595663605,0.016727265303031407,0.7009753847261418,0.6866152173278812
31,0.3,0.2,0.24,0.677196497165221,0.3581341789435167,0.13975625165439443,0.6336834595673289,0.5249745547244785
31,0.3,0.6,0.12,0.727596497165221,0.27173417894351665,0.06535625165439443,0.6539994595673289,0.598405945171864
31,0.3,0.9,0.029999999999999992,0.7653964971652211,0.2069341789435167,0.009556251654394438,0.6692364595673288,0.6545034144074031
31,0.5,0.2,0.4,0.5843910237996331,0.46700184916421844,0.24505565821883318,0.594902735193859,0.46336685686578194
31,0.5,0.6,0.2,0.6683910237996332,0.3230018491642184,0.12105565821883318,0.6287627351938591,0.5610703919181891
31,0.5,0.9,0.04999999999999999,0.7313910237996332,0.2150018491642184,0.028055658218833178,0.654157735193859,0.6371922832074941
31,0.7,0.2,0.5599999999999999,0.5441844777331775,0.6089243633896172,0.3454145486304273,0.5603363772107147,0.40868373314926887
31,0.7,0.6,0.27999999999999997,0.6617844777331774,0.4073243633896172,0.17181454863042736,0.6077403772107147,0.528357994147349
31,0.7,0.9,0.06999999999999998,0.7499844777331774,0.25612436338961725,0.04161454863042737,0.6432933772107149,0.6236884002959091
31,0.9,0.2,0.7200000000000001,0.4633639559486336,0.729316385930602,0.43578070997894824,0.5514616546492005,0.37422949086012064
31,0.9,0.6,0.36000000000000004,0.6145639559486337,0.4701163859306019,0.2125807099789482,0.6124096546492004,0.5163709038757085
31,0.9,0.9,0.08999999999999998,0.7279639559486337,0.2757163859306018,0.04518070997894815,0.6581206546492004,0.6321923012373993
32,0.1,0.2,0.08000000000000002,0.7531779345520002,0.25141474753475135,0.037608709305898824,0.6749519268936227,0.5926789263379113
32,0.1,0.6,0.04000000000000001,0.7699779345520001,0.2226147475347513,0.012808709305898816,0.6817239268936226,0.6391909894021496
32,0.1,0.9,0.009999999999999998,0.7825779345520002,0.20101474753475132,0.0,0.6868029268936227,0.6741888063003283
32,0.3,0.2,0.24,0.6420509188312113,0.348827637782152,0.13178107350428092,0.6555028346011558,0.5424998767516483
32,0.3,0.6,0.12,0.6924509188312113,0.26242763778215195,0.057381073504280934,0.6758188346011557,0.6167691312003326
32,0.3,0.9,0.029999999999999992,0.7302509188312114,0.197627637782152,0.0015810735042809353,0.6910558346011557,0.6734949984368459
32,0.5,0.2,0.4,0.6070648340989085,0.4959361500874256,0.24734752335597548,0.603371918166323,0.4697356824610749
32,0.5,0.6,0.2,0.6910648340989086,0.35193615008742557,0.12334752335597549,0.6372319181663231,0.5679812452237197
32,0.5,0.9,0.04999999999999999,0.7540648340989086,0.24393615008742556,0.030347523355975483,0.662626918166323,0.6445096572957032
32,0.7,0.2,0.5599999999999999,0.5134925585026259,0.589764024279284,0.34391602845913055,0.6030760867569877,0.4386357215992969
32,0.7,0.6,0.27999999999999997,0.6310925585026259,0.388164024279284,0.17031602845913058,0.6504800867569877,0.5621394605727231
32,0.7,0.9,0.06999999999999998,0.7192925585026259,0.23696402427928404,0.04011602845913057,0.6860330867569877,0.6603419752027926
32,0.9,0.2,0.7200000000000001,0.49172278470540487,0.7392416339075909,0.44910013278185706,0.5647354337464803,0.38285213776171356
32,0.9,0.6,0.36000000000000004,0.6429227847054049,0.48004163390759086,0.22590013278185705,0.6256834337464802,0.5265226901293081
32,0.9,0.9,0.08999999999999998,0.7563227847054049,0.2856416339075908,0.058500132781857,0.6713944337464802,0.6434909420050039
33,0.1,0.2,0.08000000000000002,0.713325856663255,0.2495396593180561,0.07291057567274913,0.6679858310137774,0.5867270940181715
33,0.1,0.6,0.04000000000000001,0.7301258566632549,0.22073965931805606,0.048110575672749116,0.6747578310137773,0.6331499910551477
33,0.1,0.9,0.009999999999999998,0.742725856663255,0.19913965931805608,0.02951057567274911,0.6798368310137775,0.6680809334328801
33,0.3,0.2,0.24,0.7060338436195935,0.35837406632492397,0.17697294980328515,0.6595383683505798,0.5457412174591857
33,0.3,0.6,0.12,0.7564338436195935,0.27197406632492394,0.10257294980328516,0.6798543683505796,0.6201654364038478
33,0.3,0.9,0.029999999999999992,0.7942338436195936,0.20717406632492394,0.046772949803285155,0.6950913683505797,0.6770075270123446
33,0.5,0.2,0.4,0.5928967629776557,0.48155774043230853,0.24451996674607213,0.6145901123193033,0.4781717644641161
33,0.5,0.6,0.2,0.6768967629776558,0.3375577404323085,0.12051996674607213,0.6484501123193033,0.5771352916525515
33,0.5,0.9,0.04999999999999999,0.7398967629776557,0.22955774043230856,0.02751996674607212,0.6738451123193032,0.654202177043878
33,0.7,0.2,0.5599999999999999,0.5357418783063517,0.601469117416386,0.384471547080834,0.5595085355035342,0.40810358168087674
33,0.7,0.6,0.27999999999999997,0.6533418783063517,0.399869117416386,0.210871547080834,0.6069125355035342,0.5277036680619934
33,0.7,0.9,0.06999999999999998,0.7415418783063517,0.24866911741638606,0.08067154708083402,0.6424655355035342,0.6229784432478309
33,0.9,0.2,0.7200000000000001,0.43795146404744795,0.7360371582130699,0.4585785889118304,0.5236212765632348,0.3561443812554773
33,0.9,0.6,0.36000000000000004,0.589151464047448,0.4768371582130699,0.2353785889118304,0.5845692765632348,0.49507858271556193
33,0.9,0.9,0.08999999999999998,0.702551464047448,0.2824371582130698,0.06797858891183033,0.6302802765632348,0.6084945714106254
34,0.1,0.2,0.08000000000000002,0.7131827725985177,0.27429159100074946,0.02233879660419567,0.6685158750809383,0.5871799636691538
34,0.1,0.6,0.04000000000000001,0.7299827725985176,0.24549159100074938,0.0,0.6752878750809383,0.6336096452701898
34,0.1,0.9,0.009999999999999998,0.7425827725985177,0.2238915910007494,0.0,0.6803668750809383,0.6685456760709667
34,0.3,0.2,0.24,0.6604440723672195,0.36762030289482367,0.13499750985965178,0.6579912279850021,0.5444985543175537
34,0.3,0.6,0.12,0.7108440723672195,0.28122030289482364,0.06059750985965179,0.678307227985002,0.6188633630721777
34,0.3,0.9,0.029999999999999992,0.7486440723672195,0.21642030289482367,0.004797509859651789,0.6935442279850021,0.6756608960381458
34,0.5,0.2,0.4,0.6189933325472347,0.47385092450241034,0.2600226026571277,0.6217306967692997,0.4835414839705134
34,0.5,0.6,0.2,0.7029933325472347,0.3298509245024103,0.13602260265712768,0.6555906967692997,0.5829620085637487
34,0.5,0.9,0.04999999999999999,0.7659933325472347,0.2218509245024103,0.04302260265712767,0.6809856967692998,0.6603716420086749
34,0.7,0.2,0.5599999999999999,0.5133333807245963,0.6301447027260106,0.3599193931001355,0.6198281007079414,0.4503755329761253
34,0.7,0.6,0.27999999999999997,0.6309333807245964,0.4285447027260107,0.18631939310013548,0.6672321007079414,0.5753802523995569
34,0.7,0.9,0.06999999999999998,0.7191333807245963,0.27734470272601075,0.0561193931001355,0.7027851007079413,0.6747085023671304
34,0.9,0.2,0.7200000000000001,0.4720712286795577,0.718378251024841,0.43783110354062477,0.5361916123309584,0.36431007137019056
34,0.9,0.6,0.36000000000000004,0.6232712286795578,0.45917825102484094,0.21463110354062473,0.5971396123309585,0.5046923755107171
34,0.9,0.9,0.08999999999999998,0.7366712286795578,0.26477825102484087,0.04723110354062468,0.6428506123309585,0.6191944412161119
35,0.1,0.2,0.08000000000000002,0.7065953870911644,0.2755882816181875,0.029844431713585255,0.6529044492712723,0.5738415614573751
35,0.1,0.6,0.04000000000000001,0.7233953870911644,0.24678828161818744,0.0050444317135852484,0.6596764492712722,0.6200714168080473
35,0.1,0.9,0.009999999999999998,0.7359953870911644,0.22518828161818746,0.0,0.6647554492712723,0.6548575779210515
35,0.3,0.2,0.24,0.6780936603679553,0.37860567831555286,0.1412015616811356,0.6258350712988536,0.5186707292672392
35,0.3,0.6,0.12,0.7284936603679553,0.29220567831555283,0.06680156168113559,0.6461510712988536,0.5918007416051153
35,0.3,0.9,0.029999999999999992,0.7662936603679553,0.22740567831555286,0.011001561681135589,0.6613880712988538,0.6476721772585223
35,0.5,0.2,0.4,0.5824321054035535,0.4704594402641338,0.2303507205349464,0.5966614933360416,0.4646894429887033
35,0.5,0.6,0.2,0.6664321054035536,0.32645944026413376,0.10635072053494642,0.6305214933360416,0.56250553856221
35,0.5,0.9,0.04999999999999999,0.7294321054035535,0.21845944026413375,0.013350720534946407,0.6559164933360415,0.6387118502423399
35,0.7,0.2,0.5599999999999999,0.5065152578178843,0.62110991804916,0.32256866037366494,0.5685414138850687,0.41443382285065616
35,0.7,0.6,0.27999999999999997,0.6241152578178844,0.4195099180491601,0.14896866037366496,0.6159454138850687,0.5348432551347584
35,0.7,0.9,0.06999999999999998,0.7123152578178843,0.26830991804916016,0.018768660373664967,0.6514984138850687,0.630725039747835
35,0.9,0.2,0.7200000000000001,0.46494548646949374,0.69409094104692,0.4521684905163843,0.5634211829081365,0.38199840041712546
35,0.9,0.6,0.36000000000000004,0.6161454864694937,0.43489094104692,0.22896849051638424,0.6243691829081366,0.5255175510881429
35,0.9,0.9,0.08999999999999998,0.7295454864694938,0.24049094104691993,0.0615684905163842,0.6700801829081365,0.6423722516914059
36,0.1,0.2,0.08000000000000002,0.7454954490905493,0.24074842171981056,0.058076254072829354,0.6753453009797887,0.5930150251571316
36,0.1,0.6,0.04000000000000001,0.7622954490905492,0.21194842171981051,0.03327625407282935,0.6821173009797887,0.6395321234096728
36,0.1,0.9,0.009999999999999998,0.7748954490905493,0.19034842171981053,0.014676254072829343,0.6871963009797887,0.6745337166990788
36,0.3,0.2,0.24,0.6597409893559992,0.37325286743273484,0.1549806770961142,0.6048221428368469,0.5017931451265554
36,0.3,0.6,0.12,0.7101409893559992,0.2868528674327348,0.0805806770961142,0.6251381428368469,0.5741162610114904
36,0.3,0.9,0.029999999999999992,0.7479409893559993,0.22205286743273486,0.024780677096114208,0.6403751428368469,0.6293825243251916
36,0.5,0.2,0.4,0.5556899869236709,0.4902026209443471,0.23088324435087165,0.6017860935994049,0.46854314238675254
36,0.5,0.6,0.2,0.639689986923671,0.34620262094434706,0.10688324435087165,0.6356460935994049,0.5666872123771145
36,0.5,0.9,0.04999999999999999,0.7026899869236709,0.2382026209443471,0.013883244350871644,0.661041093599405,0.643139504869886
36,0.7,0.2,0.5599999999999999,0.4878612707154444,0.6369178195630951,0.3284761734663653,0.6032701706503347,0.4387717355917546
36,0.7,0.6,0.27999999999999997,0.6054612707154444,0.4353178195630951,0.15487617346636537,0.6506741706503347,0.5622928644820246
36,0.7,0.9,0.06999999999999998,0.6936612707154444,0.2841178195630952,0.02467617346636537,0.6862271706503347,0.660508421549727
36,0.9,0.2,0.7200000000000001,0.44251154808682963,0.7261157665090512,0.46243049144727305,0.5627202429645907,0.3815430698297981
36,0.9,0.6,0.36000000000000004,0.5937115480868296,0.46691576650905103,0.23923049144727304,0.6236682429645907,0.524981472219319
36,0.9,0.9,0.08999999999999998,0.7071115480868296,0.27251576650905096,0.07183049144727299,0.6693792429645907,0.6417756116114597
37,0.1,0.2,0.08000000000000002,0.7330349048061023,0.26331895537959443,0.07165322390502105,0.6609927433683396,0.5807521999339094
37,0.1,0.6,0.04000000000000001,0.7498349048061023,0.23451895537959438,0.04685322390502104,0.6677647433683395,0.627085585449024
37,0.1,0.9,0.009999999999999998,0.7624349048061023,0.2129189553795944,0.02825322390502103,0.6728437433683396,0.6619493941853603
37,0.3,0.2,0.24,0.6720340492303954,0.3644143238424071,0.16931951735487194,0.6190372903658814,0.5132107516218759
37,0.3,0.6,0.12,0.7224340492303954,0.27801432384240704,0.09491951735487195,0.6393532903658813,0.5860797291719257
37,0.3,0.9,0.029999999999999992,0.7602340492303955,0.21321432384240707,0.039119517354871944,0.6545902903658813,0.6417553887344631
37,0.5,0.2,0.4,0.6108925350981164,0.49743518258401664,0.22438370818526454,0.6088392370835094,0.4738471062867991
37,0.5,0.6,0.2,0.6948925350981164,0.3534351825840166,0.10038370818526454,0.6426992370835094,0.5724425774601437
37,0.5,0.9,0.04999999999999999,0.7578925350981164,0.24543518258401664,0.007383708185264532,0.6680942370835093,0.649233420840152
37,0.7,0.2,0.5599999999999999,0.534472030080139,0.597645864862397,0.37087291132102684,0.5739479364861114,0.4182227138894669
37,0.7,0.6,0.27999999999999997,0.652072030080139,0.39604586486239696,0.19727291132102684,0.6213519364861114,0.5391165705986225
37,0.7,0.9,0.06999999999999998,0.740272030080139,0.244845864862397,0.06707291132102686,0.6569049364861114,0.6353616735304892
37,0.9,0.2,0.7200000000000001,0.4419279832546621,0.7153449619739116,0.4354481630433697,0.5452775146724514,0.37021227353122443
37,0.9,0.6,0.36000000000000004,0.5931279832546621,0.45614496197391147,0.2122481630433697,0.6062255146724516,0.511641273621491
37,0.9,0.9,0.08999999999999998,0.7065279832546622,0.2617449619739114,0.04484816304336964,0.6519365146724516,0.6269283612891907
38,0.1,0.2,0.08000000000000002,0.7315369318949339,0.27853720662471615,0.04911254702188005,0.6584511995008968,0.5785807048535663
38,0.1,0.6,0.04000000000000001,0.7483369318949338,0.24973720662471607,0.02431254702188005,0.6652231995008967,0.6248815586071776
38,0.1,0.9,0.009999999999999998,0.7609369318949338,0.2281372066247161,0.005712547021880042,0.6703021995008968,0.6597209685223864
38,0.3,0.2,0.24,0.6624991284325119,0.40364831206341556,0.15820593134490368,0.6489095735348697,0.5372041694632074
38,0.3,0.6,0.12,0.7128991284325119,0.3172483120634155,0.08380593134490368,0.6692255735348696,0.6112202426869463
38,0.3,0.9,0.029999999999999992,0.750699128432512,0.25244831206341556,0.028005931344903676,0.6844625735348696,0.6677562240047505
38,0.5,0.2,0.4,0.5796401598283536,0.48052578495398574,0.22004436149711243,0.5842899501053899,0.4553860424792532
38,0.5,0.6,0.2,0.6636401598283537,0.3365257849539857,0.09604436149711243,0.6181499501053899,0.5524103592859982
38,0.5,0.9,0.04999999999999999,0.7266401598283536,0.22852578495398573,0.0030443614971124196,0.6435449501053899,0.628022836891057
38,0.7,0.2,0.5599999999999999,0.5204120075841645,0.5927421285236364,0.3454439718292454,0.5729624201520813,0.4175320640425786
38,0.7,0.6,0.27999999999999997,0.6380120075841645,0.39114212852363633,0.17184397182924543,0.6203664201520813,0.538337618488205
38,0.7,0.9,0.06999999999999998,0.7262120075841645,0.23994212852363642,0.04164397182924544,0.6559194201520814,0.6345164947224251
38,0.9,0.2,0.7200000000000001,0.45288415270590116,0.7015945953233803,0.411111566792833,0.5593309938671228,0.379341413616083
38,0.9,0.6,0.36000000000000004,0.6040841527059012,0.44239459532338016,0.187911566792833,0.6202789938671227,0.5223893745095755
38,0.9,0.9,0.08999999999999998,0.7174841527059013,0.2479945953233801,0.020511566792832933,0.6659899938671228,0.638890682779695
39,0.1,0.2,0.08000000000000002,0.6702065244423762,0.273759342697969,0.06976820653545192,0.6718024635075206,0.5899880248208257
39,0.1,0.6,0.04000000000000001,0.6870065244423761,0.24495934269796893,0.044968206535451916,0.6785744635075206,0.6364597747537218
39,0.1,0.9,0.009999999999999998,0.6996065244423761,0.22335934269796898,0.02636820653545191,0.6836534635075207,0.6714273568033942
39,0.3,0.2,0.24,0.6214450192966221,0.36691885796639584,0.14412627802667796,0.6445182455012385,0.5336770547865948
39,0.3,0.6,0.12,0.6718450192966221,0.2805188579663958,0.06972627802667795,0.6648342455012385,0.6075245010138424
39,0.3,0.9,0.029999999999999992,0.7096450192966222,0.21571885796639587,0.013926278026677959,0.6800712455012387,0.6639340120842783
39,0.5,0.2,0.4,0.6176439643977296,0.4811666147819877,0.23717995703937353,0.6102172367149322,0.47488336200962905
39,0.5,0.6,0.2,0.7016439643977297,0.3371666147819877,0.11317995703937353,0.6440772367149322,0.5735670251593847
39,0.5,0.9,0.04999999999999999,0.7646439643977296,0.2291666147819877,0.02017995703937352,0.6694722367149322,0.6504240125217013
39,0.7,0.2,0.5599999999999999,0.5100628429660085,0.5775488222079005,0.3619707506610955,0.5878172664412836,0.4279423403220516
39,0.7,0.6,0.27999999999999997,0.6276628429660085,0.3759488222079005,0.18837075066109552,0.6352212664412836,0.5500788889951906
39,0.7,0.9,0.06999999999999998,0.7158628429660084,0.22474882220790054,0.05817075066109553,0.6707742664412837,0.6472560109000449
39,0.9,0.2,0.7200000000000001,0.4493770460504546,0.7354765784713437,0.44061651772375937,0.5428444870054087,0.36863177875871345
39,0.9,0.6,0.36000000000000004,0.6005770460504546,0.4762765784713437,0.2174165177237593,0.6037924870054087,0.5097804940617365
39,0.9,0.9,0.08999999999999998,0.7139770460504546,0.2818765784713436,0.050016517723759264,0.6495034870054087,0.6248573681390039
40,0.1,0.2,0.08000000000000002,0.7136638570940806,0.2585176645806564,0.07383632019488647,0.6721582227257519,0.5902919854968824
40,0.1,0.6,0.04000000000000001,0.7304638570940806,0.22971766458065634,0.049036320194886455,0.6789302227257518,0.636768289147772
40,0.1,0.9,0.009999999999999998,0.7430638570940806,0.20811766458065636,0.03043632019488645,0.6840092227257518,0.6717392864859393
40,0.3,0.2,0.24,0.654272325995389,0.39616146105246874,0.1361367294090724,0.6499090564139691,0.5380069541117001
40,0.3,0.6,0.12,0.704672325995389,0.3097614610524687,0.06173672940907239,0.670225056413969,0.6120614074779964
40,0.3,0.9,0.029999999999999992,0.742472325995389,0.24496146105246874,0.005936729409072392,0.6854620564139692,0.6686261739027188
40,0.5,0.2,0.4,0.6026580547911392,0.5129068527135938,0.26240979578029744,0.5866453513548275,0.45715730421883033
40,0.5,0.6,0.2,0.6866580547911393,0.36890685271359375,0.1384097957802974,0.6205053513548277,0.5543323667055394
40,0.5,0.9,0.04999999999999999,0.7496580547911392,0.26090685271359376,0.04540979578029742,0.6459003513548277,0.6300579035705711
40,0.7,0.2,0.5599999999999999,0.5473243095945515,0.601850016568072,0.38110178847749376,0.5377173955089369,0.392832350772663
40,0.7,0.6,0.27999999999999997,0.6649243095945515,0.400250016568072,0.2075017884774938,0.5851213955089369,0.5104799510102638
40,0.7,0.9,0.06999999999999998,0.7531243095945515,0.24905001656807207,0.07730178847749378,0.620674395508937,0.6042903615884645
40,0.9,0.2,0.7200000000000001,0.4672430660503923,0.7198078800114835,0.45130893776637737,0.5585921351257791,0.37886145097770607
40,0.9,0.6,0.36000000000000004,0.6184430660503922,0.46060788001148345,0.2281089377663773,0.6195401351257791,0.5218242953441959
40,0.9,0.9,0.08999999999999998,0.7318430660503923,0.2662078800114834,0.060708937766377265,0.665251135125779,0.638261766219063
41,0.1,0.2,0.08000000000000002,0.7246467222031805,0.22827565582784135,0.07376637155841814,0.6626643774595858,0.5821804441014702
41,0.1,0.6,0.04000000000000001,0.7414467222031804,0.1994756558278413,0.04896637155841814,0.6694363774595856,0.6285352265329527
41,0.1,0.9,0.009999999999999998,0.7540467222031805,0.17787565582784132,0.030366371558418134,0.6745153774595858,0.6634150829565648
41,0.3,0.2,0.24,0.6172098294524051,0.3837621677137327,0.12717149209077078,0.6148795334645705,0.5098712412787431
41,0.3,0.6,0.12,0.6676098294524051,0.2973621677137327,0.05277149209077079,0.6351955334645705,0.5825805609637825
41,0.3,0.9,0.029999999999999992,0.7054098294524052,0.2325621677137327,0.0,0.6504325334645705,0.6381364771275622
41,0.5,0.2,0.4,0.5702146823503315,0.4869136153154276,0.26494029984951517,0.6039478713483635,0.47016879925396937
41,0.5,0.6,0.2,0.6542146823503315,0.3429136153154276,0.14094029984951517,0.6378078713483635,0.5684512230202646
41,0.5,0.9,0.04999999999999999,0.7172146823503315,0.2349136153154276,0.04794029984951516,0.6632028713483634,0.645007280844986
41,0.7,0.2,0.5599999999999999,0.5034248760136666,0.6155895861724227,0.3667194171031391,0.6082885629595491,0.44228862492205206
41,0.7,0.6,0.27999999999999997,0.6210248760136666,0.41398958617242265,0.19311941710313912,0.6556925629595491,0.5662594017632276
41,0.7,0.9,0.06999999999999998,0.7092248760136666,0.2627895861724227,0.06291941710313914,0.6912455629595491,0.6648121947941092
41,0.9,0.2,0.7200000000000001,0.42373048049940176,0.7225725969891894,0.4550115799151886,0.525649054539564,0.3574616258289008
41,0.9,0.6,0.36000000000000004,0.5749304804994018,0.4633725969891893,0.23181157991518855,0.586597054539564,0.49662942731185855
41,0.9,0.9,0.08999999999999998,0.6883304804994018,0.26897259698918924,0.0644115799151885,0.632308054539564,0.6102206160240768
42,0.1,0.2,0.08000000000000002,0.7380774542585093,0.2493866444358554,0.034021571216855444,0.6981962150252259,0.612538846117553
42,0.1,0.6,0.04000000000000001,0.7548774542585093,0.22058664443585535,0.009221571216855436,0.7049682150252259,0.6593484360698759
42,0.1,0.9,0.009999999999999998,0.7674774542585093,0.19898664443585537,0.0,0.7100472150252259,0.6945693981341181
42,0.3,0.2,0.24,0.6414126632707393,0.3405604737913992,0.15627893584438332,0.6846955405907759,0.5659474582025112
42,0.3,0.6,0.12,0.6918126632707393,0.25416047379139917,0.08187893584438334,0.7050115405907758,0.641337712561197
42,0.3,0.9,0.029999999999999992,0.7296126632707394,0.1893604737913992,0.02607893584438334,0.7202485405907759,0.6989043297302113
42,0.5,0.2,0.4,0.5990258602318476,0.4325297340282517,0.25070581734496045,0.629787181054495,0.4895999601529803
42,0.5,0.6,0.2,0.6830258602318476,0.28852973402825166,0.12670581734496045,0.6636471810544949,0.589536099740468
42,0.5,0.9,0.04999999999999999,0.7460258602318476,0.18052973402825168,0.03370581734496045,0.689042181054495,0.6673324444310837
42,0.7,0.2,0.5599999999999999,0.5249105719175354,0.6140132422625622,0.391547230776137,0.5971935273096644,0.4345132239386128
42,0.7,0.6,0.27999999999999997,0.6425105719175355,0.4124132422625622,0.217947230776137,0.6445975273096644,0.5574898855855588
42,0.7,0.9,0.06999999999999998,0.7307105719175354,0.26121324226256226,0.08774723077613703,0.6801505273096644,0.6552970922207682
42,0.9,0.2,0.7200000000000001,0.4743312772890713,0.7278130946180327,0.446027075282572,0.5506694191937495,0.37371485470825966
42,0.9,0.6,0.36000000000000004,0.6255312772890713,0.4686130946180326,0.22282707528257198,0.6116174191937495,0.5157650021993796
42,0.9,0.9,0.08999999999999998,0.7389312772890714,0.2742130946180325,0.055427075282571917,0.6573284191937495,0.6315179504177195
43,0.1,0.2,0.08000000000000002,0.7404154742977467,0.2497398359476763,0.08833591474774719,0.6495615398299331,0.570985379630695
43,0.1,0.6,0.04000000000000001,0.7572154742977466,0.22093983594767624,0.06353591474774718,0.656333539829933,0.617172445740518
43,0.1,0.9,0.009999999999999998,0.7698154742977467,0.19933983594767626,0.04493591474774717,0.6614125398299331,0.6519265149228854
43,0.3,0.2,0.24,0.6319018888743364,0.36570800727853475,0.1558419723764748,0.6463039089930038,0.5351112997031807
43,0.3,0.6,0.12,0.6823018888743364,0.2793080072785347,0.0814419723764748,0.6666199089930037,0.609027315408512
43,0.3,0.9,0.029999999999999992,0.7201018888743365,0.21450800727853475,0.025641972376474805,0.6818569089930039,0.6654882535875106
43,0.5,0.2,0.4,0.5912613615314964,0.5066982795165758,0.2692150582522981,0.6115900187512424,0.4759156941009343
43,0.5,0.6,0.2,0.6752613615314965,0.3626982795165758,0.14521505825229808,0.6454500187512424,0.5746872153010139
43,0.5,0.9,0.04999999999999999,0.7382613615314965,0.2546982795165758,0.05221505825229806,0.6708450187512425,0.6516100962010736
43,0.7,0.2,0.5599999999999999,0.5492804436716366,0.6032305718775237,0.3430477807551032,0.5648875663425599,0.41187320649286596
43,0.7,0.6,0.27999999999999997,0.6668804436716367,0.40163057187752377,0.16944778075510328,0.6122915663425599,0.5319552540371594
43,0.7,0.9,0.06999999999999998,0.7550804436716366,0.2504305718775238,0.03924778075510328,0.6478445663425598,0.6275915000953793
43,0.9,0.2,0.7200000000000001,0.4606351190278843,0.7303438071618154,0.45125971086743394,0.5581881218392858,0.3785990039468
43,0.9,0.6,0.36000000000000004,0.6118351190278843,0.4711438071618152,0.22805971086743387,0.6191361218392858,0.5215153059826858
43,0.9,0.9,0.08999999999999998,0.7252351190278844,0.2767438071618151,0.06065971086743383,0.6648471218392857,0.6379178701096
44,0.1,0.2,0.08000000000000002,0.7191587147974681,0.25350090440537265,0.050522170279897784,0.6572456460556033,0.5775506799899075
44,0.1,0.6,0.04000000000000001,0.735958714797468,0.2247009044053726,0.02572217027989778,0.6640176460556032,0.6238361026594191
44,0.1,0.9,0.009999999999999998,0.748558714797468,0.20310090440537262,0.007122170279897772,0.6690966460556033,0.658663939261553
44,0.3,0.2,0.24,0.6902587170335298,0.37485009913357714,0.14289440441462614,0.630137111508343,0.5221261279635011
44,0.3,0.6,0.12,0.7406587170335298,0.2884500991335771,0.06849440441462615,0.6504531115083428,0.5954213386454213
44,0.3,0.9,0.029999999999999992,0.7784587170335299,0.22365009913357714,0.012694404414626142,0.6656901115083429,0.6514166730568618
44,0.5,0.2,0.4,0.5907524853462651,0.4997093583907604,0.23910502342675677,0.608257174960741,0.4734093955704773
44,0.5,0.6,0.2,0.6747524853462652,0.3557093583907604,0.11510502342675677,0.6421171749607412,0.5719676147679649
44,0.5,0.9,0.04999999999999999,0.7377524853462651,0.24770935839076044,0.02210502342675677,0.6675121749607412,0.6487305191660804
44,0.7,0.2,0.5599999999999999,0.5324001010729543,0.6218707383391184,0.354385794118918,0.5827697757364373,0.42440505883609525
44,0.7,0.6,0.27999999999999997,0.6500001010729544,0.42027073833911843,0.18078579411891807,0.6301737757364374,0.5460893523420801
44,0.7,0.9,0.06999999999999998,0.7382001010729543,0.2690707383391185,0.05058579411891807,0.6657267757364373,0.6429272828715686
44,0.9,0.2,0.7200000000000001,0.4376730405985031,0.7172057411823515,0.42159168940855357,0.6018254316508328,0.406945800400381
44,0.9,0.6,0.36000000000000004,0.5888730405985031,0.4580057411823514,0.19839168940855356,0.6627734316508328,0.554889120526557
44,0.9,0.9,0.08999999999999998,0.7022730405985032,0.2636057411823513,0.03099168940855351,0.7084844316508329,0.6750619482211888
45,0.1,0.2,0.08000000000000002,0.7196298453134483,0.27951682306389536,0.06841905482438025,0.6392186085824976,0.562148379172886
45,0.1,0.6,0.04000000000000001,0.7364298453134482,0.2507168230638953,0.04361905482438025,0.6459906085824976,0.6082030557627419
45,0.1,0.9,0.009999999999999998,0.7490298453134483,0.22911682306389536,0.025019054824380244,0.6510696085824976,0.642857832805134
45,0.3,0.2,0.24,0.6473652679763471,0.36156410205091477,0.17651314900976203,0.6305784781532184,0.5224806336526651
45,0.3,0.6,0.12,0.6977652679763471,0.27516410205091474,0.10211314900976204,0.6508944781532184,0.5957927928137486
45,0.3,0.9,0.029999999999999992,0.7355652679763471,0.2103641020509148,0.04631314900976205,0.6661314781532185,0.6518008385845615
45,0.5,0.2,0.4,0.5706458858789725,0.46156879570776227,0.24667422174681858,0.5805636936858134,0.4525838976517317
45,0.5,0.6,0.2,0.6546458858789725,0.31756879570776225,0.12267422174681857,0.6144236936858135,0.5493697340476239
45,0.5,0.9,0.04999999999999999,0.7176458858789725,0.2095687957077623,0.029674221746818562,0.6398186936858135,0.6248033513445428
45,0.7,0.2,0.5599999999999999,0.5216569824791987,0.633753777743857,0.3447872740481415,0.5817070962729674,0.42366033306809553
45,0.7,0.6,0.27999999999999997,0.6392569824791987,0.43215377774385694,0.17118727404814155,0.6291110962729674,0.5452494104941534
45,0.7,0.9,0.06999999999999998,0.7274569824791987,0.280953777743857,0.04098727404814155,0.6646640962729674,0.6420159289636969
45,0.9,0.2,0.7200000000000001,0.47596452559817204,0.7208858725378091,0.4311975233243047,0.5658854902966153,0.3835992144966813
45,0.9,0.6,0.36000000000000004,0.627164525598172,0.461685872537809,0.20799752332430468,0.6268334902966154,0.5274022533788515
45,0.9,0.9,0.08999999999999998,0.7405645255981721,0.26728587253780894,0.04059752332430462,0.6725444902966154,0.644469870140479
46,0.1,0.2,0.08000000000000002,0.7025098831376387,0.2205699085008308,0.07358714335467528,0.6704415228198747,0.588825237097301
46,0.1,0.6,0.04000000000000001,0.7193098831376387,0.19176990850083075,0.048787143354675266,0.6772135228198746,0.6352795669893953
46,0.1,0.9,0.009999999999999998,0.7319098831376387,0.17016990850083077,0.03018714335467526,0.6822925228198747,0.6702340840084662
46,0.3,0.2,0.24,0.6277719630540334,0.38354703182264616,0.1427894914635644,0.6336017858963814,0.5249089544319736
46,0.3,0.6,0.12,0.6781719630540334,0.2971470318226461,0.0683894914635644,0.6539177858963813,0.5983372086103945
46,0.3,0.9,0.029999999999999992,0.7159719630540334,0.23234703182264618,0.01258949146356441,0.6691547858963814,0.6544323256442104
46,0.5,0.2,0.4,0.5462514499565845,0.46972033204084584,0.23023202488412453,0.6200669404745003,0.48229033923682424
46,0.5,0.6,0.2,0.6302514499565846,0.32572033204084583,0.10623202488412452,0.6539269404745003,0.5816043834271923
46,0.5,0.9,0.04999999999999999,0.6932514499565845,0.21772033204084584,0.013232024884124512,0.6793219404745002,0.6589341565699682
46,0.7,0.2,0.5599999999999999,0.5251858092952855,0.5845705602391942,0.356082755010271,0.5455936483962365,0.3983520287960825
46,0.7,0.6,0.27999999999999997,0.6427858092952855,0.3829705602391942,0.18248275501027098,0.5929976483962365,0.5167053412923853
46,0.7,0.9,0.06999999999999998,0.7309858092952854,0.23177056023919423,0.052282755010270986,0.6285506483962366,0.6110450360646125
46,0.9,0.2,0.7200000000000001,0.47220982800344163,0.7028075861733308,0.4687612699850048,0.54714373914799,0.37142457295053427
46,0.9,0.6,0.36000000000000004,0.6234098280034417,0.44360758617333074,0.24556126998500474,0.60809173914799,0.5130685621003828
46,0.9,0.9,0.08999999999999998,0.7368098280034417,0.2492075861733307,0.07816126998500471,0.65380273914799,0.628516891562769
47,0.1,0.2,0.08000000000000002,0.7528487847220685,0.2010326657351838,0.056669646258935384,0.6648667383169276,0.5840621412179829
47,0.1,0.6,0.04000000000000001,0.7696487847220684,0.17223266573518375,0.031869646258935375,0.6716387383169274,0.6304451138684395
47,0.1,0.9,0.009999999999999998,0.7822487847220685,0.15063266573518377,0.013269646258935371,0.6767177383169275,0.6653461129562821
47,0.3,0.2,0.24,0.6697246650053109,0.351354934893253,0.10710236770765294,0.6530463463004429,0.5405268253485158
47,0.3,0.6,0.12,0.7201246650053109,0.26495493489325295,0.032702367707652946,0.6733623463004429,0.6147017506464528
47,0.3,0.9,0.029999999999999992,0.757924665005311,0.200154934893253,0.0,0.688599346300443,0.6713568710199056
47,0.5,0.2,0.4,0.5895452972629903,0.477565096628107,0.28816622362398203,0.6260404847617712,0.48678244454085196
47,0.5,0.6,0.2,0.6735452972629904,0.33356509662810696,0.16416622362398203,0.6599004847617713,0.5864787955656054
47,0.5,0.9,0.04999999999999999,0.7365452972629903,0.225565096628107,0.07116622362398203,0.6852954847617713,0.6640952988341704
47,0.7,0.2,0.5599999999999999,0.5664151648559941,0.586116150529138,0.3514619648992773,0.5807595325393589,0.42299628040358267
47,0.7,0.6,0.27999999999999997,0.6840151648559941,0.38451615052913807,0.1778619648992773,0.6281635325393589,0.5445004561191092
47,0.7,0.9,0.06999999999999998,0.7722151648559941,0.23331615052913812,0.04766196489927732,0.6637165325393588,0.6412032983057541
47,0.9,0.2,0.7200000000000001,0.4226205641219386,0.705363848180406,0.4256137145804022,0.5389018039647598,0.366070611855508
47,0.9,0.6,0.36000000000000004,0.5738205641219386,0.4461638481804059,0.20241371458040217,0.5998498039647598,0.5067651300722483
47,0.9,0.9,0.08999999999999998,0.6872205641219387,0.2517638481804058,0.0350137145804021,0.6455608039647599,0.6215013563348035
48,0.1,0.2,0.08000000000000002,0.7657902072230415,0.27521906042161004,0.04861107454220306,0.6344572904506939,0.5580803089610729
48,0.1,0.6,0.04000000000000001,0.7825902072230414,0.24641906042161002,0.02381107454220305,0.6412292904506937,0.6040740406788415
48,0.1,0.9,0.009999999999999998,0.7951902072230415,0.22481906042161004,0.005211074542203045,0.6463082904506938,0.6386831090671683
48,0.3,0.2,0.24,0.6699166899910346,0.3991908509503021,0.1631331430701846,0.6180962112408073,0.5124548768686163
48,0.3,0.6,0.12,0.7203166899910346,0.31279085095030207,0.08873314307018461,0.6384122112408072,0.5852877169802634
48,0.3,0.9,0.029999999999999992,0.7581166899910347,0.2479908509503021,0.032933143070184606,0.6536492112408072,0.6409362734639987
48,0.5,0.2,0.4,0.6320887873136251,0.5005978978577429,0.27336315248608006,0.6339293342733622,0.49271485937356835
48,0.5,0.6,0.2,0.7160887873136251,0.35659789785774293,0.1493631524860801,0.6677893342733621,0.5929160967670636
48,0.5,0.9,0.04999999999999999,0.7790887873136251,0.24859789785774294,0.05636315248608008,0.6931843342733621,0.6709112648121849
48,0.7,0.2,0.5599999999999999,0.5437634509403125,0.6029011422803918,0.3476972281876572,0.5924358594120616,0.43117905027597275
48,0.7,0.6,0.27999999999999997,0.6613634509403126,0.40130114228039176,0.17409722818765722,0.6398398594120616,0.5537294248792934
48,0.7,0.9,0.06999999999999998,0.7495634509403125,0.2501011422803918,0.04389722818765721,0.6753928594120615,0.651216916231784
48,0.9,0.2,0.7200000000000001,0.5031833796196379,0.7212729319757154,0.46379968146051576,0.5371064514396461,0.36490435085519407
48,0.9,0.6,0.36000000000000004,0.6543833796196379,0.46207293197571536,0.24059968146051575,0.598054451439646,0.5053920444610412
48,0.9,0.9,0.08999999999999998,0.7677833796196379,0.2676729319757153,0.0731996814605157,0.643765451439646,0.6199731522654266
49,0.1,0.2,0.08000000000000002,0.718520328440527,0.2731325109993545,0.015483878226462786,0.6745827215612786,0.5923634773019565
49,0.1,0.6,0.04000000000000001,0.735320328440527,0.24433251099935444,0.0,0.6813547215612786,0.6388708145379408
49,0.1,0.9,0.009999999999999998,0.747920328440527,0.22273251099935445,0.0,0.6864337215612786,0.673865087064929
49,0.3,0.2,0.24,0.6730410339048758,0.3619668036167013,0.13685368429688582,0.6196495209312904,0.5137024952120125
49,0.3,0.6,0.12,0.7234410339048758,0.2755668036167013,0.06245368429688583,0.6399655209312903,0.586594982415774
49,0.3,0.9,0.029999999999999992,0.7612410339048759,0.21076680361670128,0.006653684296885834,0.6552025209312904,0.6422882742185951
49,0.5,0.2,0.4,0.6039944685172185,0.5179744698427043,0.23551808512024164,0.6089924157279525,0.4739622966274203
49,0.5,0.6,0.2,0.6879944685172186,0.3739744698427044,0.11151808512024164,0.6428524157279526,0.5725675712340094
49,0.5,0.9,0.04999999999999999,0.7509944685172185,0.2659744698427044,0.01851808512024164,0.6682474157279524,0.649365767188951
49,0.7,0.2,0.5599999999999999,0.5505549013693375,0.5804767882469352,0.3407500508402087,0.5789306242390965,0.42171458146675883
49,0.7,0.6,0.27999999999999997,0.6681549013693375,0.37887678824693516,0.16715005084020873,0.6263346242390965,0.5430548869985818
49,0.7,0.9,0.06999999999999998,0.7563549013693375,0.2276767882469352,0.036950050840208755,0.6618876242390965,0.6396348265474492
49,0.9,0.2,0.7200000000000001,0.46920113928315255,0.7407178945565279,0.4713499562697119,0.5488022135662933,0.37250191793266413
49,0.9,0.6,0.36000000000000004,0.6204011392831525,0.4815178945565279,0.24814995626971184,0.6097502135662933,0.5143369633355012
49,0.9,0.9,0.08999999999999998,0.7338011392831526,0.2871178945565278,0.08074995626971179,0.6554612135662934,0.6299285849876288
50,0.1,0.2,0.08000000000000002,0.7845922421335693,0.26723102679527155,0.03177070517489511,0.6473803710232753,0.5691217890022865
50,0.1,0.6,0.04000000000000001,0.8013922421335692,0.2384310267952715,0.006970705174895106,0.6541523710232752,0.6152809361513842
50,0.1,0.9,0.009999999999999998,0.8139922421335692,0.21683102679527153,0.0,0.6592313710232752,0.6500140661132077
50,0.3,0.2,0.24,0.6280754547485942,0.34305483074062965,0.13454340012693586,0.6342761230115943,0.5254505820029126
50,0.3,0.6,0.12,0.6784754547485942,0.2566548307406296,0.060143400126935864,0.6545921230115942,0.5989047307265577
50,0.3,0.9,0.029999999999999992,0.7162754547485942,0.19185483074062964,0.004343400126935867,0.6698291230115943,0.6550192686692917
50,0.5,0.2,0.4,0.6236341510029311,0.478435379986971,0.2447658018009373,0.5934132436643349,0.46224675923557984
50,0.5,0.6,0.2,0.7076341510029311,0.334435379986971,0.1207658018009373,0.6272732436643349,0.5598549668300974
50,0.5,0.9,0.04999999999999999,0.7706341510029311,0.226435379986971,0.027765801800937295,0.652668243664335,0.6359053625259854
50,0.7,0.2,0.5599999999999999,0.5351038652044804,0.6289840335742202,0.36315469472246464,0.56158170192997,0.409556456712523
50,0.7,0.6,0.27999999999999997,0.6527038652044804,0.4273840335742202,0.18955469472246467,0.60898570192997,0.5293422988054484
50,0.7,0.9,0.06999999999999998,0.7409038652044804,0.2761840335742203,0.05935469472246469,0.64453870192997,0.6247563907751423
50,0.9,0.2,0.7200000000000001,0.4673658409730904,0.7466468777302386,0.44342924524901556,0.5482420427369867,0.3721380309619466
50,0.9,0.6,0.36000000000000004,0.6185658409730904,0.4874468777302385,0.22022924524901555,0.6091900427369866,0.5139085446852474
50,0.9,0.9,0.08999999999999998,0.7319658409730905,0.2930468777302384,0.05282924524901549,0.6549010427369867,0.6294517675777231
51,0.1,0.2,0.08000000000000002,0.728060744258036,0.2442002774511139,0.03423266539235758,0.6662212186689414,0.5852194092307436
51,0.1,0.6,0.04000000000000001,0.744860744258036,0.21540027745111384,0.009432665392357575,0.6729932186689414,0.631619719229706
51,0.1,0.9,0.009999999999999998,0.757460744258036,0.19380027745111383,0.0,0.6780722186689414,0.6665337213289277
51,0.3,0.2,0.24,0.6917525816668633,0.39972583046760657,0.16732263757148985,0.6293065690267138,0.5214590362422565
51,0.3,0.6,0.12,0.7421525816668633,0.31332583046760654,0.09292263757148986,0.6496225690267138,0.5947223540928823
51,0.3,0.9,0.029999999999999992,0.7799525816668633,0.24852583046760654,0.037122637571489855,0.6648595690267138,0.6506937688808518
51,0.5,0.2,0.4,0.5653578789723718,0.4847280003276617,0.24498952564744172,0.6271907821336685,0.48764746816451876
51,0.5,0.6,0.2,0.6493578789723718,0.3407280003276617,0.12098952564744174,0.6610507821336685,0.5874174382210736
51,0.5,0.9,0.04999999999999999,0.7123578789723718,0.2327280003276617,0.02798952564744173,0.6864457821336686,0.6650891557634897
51,0.7,0.2,0.5599999999999999,0.5320367776524523,0.5908502869546695,0.33721580443570737,0.6093633640656692,0.4430418455372209
51,0.7,0.6,0.27999999999999997,0.6496367776524523,0.3892502869546695,0.1636158044357074,0.6567673640656692,0.567108924557505
51,0.7,0.9,0.06999999999999998,0.7378367776524523,0.23805028695466954,0.03341580443570739,0.6923203640656691,0.6657339442227179
51,0.9,0.2,0.7200000000000001,0.4361088042394409,0.7326652004641596,0.45486372995190366,0.5537885356690183,0.3757410327705943
51,0.9,0.6,0.36000000000000004,0.5873088042394409,0.4734652004641595,0.23166372995190365,0.6147365356690183,0.5181505024796652
51,0.9,0.9,0.08999999999999998,0.7007088042394409,0.27906520046415945,0.0642637299519036,0.6604475356690183,0.6341729423614684
52,0.1,0.2,0.08000000000000002,0.7015650645932293,0.2738456340347884,0.048707139398595875,0.6780193072914105,0.5952996961497812
52,0.1,0.6,0.04000000000000001,0.7183650645932292,0.24504563403478835,0.02390713939859587,0.6847913072914105,0.6418510216831111
52,0.1,0.9,0.009999999999999998,0.7309650645932293,0.22344563403478837,0.005307139398595863,0.6898703072914104,0.6768782854331086
52,0.3,0.2,0.24,0.6669740962104969,0.3540932594962824,0.11602545074532956,0.6465863042846282,0.5353381196014133
52,0.3,0.6,0.12,0.7173740962104969,0.26769325949628237,0.04162545074532957,0.666902304284628,0.609264979285943
52,0.3,0.9,0.029999999999999992,0.7551740962104969,0.20289325949628237,0.0,0.6821393042846281,0.6657340504493403
52,0.5,0.2,0.4,0.5711083845466619,0.4819949093843587,0.2692135983079277,0.6501674328925399,0.50492590953519
52,0.5,0.6,0.2,0.655108384546662,0.33799490938435867,0.1452135983079277,0.6840274328925399,0.6061663852403126
52,0.5,0.9,0.04999999999999999,0.7181083845466619,0.22999490938435868,0.052213598307927704,0.7094224328925398,0.6849409820191543
52,0.7,0.2,0.5599999999999999,0.5015062518432333,0.6014515932600937,0.3340002518452274,0.5874729853598434,0.4277010681401782
52,0.7,0.6,0.27999999999999997,0.6191062518432333,0.3998515932600937,0.1604002518452274,0.6348769853598434,0.5498067692284202
52,0.7,0.9,0.06999999999999998,0.7073062518432333,0.24865159326009373,0.030200251845227427,0.6704299853598434,0.6469607554446017
52,0.9,0.2,0.7200000000000001,0.4613770503083011,0.7268405519551141,0.43285217851708646,0.5779682484742995,0.39144817420890493
52,0.9,0.6,0.36000000000000004,0.6125770503083011,0.46764055195511406,0.20965217851708645,0.6389162484742996,0.5366431468331444
52,0.9,0.9,0.08999999999999998,0.7259770503083012,0.273240551955114,0.04225217851708639,0.6846272484742996,0.6547547139013237
53,0.1,0.2,0.08000000000000002,0.7306058464275909,0.23199931647181296,0.04564122110932915,0.6600590678957091,0.579954467610094
53,0.1,0.6,0.04000000000000001,0.7474058464275908,0.2031993164718129,0.02084122110932915,0.666831067895709,0.6262759020791588
53,0.1,0.9,0.009999999999999998,0.7600058464275908,0.18159931647181293,0.002241221109329141,0.6719100678957092,0.6611307475309578
53,0.3,0.2,0.24,0.6847104873675514,0.37034742870995935,0.13694650166721029,0.6108035491161061,0.5065974106500565
53,0.3,0.6,0.12,0.7351104873675514,0.2839474287099593,0.06254650166721029,0.631119549116106,0.5791502125361149
53,0.3,0.9,0.029999999999999992,0.7729104873675514,0.21914742870995937,0.0067465016672102925,0.6463565491161062,0.6345887403506589
53,0.5,0.2,0.4,0.6146071185113194,0.4937875008460733,0.2360114220294765,0.5829190611719159,0.4543551340012808
53,0.5,0.6,0.2,0.6986071185113195,0.3497875008460733,0.11201142202947652,0.6167790611719159,0.5512917139162835
53,0.5,0.9,0.04999999999999999,0.7616071185113195,0.24178750084607328,0.01901142202947651,0.642174061171916,0.6268383888525355
53,0.7,0.2,0.5599999999999999,0.5328271609734718,0.57784672631805,0.37974582857448286,0.5881286928952225,0.42816058798097195
53,0.7,0.6,0.27999999999999997,0.6504271609734719,0.37624672631804995,0.2061458285744829,0.6355326928952225,0.5503250404643839
53,0.7,0.9,0.06999999999999998,0.7386271609734718,0.22504672631805003,0.07594582857448291,0.6710856928952226,0.6475230902269429
53,0.9,0.2,0.7200000000000001,0.4543281831284918,0.7541909787360809,0.4304264527591962,0.5476961819578898,0.37178343979984524
53,0.9,0.6,0.36000000000000004,0.6055281831284919,0.4949909787360808,0.20722645275919618,0.6086441819578898,0.5134910703613942
53,0.9,0.9,0.08999999999999998,0.7189281831284919,0.3005909787360807,0.03982645275919614,0.6543551819578899,0.6289871308825559
54,0.1,0.2,0.08000000000000002,0.7086755400518481,0.25545392428525354,0.07547196487215226,0.6745562090407009,0.5923408250043749
54,0.1,0.6,0.04000000000000001,0.725475540051848,0.2266539242852535,0.050671964872152246,0.6813282090407009,0.6388478228800959
54,0.1,0.9,0.009999999999999998,0.7380755400518481,0.2050539242852535,0.03207196487215224,0.686407209040701,0.6738418408868867
54,0.3,0.2,0.24,0.6465398043052498,0.373499586482039,0.14941183690623422,0.6474790484321374,0.5360551717006928
54,0.3,0.6,0.12,0.6969398043052498,0.287099586482039,0.07501183690623422,0.6677950484321373,0.6100163127604868
54,0.3,0.9,0.029999999999999992,0.7347398043052499,0.22229958648203899,0.01921183690623423,0.6830320484321375,0.6665110949553326
54,0.5,0.2,0.4,0.6027389936421572,0.47281041599991885,0.23980085236179174,0.6186632425628973,0.4812347584072988
54,0.5,0.6,0.2,0.6867389936421573,0.32881041599991884,0.11580085236179173,0.6525232425628974,0.5804589659313244
54,0.5,0.9,0.04999999999999999,0.7497389936421572,0.22081041599991885,0.02280085236179173,0.6779182425628975,0.6577213615743434
54,0.7,0.2,0.5599999999999999,0.5400355508212032,0.5773319378101203,0.3362246136068713,0.6048266339527567,0.4398625050740919
54,0.7,0.6,0.27999999999999997,0.6576355508212033,0.3757319378101202,0.1626246136068713,0.6522306339527567,0.5635230930762589
54,0.7,0.9,0.06999999999999998,0.7458355508212032,0.2245319378101203,0.03242461360687132,0.6877836339527568,0.6618432444778843
54,0.9,0.2,0.7200000000000001,0.47472965400347816,0.7228690439591018,0.42130532078516114,0.5572427848103227,0.37798491301278564
54,0.9,0.6,0.36000000000000004,0.6259296540034782,0.46366904395910163,0.19810532078516108,0.6181907848103229,0.520792312222935
54,0.9,0.9,0.08999999999999998,0.7393296540034783,0.26926904395910156,0.03070532078516103,0.6639017848103229,0.6371131992305468
55,0.1,0.2,0.08000000000000002,0.741639202697048,0.281312441039715,0.051914608226178854,0.6238264470162355,0.5489973163306716
55,0.1,0.6,0.04000000000000001,0.7584392026970479,0.25251244103971493,0.027114608226178852,0.6305984470162355,0.5948549732524794
55,0.1,0.9,0.009999999999999998,0.771039202697048,0.23091244103971492,0.008514608226178843,0.6356774470162355,0.6293619855438353
55,0.3,0.2,0.24,0.6490317011283379,0.3953302552361095,0.12333897119654202,0.6130330097351534,0.5083881134192753
55,0.3,0.6,0.12,0.6994317011283379,0.30893025523610945,0.04893897119654203,0.6333490097351533,0.581026526593105
55,0.3,0.9,0.029999999999999992,0.7372317011283379,0.24413025523610948,0.0,0.6485860097351533,0.6365292628734776
55,0.5,0.2,0.4,0.5797888799234827,0.45558009552885537,0.22156499577696334,0.6104300815632607,0.4750434213355721
55,0.5,0.6,0.2,0.6637888799234828,0.31158009552885535,0.09756499577696334,0.6442900815632606,0.5737407065556207
55,0.5,0.9,0.04999999999999999,0.7267888799234827,0.20358009552885534,0.004564995776963329,0.6696850815632607,0.6506079104706572
55,0.7,0.2,0.5599999999999999,0.5150098158407445,0.612902874284451,0.3720002929361738,0.5808595481181186,0.4230663713211775
55,0.7,0.6,0.27999999999999997,0.6326098158407445,0.41130287428445106,0.19840029293617384,0.6282635481181187,0.544579508432561
55,0.7,0.9,0.06999999999999998,0.7208098158407444,0.2601028742844511,0.06820029293617386,0.6638165481181186,0.6412890716660986
55,0.9,0.2,0.7200000000000001,0.47888673161013257,0.6987684669435208,0.4442886781485402,0.5210032184221294,0.35444369068701526
55,0.9,0.6,0.36000000000000004,0.6300867316101326,0.43956846694352064,0.22108867814854014,0.5819512184221293,0.49307629184924445
55,0.9,0.9,0.08999999999999998,0.7434867316101327,0.2451684669435206,0.053688678148540094,0.6276622184221293,0.6062660803209166
56,0.1,0.2,0.08000000000000002,0.7491951916265004,0.27038600653316874,0.05825761986168593,0.6579594958998474,0.5781605932968297
56,0.1,0.6,0.04000000000000001,0.7659951916265003,0.2415860065331687,0.03345761986168592,0.6647314958998473,0.6244551532443475
56,0.1,0.9,0.009999999999999998,0.7785951916265004,0.21998600653316872,0.014857619861685913,0.6698104958998474,0.6592898428049863
56,0.3,0.2,0.24,0.6412375403492391,0.34747716567363246,0.13965165633212653,0.6590582604993932,0.5453555948331127
56,0.3,0.6,0.12,0.6916375403492391,0.2610771656736324,0.06525165633212654,0.6793742604993932,0.6197613776362894
56,0.3,0.9,0.029999999999999992,0.7294375403492391,0.19627716567363246,0.009451656332126537,0.6946112604993933,0.676589641138672
56,0.5,0.2,0.4,0.573327054610132,0.46834483944747984,0.22721089248186505,0.6022630670457183,0.4689018264183802
56,0.5,0.6,0.2,0.6573270546101321,0.3243448394474798,0.10321089248186506,0.6361230670457183,0.5670764227093062
56,0.5,0.9,0.04999999999999999,0.720327054610132,0.21634483944747987,0.010210892481865054,0.6615180670457182,0.6435516099275005
56,0.7,0.2,0.5599999999999999,0.5066003318097956,0.5803827081178232,0.3484316694797045,0.567106675261923,0.41342835802355565
56,0.7,0.6,0.27999999999999997,0.6242003318097956,0.37878270811782316,0.1748316694797045,0.6145106752619229,0.5337092377270239
56,0.7,0.9,0.06999999999999998,0.7124003318097956,0.22758270811782322,0.04463166947970451,0.650063675261923,0.6294946079046251
56,0.9,0.2,0.7200000000000001,0.45998122992015017,0.705634962367782,0.41850944556067476,0.5380203193783177,0.3654979994681552
56,0.9,0.6,0.36000000000000004,0.6111812299201502,0.4464349623677819,0.1953094455606747,0.5989683193783177,0.5060909706605374
56,0.9,0.9,0.08999999999999998,0.7245812299201503,0.25203496236778183,0.027909445560674657,0.6446793193783177,0.6207510366548239
57,0.1,0.2,0.08000000000000002,0.7497464837062066,0.2408221710317485,0.021043225918568446,0.6677430514222128,0.5865196631351387
57,0.1,0.6,0.04000000000000001,0.7665464837062065,0.21202217103174845,0.0,0.6745150514222128,0.6329394525933429
57,0.1,0.9,0.009999999999999998,0.7791464837062065,0.19042217103174847,0.0,0.6795940514222127,0.6678680642869961
57,0.3,0.2,0.24,0.6597908888415559,0.38669449929113026,0.1400762986355661,0.620437998422739,0.514335800333144
57,0.3,0.6,0.12,0.7101908888415559,0.3002944992911302,0.06567629863556608,0.6407539984227388,0.587258565072577
57,0.3,0.9,0.029999999999999992,0.747990888841556,0.23549449929113025,0.009876298635566085,0.6559909984227389,0.6429745650271519
57,0.5,0.2,0.4,0.601106413306378,0.5201033241026546,0.23331035962481436,0.608820249658608,0.47383282774327323
57,0.5,0.6,0.2,0.6851064133063781,0.37610332410265457,0.10931035962481436,0.6426802496586081,0.5724270837214244
57,0.5,0.9,0.04999999999999999,0.7481064133063781,0.2681033241026546,0.016310359624814356,0.6680752496586081,0.6492170157050374
57,0.7,0.2,0.5599999999999999,0.5251721799217972,0.6239324818220374,0.3509561645443848,0.6059622956361335,0.4406583767818023
57,0.7,0.6,0.27999999999999997,0.6427721799217972,0.4223324818220374,0.17735616454438483,0.6533662956361335,0.5644207200707999
57,0.7,0.9,0.06999999999999998,0.7309721799217972,0.2711324818220375,0.04715616454438483,0.6889192956361334,0.662817187937548
57,0.9,0.2,0.7200000000000001,0.4413450001550711,0.7028078409825508,0.42875856430324116,0.5523605172551849,0.37481339200896807
57,0.9,0.6,0.36000000000000004,0.5925450001550712,0.4436078409825507,0.20555856430324115,0.6133085172551849,0.5170583539967655
57,0.9,0.9,0.08999999999999998,0.7059450001550712,0.24920784098255064,0.038158564303241105,0.6590195172551849,0.6329574130876134
58,0.1,0.2,0.08000000000000002,0.7172472804032187,0.2341563398311407,0.073290037466236,0.6381581745576934,0.5612423443420933
58,0.1,0.6,0.04000000000000001,0.7340472804032186,0.20535633983114066,0.04849003746623598,0.6449301745576933,0.6072834473764317
58,0.1,0.9,0.009999999999999998,0.7466472804032187,0.18375633983114067,0.029890037466235975,0.6500091745576934,0.6419280442521855
58,0.3,0.2,0.24,0.634196049358557,0.3893504817028753,0.14777467186374657,0.6408547290777197,0.5307345183952245
58,0.3,0.6,0.12,0.684596049358557,0.30295048170287525,0.07337467186374658,0.6611707290777196,0.6044412855918089
58,0.3,0.9,0.029999999999999992,0.7223960493585571,0.23815048170287526,0.01757467186374657,0.6764077290777196,0.6607452873892472
58,0.5,0.2,0.4,0.6198879170653092,0.47923645416419003,0.20544034213793566,0.5939776555737535,0.46267119699146264
58,0.5,0.6,0.2,0.7038879170653093,0.33523645416419,0.08144034213793566,0.6278376555737535,0.5603155269481829
58,0.5,0.9,0.04999999999999999,0.7668879170653092,0.22723645416419003,0.0,0.6532326555737534,0.636393014415723
58,0.7,0.2,0.5599999999999999,0.5238841241904846,0.6014806147091881,0.3769328860311243,0.574458144169571,0.4185802674340353
58,0.7,0.6,0.27999999999999997,0.6414841241904846,0.3998806147091881,0.2033328860311243,0.621862144169571,0.5395198387516289
58,0.7,0.9,0.06999999999999998,0.7296841241904846,0.2486806147091882,0.0731328860311243,0.6574151441695709,0.6357992276398241
58,0.9,0.2,0.7200000000000001,0.445095835826381,0.6951779745332315,0.44338208098443893,0.5326870573211896,0.36203351243584475
58,0.9,0.6,0.36000000000000004,0.596295835826381,0.43597797453323134,0.2201820809844389,0.5936350573211897,0.5020120918392459
58,0.9,0.9,0.08999999999999998,0.7096958358263811,0.24157797453323127,0.05278208098443885,0.6393460573211897,0.6162113639917965
59,0.1,0.2,0.08000000000000002,0.7328416173134767,0.26543604804394083,0.041254513233175145,0.6424334758950582,0.5648951618047378
59,0.1,0.6,0.04000000000000001,0.7496416173134767,0.23663604804394078,0.01645451323317514,0.6492054758950581,0.6109909886961944
59,0.1,0.9,0.009999999999999998,0.7622416173134767,0.2150360480439408,0.0,0.6542844758950581,0.645676628464787
59,0.3,0.2,0.24,0.6483504642332055,0.3552213448517044,0.15821819606458007,0.6065670578128332,0.5031946608352675
59,0.3,0.6,0.12,0.6987504642332055,0.2688213448517044,0.08381819606458007,0.626883057812833,0.5755847814552804
59,0.3,0.9,0.029999999999999992,0.7365504642332056,0.20402134485170442,0.028018196064580083,0.6421200578128331,0.63090129832029
59,0.5,0.2,0.4,0.6009242779057286,0.48183001103905865,0.25216845439405894,0.5958012682009244,0.4640425536870951
59,0.5,0.6,0.2,0.6849242779057286,0.33783001103905863,0.12816845439405894,0.6296612682009244,0.5618035948519544
59,0.5,0.9,0.04999999999999999,0.7479242779057286,0.22983001103905867,0.03516845439405893,0.6550562682009243,0.6379686157255986
59,0.7,0.2,0.5599999999999999,0.5371579317566916,0.5934759023889505,0.387169556820089,0.5931037895284808,0.4316471357015593
59,0.7,0.6,0.27999999999999997,0.6547579317566916,0.3918759023889505,0.21356955682008907,0.6405077895284808,0.5542573568433112
59,0.7,0.9,0.06999999999999998,0.7429579317566916,0.24067590238895056,0.08336955682008909,0.6760607895284807,0.6517897330996252
59,0.9,0.2,0.7200000000000001,0.490344702616879,0.7333689176258437,0.4249444289522912,0.5307646485194085,0.36078471567820775
59,0.9,0.6,0.36000000000000004,0.641544702616879,0.4741689176258435,0.20174442895229114,0.5917126485194085,0.5005418335876437
59,0.9,0.9,0.08999999999999998,0.7549447026168791,0.27976891762584344,0.03434442895229108,0.6374236485194085,0.6145750096197204
60,0.1,0.2,0.08000000000000002,0.7380295753187467,0.298655843496462,0.03754484372311234,0.6767850105237149,0.594245112991462
60,0.1,0.6,0.04000000000000001,0.7548295753187466,0.26985584349646197,0.012744843723112338,0.6835570105237149,0.6407806395261656
60,0.1,0.9,0.009999999999999998,0.7674295753187467,0.248255843496462,0.0,0.6886360105237148,0.6757960540271932
60,0.3,0.2,0.24,0.6444611027412505,0.4005749754771395,0.12085051357922666,0.6583067106815127,0.544751950019391
60,0.3,0.6,0.12,0.6948611027412505,0.31417497547713946,0.04645051357922667,0.6786227106815126,0.619128873309561
60,0.3,0.9,0.029999999999999992,0.7326611027412505,0.2493749754771395,0.0,0.6938597106815128,0.6759354921771887
60,0.5,0.2,0.4,0.5755596237898968,0.5140842024718395,0.24674778358394744,0.5755693566641585,0.4488281562114472
60,0.5,0.6,0.2,0.6595596237898969,0.3700842024718395,0.12274778358394743,0.6094293566641585,0.5452943550379534
60,0.5,0.9,0.04999999999999999,0.7225596237898968,0.2620842024718395,0.02974778358394743,0.6348243566641585,0.620488244157833
60,0.7,0.2,0.5599999999999999,0.5194653113123969,0.6166570552402078,0.3526133298563095,0.5601291489414164,0.40853850757814464
60,0.7,0.6,0.27999999999999997,0.637065311312397,0.4150570552402077,0.17901332985630955,0.6075331489414165,0.5281942009232956
60,0.7,0.9,0.06999999999999998,0.7252653113123969,0.26385705524020775,0.04881332985630956,0.6430861489414165,0.6235106813321587
60,0.9,0.2,0.7200000000000001,0.4614084939094316,0.6993987323640998,0.4679164681511895,0.5927266983181315,0.4010352632274582
60,0.9,0.6,0.36000000000000004,0.6126084939094316,0.44019873236409973,0.24471646815118947,0.6536746983181314,0.547930409273707
60,0.9,0.9,0.08999999999999998,0.7260084939094317,0.24579873236409963,0.07731646815118942,0.6993856983181315,0.6673171064083936
61,0.1,0.2,0.08000000000000002,0.7089588332454279,0.273263485999347,0.037072817498046653,0.6409299794210779,0.563610574417369
61,0.1,0.6,0.04000000000000001,0.7257588332454278,0.24446348599934697,0.012272817498046651,0.6477019794210778,0.6096871565539587
61,0.1,0.9,0.009999999999999998,0.7383588332454278,0.22286348599934697,0.0,0.6527809794210779,0.6443583627564011
61,0.3,0.2,0.24,0.6732630744012872,0.36528505991221044,0.15457907665228543,0.6377476864316453,0.5282389417418974
61,0.3,0.6,0.12,0.7236630744012872,0.2788850599122104,0.08017907665228545,0.6580636864316451,0.6018263985008726
61,0.3,0.9,0.029999999999999992,0.7614630744012872,0.21408505991221044,0.024379076652285447,0.6733006864316452,0.6580409174701041
61,0.5,0.2,0.4,0.6006237026781471,0.48842750752027025,0.22843721869989705,0.601503894269382,0.4683309284905753
61,0.5,0.6,0.2,0.6846237026781472,0.34442750752027024,0.10443721869989704,0.6353638942693821,0.5664569377238159
61,0.5,0.9,0.04999999999999999,0.7476237026781472,0.23642750752027025,0.011437218699897039,0.6607588942693821,0.6428956846487461
61,0.7,0.2,0.5599999999999999,0.5017054727883531,0.5699806718811198,0.35746240136656093,0.5768380259729343,0.4202480886018324
61,0.7,0.6,0.27999999999999997,0.6193054727883531,0.3683806718811197,0.18386240136656096,0.6242420259729344,0.5414008973290074
61,0.7,0.9,0.06999999999999998,0.7075054727883531,0.21718067188111978,0.053662401366560974,0.6597950259729344,0.6378402142743886
61,0.9,0.2,0.7200000000000001,0.4779799574807469,0.7320460124877136,0.4457128799898414,0.5405009282705047,0.36710940300451983
61,0.9,0.6,0.36000000000000004,0.6291799574807468,0.47284601248771346,0.22251287998984134,0.6014489282705047,0.507988140341282
61,0.9,0.9,0.08999999999999998,0.7425799574807469,0.2784460124877134,0.05511287998984128,0.6471599282705047,0.6228625309438536
62,0.1,0.2,0.08000000000000002,0.7119385180317477,0.2674571683141165,0.050982844329756596,0.6556750389942114,0.5762087533166543
62,0.1,0.6,0.04000000000000001,0.7287385180317476,0.23865716831411646,0.02618284432975659,0.6624470389942113,0.6224740722157801
62,0.1,0.9,0.009999999999999998,0.7413385180317477,0.21705716831411648,0.007582844329756583,0.6675260389942114,0.6572868309901245
62,0.3,0.2,0.24,0.6519469492101352,0.3584954215688556,0.11798003155484363,0.6517504781078013,0.5394859840161861
62,0.3,0.6,0.12,0.7023469492101352,0.2720954215688556,0.04358003155484363,0.6720664781078012,0.6136111479755255
62,0.3,0.9,0.029999999999999992,0.7401469492101352,0.2072954215688556,0.0,0.6873034781078012,0.6702289473450302
62,0.5,0.2,0.4,0.5916607313649936,0.4718977637621105,0.2539324594106896,0.607626248187748,0.47293493863718655
62,0.5,0.6,0.2,0.6756607313649937,0.3278977637621105,0.12993245941068962,0.6414862481877479,0.5714527785212024
62,0.5,0.9,0.04999999999999999,0.7386607313649937,0.21989776376211048,0.036932459410689615,0.666881248187748,0.6481853984342143
62,0.7,0.2,0.5599999999999999,0.4895276218043603,0.5744987758301343,0.3824545075279336,0.5668861744273673,0.413273831038699
62,0.7,0.6,0.27999999999999997,0.6071276218043603,0.37289877583013437,0.2088545075279336,0.6142901744273673,0.5335349538673911
62,0.7,0.9,0.06999999999999998,0.6953276218043603,0.22169877583013442,0.07865450752793361,0.6498431744273673,0.6293055063889101
62,0.9,0.2,0.7200000000000001,0.48093416543110584,0.6786374671709485,0.48594321846253125,0.5187393214901856,0.3529730632400246
62,0.9,0.6,0.36000000000000004,0.6321341654311059,0.41943746717094843,0.2627432184625312,0.5796873214901855,0.4913448634756939
62,0.9,0.9,0.08999999999999998,0.745534165431106,0.22503746717094836,0.09534321846253113,0.6253983214901856,0.604339051252446
63,0.1,0.2,0.08000000000000002,0.7070936440930741,0.24559788792327503,0.058488231134007085,0.7065831839424006,0.6197046723603872
63,0.1,0.6,0.04000000000000001,0.723893644093074,0.21679788792327498,0.033688231134007075,0.7133551839424006,0.6666216155148498
63,0.1,0.9,0.009999999999999998,0.736493644093074,0.19519788792327503,0.01508823113400707,0.7184341839424007,0.701923092480697
63,0.3,0.2,0.24,0.6667780014899962,0.36437014689894726,0.13696160845950411,0.6151246409560581,0.5100681116159059
63,0.3,0.6,0.12,0.7171780014899962,0.2779701468989472,0.06256160845950413,0.6354406409560582,0.5827868434286186
63,0.3,0.9,0.029999999999999992,0.7549780014899963,0.21317014689894728,0.0067616084595041315,0.6506776409560583,0.6383498186881531
63,0.5,0.2,0.4,0.6165300617102815,0.4742510552942972,0.23383056569948676,0.5753849083891884,0.4486894511086697
63,0.5,0.6,0.2,0.7005300617102815,0.33025105529429716,0.10983056569948677,0.6092449083891885,0.5451438452455779
63,0.5,0.9,0.04999999999999999,0.7635300617102815,0.22225105529429717,0.016830565699486752,0.6346399083891885,0.6203288808482588
63,0.7,0.2,0.5599999999999999,0.5145770727220748,0.5882091343558076,0.35762473476151113,0.5679356397554111,0.4140092963405921
63,0.7,0.6,0.27999999999999997,0.6321770727220748,0.3866091343558075,0.18402473476151113,0.6153396397554111,0.534364451262677
63,0.7,0.9,0.06999999999999998,0.7203770727220747,0.23540913435580757,0.053824734761511145,0.650892639755411,0.6302055278542404
63,0.9,0.2,0.7200000000000001,0.4310392929281622,0.7698039922850006,0.4467832607162057,0.5611454626025021,0.38052009250658536
63,0.9,0.6,0.36000000000000004,0.5822392929281621,0.5106039922850005,0.22358326071620568,0.622093462602502,0.5237770801983935
63,0.9,0.9,0.08999999999999998,0.6956392929281622,0.3162039922850004,0.05618326071620562,0.667804462602502,0.6404351585672496
64,0.1,0.2,0.08000000000000002,0.7497639109203371,0.223309286254856,0.050773136736975186,0.6506635659826061,0.5719269507755387
64,0.1,0.6,0.04000000000000001,0.766563910920337,0.19450928625485595,0.02597313673697518,0.6574355659826061,0.6181281228201161
64,0.1,0.9,0.009999999999999998,0.7791639109203371,0.17290928625485597,0.007373136736975172,0.6625145659826063,0.6528927714535493
64,0.3,0.2,0.24,0.6581906816804143,0.36313693623774307,0.133622077830795,0.6371437409202674,0.5277538527071588
64,0.3,0.6,0.12,0.7085906816804143,0.27673693623774304,0.059222077830795,0.6574597409202673,0.601318117958497
64,0.3,0.9,0.029999999999999992,0.7463906816804143,0.21193693623774304,0.0034220778307949996,0.6726967409202674,0.6575152432970008
64,0.5,0.2,0.4,0.6007906116488747,0.48123340414367094,0.24098033735975471,0.584743579193579,0.4557271715535714
64,0.5,0.6,0.2,0.6847906116488748,0.3372334041436709,0.1169803373597547,0.618603579193579,0.5527805206219606
64,0.5,0.9,0.04999999999999999,0.7477906116488747,0.22923340414367094,0.023980337359754696,0.643998579193579,0.6284147724232523
64,0.7,0.2,0.5599999999999999,0.5491600780805441,0.5914168833078026,0.3521805310594323,0.5535870624173168,0.4039538133420556
64,0.7,0.6,0.27999999999999997,0.6667600780805442,0.3898168833078026,0.17858053105943236,0.6009910624173168,0.5230233357346472
64,0.7,0.9,0.06999999999999998,0.7549600780805441,0.23861688330780267,0.04838053105943237,0.6365440624173169,0.6179001879290911
64,0.9,0.2,0.7200000000000001,0.4497931379303621,0.7101866477171738,0.43627376990648586,0.5547020314526263,0.37633443963162605
64,0.9,0.6,0.36000000000000004,0.600993137930362,0.45098664771717367,0.21307376990648583,0.6156500314526262,0.5188491440549685
64,0.9,0.9,0.08999999999999998,0.7143931379303621,0.2565866477171736,0.04567376990648578,0.6613610314526263,0.6349505099724755
65,0.1,0.2,0.08000000000000002,0.7312181704422553,0.26942326021701374,0.03278212015083623,0.6670050571443663,0.5858891208241466
65,0.1,0.6,0.04000000000000001,0.7480181704422553,0.24062326021701372,0.007982120150836228,0.6737770571443663,0.6322994639555944
65,0.1,0.9,0.009999999999999998,0.7606181704422553,0.21902326021701374,0.0,0.6788560571443664,0.6672209909041804
65,0.3,0.2,0.24,0.662878857598178,0.35986698206450846,0.14261954075385141,0.6394725205039156,0.529624328468745
65,0.3,0.6,0.12,0.713278857598178,0.2734669820645084,0.06821954075385142,0.6597885205039156,0.6032780188560954
65,0.3,0.9,0.029999999999999992,0.751078857598178,0.20866698206450848,0.012419540753851422,0.6750255205039156,0.6595422130466082
65,0.5,0.2,0.4,0.5914883362148868,0.5083367308220431,0.23730339707618353,0.6191546601586058,0.48160430443927155
65,0.5,0.6,0.2,0.6754883362148869,0.3643367308220431,0.11330339707618353,0.6530146601586059,0.5808599626894225
65,0.5,0.9,0.04999999999999999,0.7384883362148869,0.2563367308220431,0.02030339707618352,0.6784096601586058,0.6581459463770354
65,0.7,0.2,0.5599999999999999,0.526690318549609,0.6262195799780064,0.33143802452948173,0.6069913420721657,0.44137953252417367
65,0.7,0.6,0.27999999999999997,0.644290318549609,0.4246195799780064,0.15783802452948176,0.6543953420721657,0.5652340783738398
65,0.7,0.9,0.06999999999999998,0.732490318549609,0.2734195799780065,0.027638024529481782,0.6899483420721656,0.6636996981610892
65,0.9,0.2,0.7200000000000001,0.49974191425368925,0.6903006605724655,0.4689032894489444,0.5748265772289135,0.3894073445679022
65,0.9,0.6,0.36000000000000004,0.6509419142536892,0.43110066057246543,0.24570328944894435,0.6357745772289136,0.5342403966646732
65,0.9,0.9,0.08999999999999998,0.7643419142536892,0.2367006605724654,0.0783032894489443,0.6814855772289136,0.6520805233372513
66,0.1,0.2,0.08000000000000002,0.7545701013784477,0.23623994893371456,0.03786464587931917,0.6848322671823722,0.6011206890806189
66,0.1,0.6,0.04000000000000001,0.7713701013784476,0.2074399489337145,0.01306464587931916,0.6916042671823721,0.6477592205005531
66,0.1,0.9,0.009999999999999998,0.7839701013784477,0.18583994893371453,0.0,0.6966832671823722,0.682851888665504
66,0.3,0.2,0.24,0.6595647485455174,0.37200851402661467,0.14408364111798114,0.6300853595087779,0.5220845607574504
66,0.3,0.6,0.12,0.7099647485455174,0.28560851402661463,0.06968364111798116,0.6504013595087778,0.5953777841625875
66,0.3,0.9,0.029999999999999992,0.7477647485455174,0.22080851402661467,0.013883641117981155,0.6656383595087778,0.6513716281164403
66,0.5,0.2,0.4,0.5843413036271966,0.4849069775337468,0.21536815773475926,0.6215402157250937,0.48339824222527045
66,0.5,0.6,0.2,0.6683413036271967,0.34090697753374677,0.09136815773475927,0.6554002157250938,0.5828065760316766
66,0.5,0.9,0.04999999999999999,0.7313413036271966,0.23290697753374676,0.0,0.6807952157250937,0.660207066386481
66,0.7,0.2,0.5599999999999999,0.5300504719103223,0.6400363361319931,0.3550409419826067,0.6077001235830599,0.4418762466070084
66,0.7,0.6,0.27999999999999997,0.6476504719103223,0.4384363361319931,0.1814409419826067,0.6551041235830599,0.5657942992800506
66,0.7,0.9,0.06999999999999998,0.7358504719103223,0.2872363361319932,0.05124094198260673,0.6906571235830599,0.6643075491848323
66,0.9,0.2,0.7200000000000001,0.4691489942812722,0.713321579042563,0.4338711979755443,0.5596815872531683,0.3795691590796581
66,0.9,0.6,0.36000000000000004,0.6203489942812722,0.45412157904256284,0.2106711979755443,0.6206295872531682,0.522657508331223
66,0.9,0.9,0.08999999999999998,0.7337489942812723,0.25972157904256277,0.04327119797554424,0.6663405872531682,0.6391891078698968
67,0.1,0.2,0.08000000000000002,0.7208776222776225,0.26598795899821326,0.027612149412803655,0.6693284831508236,0.5878742560040637
67,0.1,0.6,0.04000000000000001,0.7376776222776225,0.23718795899821318,0.002812149412803649,0.6761004831508236,0.6343143389883943
67,0.1,0.9,0.009999999999999998,0.7502776222776225,0.2155879589982132,0.0,0.6811794831508237,0.6692581708266423
67,0.3,0.2,0.24,0.6453203563867419,0.38959311664069424,0.15767522247186105,0.6630308382560939,0.5485463692872946
67,0.3,0.6,0.12,0.6957203563867419,0.3031931166406942,0.08327522247186106,0.6833468382560938,0.6231046990763286
67,0.3,0.9,0.029999999999999992,0.733520356386742,0.23839311664069426,0.027475222471861058,0.6985838382560938,0.680047372818104
67,0.5,0.2,0.4,0.6032072403569085,0.520084000898237,0.2311019851132009,0.5911921007365581,0.4605764597538917
67,0.5,0.6,0.2,0.6872072403569086,0.376084000898237,0.1071019851132009,0.6250521007365581,0.5580425142010316
67,0.5,0.9,0.04999999999999999,0.7502072403569086,0.26808400089823703,0.014101985113200897,0.6504471007365582,0.6339862950363864
67,0.7,0.2,0.5599999999999999,0.51406670789412,0.6004564026436617,0.334319801018632,0.611308378873079,0.44440491191425374
67,0.7,0.6,0.27999999999999997,0.63166670789412,0.39885640264366173,0.16071980101863204,0.658712378873079,0.5686462642612816
67,0.7,0.9,0.06999999999999998,0.71986670789412,0.2476564026436618,0.03051980101863206,0.694265378873079,0.6674019889215526
67,0.9,0.2,0.7200000000000001,0.4385803999485192,0.700994070997329,0.42212557025793773,0.5488610855724715,0.37254016118787747
67,0.9,0.6,0.36000000000000004,0.5897803999485192,0.4417940709973289,0.19892557025793772,0.6098090855724715,0.5143819886458262
67,0.9,0.9,0.08999999999999998,0.7031803999485193,0.24739407099732888,0.031525570257937674,0.6555200855724715,0.6299786968392878
68,0.1,0.2,0.08000000000000002,0.6995124194301813,0.26896896322607494,0.053847021103229135,0.6499078925364858,0.5712813033831735
68,0.1,0.6,0.04000000000000001,0.7163124194301812,0.24016896322607492,0.02904702110322913,0.6566798925364858,0.6174728028076405
68,0.1,0.9,0.009999999999999998,0.7289124194301813,0.21856896322607494,0.010447021103229124,0.6617588925364858,0.6522301969759907
68,0.3,0.2,0.24,0.6425253808452114,0.4257505865411089,0.1383891073141653,0.6221645007910989,0.5157225270354107
68,0.3,0.6,0.12,0.6929253808452114,0.3393505865411089,0.0639891073141653,0.6424805007910988,0.5887115894657887
68,0.3,0.9,0.029999999999999992,0.7307253808452114,0.2745505865411089,0.008189107314165295,0.6577175007910988,0.6444773126885726
68,0.5,0.2,0.4,0.6163354607341069,0.47224822352600965,0.24064704332091616,0.609238361859265,0.47414724811816733
68,0.5,0.6,0.2,0.700335460734107,0.32824822352600963,0.11664704332091616,0.6430983618592652,0.5727682632771605
68,0.5,0.9,0.04999999999999999,0.763335460734107,0.22024822352600962,0.023647043320916154,0.6684933618592651,0.649578264646405
68,0.7,0.2,0.5599999999999999,0.5127800917609019,0.5876162290109204,0.3860253186767163,0.6066570438158078,0.44114525630611806
68,0.7,0.6,0.27999999999999997,0.6303800917609019,0.3860162290109203,0.21242531867671632,0.6540610438158078,0.5649698490320145
68,0.7,0.9,0.06999999999999998,0.7185800917609019,0.2348162290109204,0.08222531867671634,0.6896140438158078,0.6634130039764368
68,0.9,0.2,0.7200000000000001,0.4708692961496405,0.7354696659229849,0.4553559172932226,0.5426549653753625,0.36850866550783545
68,0.9,0.6,0.36000000000000004,0.6220692961496406,0.4762696659229848,0.2321559172932226,0.6036029653753624,0.5096355479190772
68,0.9,0.9,0.08999999999999998,0.7354692961496406,0.28186966592298474,0.06475591729322254,0.6493139653753625,0.6246960473275085
69,0.1,0.2,0.08000000000000002,0.7612099820712726,0.2727227935297279,0.049593376742539844,0.6718514318014552,0.5900298633311634
69,0.1,0.6,0.04000000000000001,0.7780099820712725,0.24392279352972784,0.024793376742539834,0.6786234318014552,0.636502240058222
69,0.1,0.9,0.009999999999999998,0.7906099820712725,0.22232279352972786,0.006193376742539829,0.6837024318014552,0.6714702922035158
69,0.3,0.2,0.24,0.6728762902133469,0.36994336117941523,0.11964248562800095,0.6255357518377896,0.5184303158761127
69,0.3,0.6,0.12,0.7232762902133469,0.2835433611794152,0.045242485628000956,0.6458517518377895,0.5915488343466837
69,0.3,0.9,0.029999999999999992,0.761076290213347,0.21874336117941523,0.0,0.6610887518377896,0.6474116495996121
69,0.5,0.2,0.4,0.5781360036198544,0.5031648151460878,0.2582280017484037,0.597529233888803,0.46534198388437986
69,0.5,0.6,0.2,0.6621360036198545,0.3591648151460878,0.1342280017484037,0.631389233888803,0.5632136148532633
69,0.5,0.9,0.04999999999999999,0.7251360036198544,0.2511648151460878,0.041228001748403714,0.6567842338888029,0.6394615780799258
69,0.7,0.2,0.5599999999999999,0.4970331000168789,0.5960321715861359,0.34974652123935324,0.5833964525277532,0.42484423393144943
69,0.7,0.6,0.27999999999999997,0.614633100016879,0.39443217158613586,0.17614652123935326,0.6308004525277532,0.5465846776779362
69,0.7,0.9,0.06999999999999998,0.7028331000168789,0.2432321715861359,0.045946521239353263,0.6663534525277532,0.6434647208878013
69,0.9,0.2,0.7200000000000001,0.4390886309187484,0.7162711531399701,0.4198180260647404,0.5575117225475779,0.3781596149669066
69,0.9,0.6,0.36000000000000004,0.5902886309187484,0.45707115313997004,0.19661802606474035,0.6184597225475779,0.5209979958043875
69,0.9,0.9,0.08999999999999998,0.7036886309187484,0.26267115313996997,0.02921802606474031,0.6641707225475779,0.6373421190324984
70,0.1,0.2,0.08000000000000002,0.7422754958947112,0.25038416423408155,0.06276732858425407,0.6991759944668906,0.6133759696725114
70,0.1,0.6,0.04000000000000001,0.7590754958947111,0.22158416423408153,0.03796732858425406,0.7059479944668906,0.6601981008016875
70,0.1,0.9,0.009999999999999998,0.7716754958947112,0.19998416423408155,0.019367328584254058,0.7110269944668907,0.6954284687485697
70,0.3,0.2,0.24,0.6508063676980604,0.3610660050003254,0.1931492246915421,0.5926646449373416,0.4920282428136728
70,0.3,0.6,0.12,0.7012063676980604,0.27466600500032534,0.11874922469154212,0.6129806449373415,0.5638845107792667
70,0.3,0.9,0.029999999999999992,0.7390063676980605,0.2098660050003254,0.06294922469154211,0.6282176449373417,0.6188006381534623
70,0.5,0.2,0.4,0.5757159658140714,0.5104555996273908,0.2564002041092135,0.6080896232248356,0.4732833966650764
70,0.5,0.6,0.2,0.6597159658140714,0.36645559962739077,0.13240020410921352,0.6419496232248356,0.5718308925514659
70,0.5,0.9,0.04999999999999999,0.7227159658140714,0.2584555996273908,0.03940020410921351,0.6673446232248356,0.6485857544662579
70,0.7,0.2,0.5599999999999999,0.5211075854479615,0.5798169420244264,0.3477845863724856,0.5648774801476936,0.41186613808750366
70,0.7,0.6,0.27999999999999997,0.6387075854479616,0.37821694202442635,0.17418458637248563,0.6122814801476935,0.531947281908737
70,0.7,0.9,0.06999999999999998,0.7269075854479615,0.22701694202442643,0.04398458637248563,0.6478344801476935,0.6275828501746621
70,0.9,0.2,0.7200000000000001,0.4638159002720727,0.704501285320729,0.4530283489782006,0.5689749046399607,0.38560609805411844
70,0.9,0.6,0.36000000000000004,0.6150159002720726,0.44530128532072893,0.22982834897820056,0.6299229046399608,0.5297650374686421
70,0.9,0.9,0.08999999999999998,0.7284159002720727,0.25090128532072886,0.06242834897820052,0.6756339046399609,0.6470995796295347
71,0.1,0.2,0.08000000000000002,0.7071297004795469,0.2814025536157255,0.033633221243078326,0.6487201558137508,0.5702665011272687
71,0.1,0.6,0.04000000000000001,0.7239297004795469,0.2526025536157255,0.008833221243078324,0.6554921558137508,0.6164427975216846
71,0.1,0.9,0.009999999999999998,0.7365297004795469,0.23100255361572553,0.0,0.6605711558137507,0.6511887894174966
71,0.3,0.2,0.24,0.6518046095547945,0.36589221957533263,0.1703465706798316,0.6403152261499466,0.5303011896436371
71,0.3,0.6,0.12,0.7022046095547945,0.2794922195753326,0.09594657067983162,0.6606312261499466,0.6039872399277951
71,0.3,0.9,0.029999999999999992,0.7400046095547945,0.21469221957533263,0.040146570679831614,0.6758682261499468,0.6602757040409137
71,0.5,0.2,0.4,0.6063921790548192,0.47942466028564434,0.275577556461703,0.610064774831941,0.47476871067361964
71,0.5,0.6,0.2,0.6903921790548193,0.3354246602856443,0.15157755646170304,0.643924774831941,0.573442616262864
71,0.5,0.9,0.04999999999999999,0.7533921790548193,0.22742466028564434,0.058577556461703026,0.6693197748319409,0.650292285454797
71,0.7,0.2,0.5599999999999999,0.5129200112824502,0.6259138992331741,0.33006413612207497,0.5437773233384866,0.3970791481956114
71,0.7,0.6,0.27999999999999997,0.6305200112824503,0.42431389923317403,0.15646413612207496,0.5911813233384866,0.5152697179667398
71,0.7,0.9,0.06999999999999998,0.7187200112824502,0.2731138992331741,0.026264136122074986,0.6267343233384866,0.6094873556950862
71,0.9,0.2,0.7200000000000001,0.46800399899066153,0.7239094284978561,0.4645481789592216,0.5510984733595206,0.37399356829434455
71,0.9,0.6,0.36000000000000004,0.6192039989906616,0.46470942849785596,0.2413481789592216,0.6120464733595207,0.5160931428253615
71,0.9,0.9,0.08999999999999998,0.7326039989906616,0.2703094284978559,0.07394817895922154,0.6577574733595207,0.631883161323624
72,0.1,0.2,0.08000000000000002,0.7280532883185096,0.29130917237672577,0.02519059363811146,0.6726966132589485,0.5907519863684456
72,0.1,0.6,0.04000000000000001,0.7448532883185095,0.2625091723767257,0.00039059363811145414,0.6794686132589484,0.63723518141816
72,0.1,0.9,0.009999999999999998,0.7574532883185096,0.24090917237672574,0.0,0.6845476132589485,0.6722113473054461
72,0.3,0.2,0.24,0.6872341580215121,0.36760247102544025,0.13755253655607916,0.646598407112967,0.5353478405931351
72,0.3,0.6,0.12,0.7376341580215121,0.2812024710254402,0.06315253655607918,0.6669144071129669,0.609275165026273
72,0.3,0.9,0.029999999999999992,0.7754341580215122,0.21640247102544025,0.007352536556079174,0.6821514071129671,0.6657445847511265
72,0.5,0.2,0.4,0.5833516186183245,0.47677168874407894,0.25099463622603085,0.5936664240465739,0.46243715088302356
72,0.5,0.6,0.2,0.6673516186183246,0.3327716887440789,0.12699463622603085,0.627526424046574,0.5600615620220044
72,0.5,0.9,0.04999999999999999,0.7303516186183245,0.22477168874407893,0.033994636226030855,0.6529214240465739,0.6361241103762398
72,0.7,0.2,0.5599999999999999,0.4972229926130179,0.618876810574954,0.36092521678162953,0.5603930005796597,0.4087234148062255
72,0.7,0.6,0.27999999999999997,0.6148229926130179,0.417276810574954,0.18732521678162956,0.6077970005796597,0.528402749258163
72,0.7,0.9,0.06999999999999998,0.7030229926130178,0.2660768105749541,0.05712521678162957,0.6433500005796596,0.6237369604971161
72,0.9,0.2,0.7200000000000001,0.4517310838328865,0.7053686903769606,0.46072050299160455,0.540597220069239,0.3671719541569777
72,0.9,0.6,0.36000000000000004,0.6029310838328865,0.4461686903769605,0.23752050299160454,0.6015452200692389,0.508061784308954
72,0.9,0.9,0.08999999999999998,0.7163310838328866,0.2517686903769604,0.0701205029916045,0.647256220069239,0.6229444945229363
73,0.1,0.2,0.08000000000000002,0.7487745404768336,0.2927212449183788,0.03571101429365428,0.6690495635669235,0.5876359471115794
73,0.1,0.6,0.04000000000000001,0.7655745404768335,0.26392124491837876,0.010911014293654278,0.6758215635669234,0.634072459925236
73,0.1,0.9,0.009999999999999998,0.7781745404768335,0.24232124491837878,0.0,0.6809005635669234,0.6690136141354786
73,0.3,0.2,0.24,0.6353980125328266,0.3453944537232288,0.15504380503358278,0.6211749276776354,0.5149277019106767
73,0.3,0.6,0.12,0.6857980125328266,0.25899445372322877,0.08064380503358279,0.6414909276776355,0.5878787647334981
73,0.3,0.9,0.029999999999999992,0.7235980125328266,0.19419445372322883,0.024843805033582793,0.6567279276776354,0.6436159882506138
73,0.5,0.2,0.4,0.6008357372557243,0.4736834243256605,0.2504574936650505,0.5972686148843729,0.46514599839304843
73,0.5,0.6,0.2,0.6848357372557243,0.3296834243256605,0.12645749366505046,0.631128614884373,0.5630009497456484
73,0.5,0.9,0.04999999999999999,0.7478357372557243,0.22168342432566052,0.03345749366505047,0.6565236148843728,0.6392364032600981
73,0.7,0.2,0.5599999999999999,0.4841759707858845,0.58151149251798,0.35484388483129026,0.5516541019315767,0.40259919463364896
73,0.7,0.6,0.27999999999999997,0.6017759707858845,0.37991149251797995,0.18124388483129025,0.5990581019315767,0.5214955237667183
73,0.7,0.9,0.06999999999999998,0.6899759707858845,0.22871149251798,0.05104388483129027,0.6346111019315767,0.6162424810165201
73,0.9,0.2,0.7200000000000001,0.4637644736109688,0.7063709171094906,0.45886494194047156,0.5494312536271834,0.3729105423562183
73,0.9,0.6,0.36000000000000004,0.6149644736109687,0.4471709171094905,0.2356649419404715,0.6103792536271834,0.5148180531740699
73,0.9,0.9,0.08999999999999998,0.7283644736109688,0.2527709171094904,0.06826494194047145,0.6560902536271834,0.6304640238874586
74,0.1,0.2,0.08000000000000002,0.7764139738553224,0.217003102298426,0.06761250865444834,0.6505029597067652,0.5717897287734602
74,0.1,0.6,0.04000000000000001,0.7932139738553223,0.18820310229842596,0.042812508654448335,0.6572749597067652,0.6179888450577068
74,0.1,0.9,0.009999999999999998,0.8058139738553224,0.16660310229842595,0.02421250865444833,0.6623539597067652,0.6527519518708917
74,0.3,0.2,0.24,0.6643713860428834,0.37533318053091624,0.1667065730045373,0.6717703232843594,0.5555659236619975
74,0.3,0.6,0.12,0.7147713860428834,0.2889331805309162,0.09230657300453732,0.6920863232843594,0.6304598496761169
74,0.3,0.9,0.029999999999999992,0.7525713860428834,0.22413318053091624,0.036506573004537315,0.7073233232843594,0.6876542205867064
74,0.5,0.2,0.4,0.5915970086485692,0.4679103048417135,0.23454920403244037,0.6551605384980775,0.5086807249505543
74,0.5,0.6,0.2,0.6755970086485693,0.32391030484171346,0.11054920403244038,0.6890205384980775,0.6102407594144313
74,0.5,0.9,0.04999999999999999,0.7385970086485693,0.21591030484171347,0.017549204032440376,0.7144155384980775,0.6892550252623388
74,0.7,0.2,0.5599999999999999,0.5248886236470626,0.6289191517712427,0.33818460086304925,0.560979949101758,0.409134748330512
74,0.7,0.6,0.27999999999999997,0.6424886236470626,0.42731915177124274,0.1645846008630493,0.608383949101758,0.5288666733700295
74,0.7,0.9,0.06999999999999998,0.7306886236470626,0.2761191517712428,0.0343846008630493,0.6439369491017579,0.6242403275496675
74,0.9,0.2,0.7200000000000001,0.4508402850409401,0.730927498264513,0.4423465927310108,0.5624077465732964,0.38134007217401333
74,0.9,0.6,0.36000000000000004,0.6020402850409401,0.4717274982645129,0.21914659273101073,0.6233557465732964,0.5247424749792571
74,0.9,0.9,0.08999999999999998,0.7154402850409401,0.2773274982645128,0.05174659273101069,0.6690667465732963,0.6415096146831898
75,0.1,0.2,0.08000000000000002,0.7267213934116367,0.2696070957666621,0.03489153369101832,0.6561565663552872,0.5766201702939574
75,0.1,0.6,0.04000000000000001,0.7435213934116366,0.24080709576666207,0.010091533691018315,0.6629285663552872,0.622891652743305
75,0.1,0.9,0.009999999999999998,0.7561213934116366,0.21920709576666209,0.0,0.6680075663552871,0.6577090341803158
75,0.3,0.2,0.24,0.6612027151768324,0.37836630926306486,0.15474080752421593,0.6204212508682956,0.514322348697415
75,0.3,0.6,0.12,0.7116027151768324,0.2919663092630648,0.08034080752421592,0.6407372508682955,0.5872444703307576
75,0.3,0.9,0.029999999999999992,0.7494027151768324,0.2271663092630649,0.024540807524215925,0.6559742508682955,0.6429599879557644
75,0.5,0.2,0.4,0.6117174461434558,0.47634721417768094,0.24157192867732005,0.626485801566819,0.4871173227782479
75,0.5,0.6,0.2,0.6957174461434559,0.3323472141776809,0.11757192867732005,0.660345801566819,0.5868421740785243
75,0.5,0.9,0.04999999999999999,0.7587174461434558,0.22434721417768094,0.024571928677320047,0.685740801566819,0.6644800525537315
75,0.7,0.2,0.5599999999999999,0.5338778820903948,0.6287694051592725,0.32518680391821825,0.6336900784307117,0.46009000696424274
75,0.7,0.6,0.27999999999999997,0.6514778820903948,0.4271694051592725,0.15158680391821824,0.6810940784307117,0.5863367595916346
75,0.7,0.9,0.06999999999999998,0.7396778820903948,0.27596940515927254,0.021386803918218265,0.7166470784307116,0.6865965344621783
75,0.9,0.2,0.7200000000000001,0.45501144384001035,0.7269946751767221,0.4243669673630903,0.5714980101410405,0.3872451073876199
75,0.9,0.6,0.36000000000000004,0.6062114438400104,0.467794675176722,0.2011669673630903,0.6324460101410404,0.5316947085558678
75,0.9,0.9,0.08999999999999998,0.7196114438400104,0.27339467517672195,0.03376696736309025,0.6781570101410405,0.6492472470320536
76,0.1,0.2,0.08000000000000002,0.7354847846752843,0.2798213120320814,0.04573302031382203,0.6595772613704551,0.5795428121149169
76,0.1,0.6,0.04000000000000001,0.7522847846752843,0.25102131203208133,0.020933020313822024,0.666349261370455,0.6258580794604586
76,0.1,0.9,0.009999999999999998,0.7648847846752843,0.22942131203208133,0.0023330203138220156,0.6714282613704551,0.660708299569615
76,0.3,0.2,0.24,0.6464409942988225,0.40396353768773535,0.17749183303505853,0.649960139252396,0.5380479838475245
76,0.3,0.6,0.12,0.6968409942988225,0.3175635376877353,0.10309183303505855,0.6702761392523959,0.6121043987948165
76,0.3,0.9,0.029999999999999992,0.7346409942988226,0.25276353768773535,0.047291833035058545,0.6855131392523961,0.6686706364052857
76,0.5,0.2,0.4,0.5863023832209734,0.48790974892440503,0.2266678416613132,0.6210949544018263,0.48306340571017337
76,0.5,0.6,0.2,0.6703023832209735,0.343909748924405,0.10266784166131321,0.6549549544018263,0.5824432427918903
76,0.5,0.9,0.04999999999999999,0.7333023832209734,0.235909748924405,0.009667841661313199,0.6803499544018263,0.6598223606031779
76,0.7,0.2,0.5599999999999999,0.530961341867855,0.5814864300297685,0.32491439052880966,0.5920678791873695,0.4309211697345085
76,0.7,0.6,0.27999999999999997,0.6485613418678551,0.3798864300297685,0.1513143905288097,0.6394718791873695,0.5534385733096969
76,0.7,0.9,0.06999999999999998,0.736761341867855,0.22868643002976854,0.02111439052880972,0.6750248791873694,0.650901336391088
76,0.9,0.2,0.7200000000000001,0.47309857078384043,0.7060543543654519,0.4569792113052176,0.5479791759132078,0.3719672726732198
76,0.9,0.6,0.36000000000000004,0.6242985707838404,0.44685435436545184,0.2337792113052176,0.6089271759132078,0.5137075041384214
76,0.9,0.9,0.08999999999999998,0.7376985707838405,0.25245435436545177,0.06637921130521755,0.6546381759132078,0.6292280153373224
77,0.1,0.2,0.08000000000000002,0.7324969518690743,0.2408771837480599,0.049473678962677015,0.616650823051693,0.5428664632153666
77,0.1,0.6,0.04000000000000001,0.7492969518690742,0.21207718374805984,0.024673678962677005,0.623422823051693,0.5886322721504282
77,0.1,0.9,0.009999999999999998,0.7618969518690742,0.19047718374805986,0.006073678962676999,0.6285018230516931,0.6230703984517245
77,0.3,0.2,0.24,0.661830894459029,0.37052463924058326,0.13555917882769417,0.6287409293844489,0.5210047144815894
77,0.3,0.6,0.12,0.712230894459029,0.28412463924058323,0.061159178827694186,0.6490569293844489,0.5942463117699522
77,0.3,0.9,0.029999999999999992,0.750030894459029,0.21932463924058326,0.005359178827694183,0.6642939293844489,0.6502014361362243
77,0.5,0.2,0.4,0.5733302202649946,0.4784642774474713,0.26274797701593267,0.6052830039042983,0.47117281893603236
77,0.5,0.6,0.2,0.6573302202649947,0.33446427744747126,0.1387479770159327,0.6391430039042985,0.5695406911859077
77,0.5,0.9,0.04999999999999999,0.7203302202649946,0.22646427744747125,0.04574797701593268,0.6645380039042984,0.6461608353733139
77,0.7,0.2,0.5599999999999999,0.4968115629457194,0.6154966678209519,0.3458721835602145,0.5638104489893118,0.4111183626517097
77,0.7,0.6,0.27999999999999997,0.6144115629457194,0.41389666782095197,0.1722721835602145,0.6112144489893118,0.5311039004811521
77,0.7,0.9,0.06999999999999998,0.7026115629457194,0.262696667820952,0.04207218356021452,0.6467674489893117,0.6266677642532337
77,0.9,0.2,0.7200000000000001,0.466540351969187,0.7119672628917305,0.40849293545911536,0.5683016562650732,0.38516875590979155
77,0.9,0.6,0.36000000000000004,0.617740351969187,0.45276726289173047,0.1852929354591153,0.6292496562650732,0.529250137111528
77,0.9,0.9,0.08999999999999998,0.731140351969187,0.2583672628917304,0.01789293545911526,0.6749606562650732,0.6465265106128302
78,0.1,0.2,0.08000000000000002,0.7183255052999222,0.2773071921543247,0.05773392967617877,0.6666642316864952,0.5855979195529416
78,0.1,0.6,0.04000000000000001,0.7351255052999222,0.24850719215432465,0.03293392967617876,0.673436231686495,0.6320039001185285
78,0.1,0.9,0.009999999999999998,0.7477255052999222,0.22690719215432467,0.014333929676178752,0.6785152316864952,0.6669221551427189
78,0.3,0.2,0.24,0.657150658332637,0.37638840892023107,0.17065706915753212,0.6287235786972579,0.5209907784096376
78,0.3,0.6,0.12,0.707550658332637,0.28998840892023103,0.09625706915753213,0.6490395786972578,0.5942317094316122
78,0.3,0.9,0.029999999999999992,0.745350658332637,0.22518840892023106,0.040457069157532125,0.6642765786972579,0.6501863340980933
78,0.5,0.2,0.4,0.5745048171127682,0.4808969656722677,0.253587915680291,0.6226408570411981,0.484225924494981
78,0.5,0.6,0.2,0.6585048171127683,0.3368969656722677,0.129587915680291,0.6565008570411982,0.5837046993456179
78,0.5,0.9,0.04999999999999999,0.7215048171127683,0.2288969656722677,0.036587915680290975,0.6818958570411982,0.6611580204835952
78,0.7,0.2,0.5599999999999999,0.5254464311928769,0.598205339579208,0.3544420034183011,0.599026613068775,0.43579785043859753
78,0.7,0.6,0.27999999999999997,0.643046431192877,0.396605339579208,0.18084200341830117,0.646430613068775,0.5589387565695598
78,0.7,0.9,0.06999999999999998,0.7312464311928769,0.24540533957920804,0.050642003418301176,0.681983613068775,0.6568691465677814
78,0.9,0.2,0.7200000000000001,0.4687733963196025,0.7326845436896129,0.4544809335928547,0.539140649805198,0.36622576611345664
78,0.9,0.6,0.36000000000000004,0.6199733963196025,0.4734845436896128,0.23128093359285468,0.6000886498051982,0.5069477993710156
78,0.9,0.9,0.08999999999999998,0.7333733963196025,0.2790845436896127,0.06388093359285461,0.6457996498051981,0.6217046619141846
79,0.1,0.2,0.08000000000000002,0.7439445332126294,0.2507840819565723,0.06492759416319993,0.6773002292585936,0.5946853158785423
79,0.1,0.6,0.04000000000000001,0.7607445332126294,0.2219840819565723,0.04012759416319993,0.6840722292585936,0.6412274372130523
79,0.1,0.9,0.009999999999999998,0.7733445332126294,0.2003840819565723,0.021527594163199916,0.6891512292585936,0.676247797813935
79,0.3,0.2,0.24,0.6208139028459707,0.3811417629161649,0.1445843705561295,0.6335055745122988,0.5248316774482784
79,0.3,0.6,0.12,0.6712139028459707,0.2947417629161649,0.07018437055612949,0.6538215745122987,0.5982562371095507
79,0.3,0.9,0.029999999999999992,0.7090139028459708,0.22994176291616492,0.01438437055612949,0.6690585745122988,0.6543485832555049
79,0.5,0.2,0.4,0.5909072613203957,0.5154084176877511,0.25420187060122307,0.5989492173430547,0.4664098114419772
79,0.5,0.6,0.2,0.6749072613203958,0.37140841768775107,0.13020187060122304,0.6328092173430547,0.5643723213519327
79,0.5,0.9,0.04999999999999999,0.7379072613203957,0.2634084176877511,0.03720187060122304,0.6582042173430547,0.6406884437843992
79,0.7,0.2,0.5599999999999999,0.544314534425706,0.5953462576383869,0.3480820084363814,0.5874669387922066,0.42769683070557835
79,0.7,0.6,0.27999999999999997,0.661914534425706,0.3937462576383869,0.17448200843638137,0.6348709387922066,0.5498019900213601
79,0.7,0.9,0.06999999999999998,0.750114534425706,0.24254625763838694,0.044282008436381394,0.6704239387922065,0.6469555699081964
79,0.9,0.2,0.7200000000000001,0.45442877234321727,0.7236095126930424,0.46537013654527604,0.5583126599180465,0.37867990388276296
79,0.9,0.6,0.36000000000000004,0.6056287723432172,0.46440951269304226,0.242170136545276,0.6192606599180465,0.521610552705322
79,0.9,0.9,0.08999999999999998,0.7190287723432173,0.2700095126930422,0.07477013654527594,0.6649716599180466,0.6380238769222413
80,0.1,0.2,0.08000000000000002,0.7304363319304161,0.25865584478617665,0.03583916051546635,0.6664383088684814,0.5854048910972306
80,0.1,0.6,0.04000000000000001,0.747236331930416,0.22985584478617657,0.011039160515466348,0.6732103088684813,0.631807979850747
80,0.1,0.9,0.009999999999999998,0.7598363319304161,0.2082558447861766,0.0,0.6782893088684814,0.6667240660158844
80,0.3,0.2,0.24,0.6678014970434297,0.40828330168849913,0.12872588879642746,0.6404205657962163,0.530385798447521
80,0.3,0.6,0.12,0.7182014970434297,0.3218833016884991,0.05432588879642747,0.6607365657962163,0.6040758937740957
80,0.3,0.9,0.029999999999999992,0.7560014970434298,0.25708330168849913,0.0,0.6759735657962164,0.6603673916690267
80,0.5,0.2,0.4,0.60473153087364,0.4802929599957501,0.24520132677014547,0.6133541024066332,0.4772422850097882
80,0.5,0.6,0.2,0.68873153087364,0.3362929599957501,0.12120132677014547,0.6472141024066334,0.5761267075638129
80,0.5,0.9,0.04999999999999999,0.75173153087364,0.2282929599957501,0.028201326770145464,0.6726091024066333,0.6531342644793312
80,0.7,0.2,0.5599999999999999,0.5152635909837188,0.6358145864802779,0.3520499410283644,0.5522671897288194,0.40302884656195664
80,0.7,0.6,0.27999999999999997,0.6328635909837188,0.4342145864802779,0.17844994102836442,0.5996711897288195,0.521980108361659
80,0.7,0.9,0.06999999999999998,0.7210635909837187,0.28301458648027794,0.04824994102836442,0.6352241897288196,0.6167682651114357
80,0.9,0.2,0.7200000000000001,0.46990366345235923,0.7226713748975779,0.40982918842618127,0.5391138316114354,0.36620834501478844
80,0.9,0.6,0.36000000000000004,0.6211036634523592,0.46347137489757784,0.18662918842618126,0.6000618316114354,0.5069272888164259
80,0.9,0.9,0.08999999999999998,0.7345036634523593,0.26907137489757776,0.019229188426181196,0.6457728316114355,0.6216818342676538
81,0.1,0.2,0.08000000000000002,0.7438074399368827,0.2693726933609911,0.048916850255110125,0.6542938470188199,0.5750286628928798
81,0.1,0.6,0.04000000000000001,0.7606074399368826,0.24057269336099105,0.024116850255110116,0.6610658470188199,0.6212763025347207
81,0.1,0.9,0.009999999999999998,0.7732074399368827,0.21897269336099107,0.005516850255110109,0.6661448470188199,0.6560758018661013
81,0.3,0.2,0.24,0.6574861339702915,0.35792535067495024,0.15591599214439583,0.6566026536353797,0.543383251399937
81,0.3,0.6,0.12,0.7078861339702915,0.2715253506749502,0.08151599214439584,0.6769186536353797,0.6176947388995356
81,0.3,0.9,0.029999999999999992,0.7456861339702916,0.20672535067495024,0.02571599214439584,0.6921556536353798,0.6744522809242346
81,0.5,0.2,0.4,0.5798138770138785,0.44783961575516995,0.27415464995594446,0.6229428339584486,0.4844530111367534
81,0.5,0.6,0.2,0.6638138770138786,0.30383961575516993,0.15015464995594446,0.6568028339584486,0.5839511125100941
81,0.5,0.9,0.04999999999999999,0.7268138770138786,0.19583961575516995,0.05715464995594446,0.6821978339584487,0.6614189285400998
81,0.7,0.2,0.5599999999999999,0.5177981873747317,0.6106500779083645,0.3044869968999588,0.5666370432706423,0.41309923992406616
81,0.7,0.6,0.27999999999999997,0.6353981873747317,0.40905007790836445,0.1308869968999588,0.6140410432706424,0.5333380406011157
81,0.7,0.9,0.06999999999999998,0.7235981873747317,0.2578500779083645,0.000686996899958825,0.6495940432706424,0.629091851508903
81,0.9,0.2,0.7200000000000001,0.4924156333763068,0.7087522659092106,0.45994876686529523,0.563923652481325,0.38232480465186874
81,0.9,0.6,0.36000000000000004,0.6436156333763068,0.4495522659092105,0.23674876686529517,0.624871652481325,0.5259018398177174
81,0.9,0.9,0.08999999999999998,0.7570156333763068,0.2551522659092104,0.06934876686529512,0.6705826524813251,0.6427999537921039
82,0.1,0.2,0.08000000000000002,0.7069134396290081,0.27016290394007836,0.02928908813605534,0.6549068164121332,0.5755523839425266
82,0.1,0.6,0.04000000000000001,0.723713439629008,0.24136290394007834,0.004489088136055332,0.661678816412133,0.6218078695926018
82,0.1,0.9,0.009999999999999998,0.7363134396290081,0.21976290394007836,0.0,0.6667578164121332,0.6566132534301583
82,0.3,0.2,0.24,0.6716496888222069,0.3790206197826425,0.12676083476629865,0.623480548237981,0.5167795763447464
82,0.3,0.6,0.12,0.7220496888222069,0.2926206197826425,0.05236083476629866,0.6437965482379809,0.5898191749970848
82,0.3,0.9,0.029999999999999992,0.7598496888222069,0.2278206197826425,0.0,0.6590335482379811,0.6456228003863389
82,0.5,0.2,0.4,0.5901299906252979,0.4919762550554201,0.257213032337952,0.5992266917938887,0.46661847222900427
82,0.5,0.6,0.2,0.674129990625298,0.34797625505542007,0.133213032337952,0.6330866917938887,0.5645987405038132
82,0.5,0.9,0.04999999999999999,0.7371299906252979,0.23997625505542006,0.040213032337952,0.6584816917938887,0.6409281817099199
82,0.7,0.2,0.5599999999999999,0.5054720233944053,0.6088486337699087,0.3787277893920142,0.5740195597652267,0.41827290748347085
82,0.7,0.6,0.27999999999999997,0.6230720233944054,0.4072486337699087,0.2051277893920142,0.6214235597652268,0.5391731816384353
82,0.7,0.9,0.06999999999999998,0.7112720233944053,0.2560486337699088,0.07492778939201422,0.6569765597652267,0.6354230976546584
82,0.9,0.2,0.7200000000000001,0.455495394312784,0.7153135878392229,0.4625663473021401,0.5140021046231036,0.34989576716316806
82,0.9,0.6,0.36000000000000004,0.6066953943127841,0.4561135878392228,0.23936634730214001,0.5749501046231036,0.48772184001574964
82,0.9,0.9,0.08999999999999998,0.7200953943127841,0.2617135878392227,0.07196634730213998,0.6206611046231036,0.6003067322551858
83,0.1,0.2,0.08000000000000002,0.7384172314684939,0.2798937171835306,0.030556197277199156,0.658170836720526,0.5783411628940175
83,0.1,0.6,0.04000000000000001,0.7552172314684938,0.2510937171835306,0.00575619727719915,0.664942836720526,0.6246384280040401
83,0.1,0.9,0.009999999999999998,0.7678172314684939,0.2294937171835306,0.0,0.6700218367205261,0.6594751464365574
83,0.3,0.2,0.24,0.6334593668093311,0.3973435265751352,0.15249916029595537,0.6166736171065652,0.5113122492599932
83,0.3,0.6,0.12,0.6838593668093311,0.3109435265751352,0.07809916029595536,0.6369896171065651,0.5840904617568853
83,0.3,0.9,0.029999999999999992,0.7216593668093312,0.24614352657513522,0.022299160295955363,0.6522266171065652,0.6396980475295544
83,0.5,0.2,0.4,0.6017212516917677,0.4614794002165868,0.2681179152669168,0.6404427090285283,0.4976129171894533
83,0.5,0.6,0.2,0.6857212516917678,0.31747940021658677,0.1441179152669168,0.6743027090285283,0.5982310105672791
83,0.5,0.9,0.04999999999999999,0.7487212516917677,0.20947940021658681,0.051117915266916794,0.6996977090285282,0.6765388206006484
83,0.7,0.2,0.5599999999999999,0.5100710567741724,0.6086710809783895,0.3727190827617838,0.5933512569277285,0.43182056085495213
83,0.7,0.6,0.27999999999999997,0.6276710567741725,0.4070710809783895,0.1991190827617838,0.6407552569277285,0.5544529550756766
83,0.7,0.9,0.06999999999999998,0.7158710567741724,0.25587108097838956,0.06891908276178382,0.6763082569277284,0.65200196114122
83,0.9,0.2,0.7200000000000001,0.4620229462487209,0.709177568144555,0.46295137448781665,0.5580654274062911,0.37851930164312664
83,0.9,0.6,0.36000000000000004,0.613222946248721,0.4499775681445549,0.2397513744878166,0.6190134274062911,0.5214214692803314
83,0.9,0.9,0.08999999999999998,0.726622946248721,0.25557756814455485,0.07235137448781657,0.6647244274062911,0.637813432608235
84,0.1,0.2,0.08000000000000002,0.7121203062990681,0.2624001766824297,0.027700629730899158,0.6402157445225175,0.563000332120039
84,0.1,0.6,0.04000000000000001,0.728920306299068,0.23360017668242963,0.002900629730899152,0.6469877445225175,0.6090677720499272
84,0.1,0.9,0.009999999999999998,0.7415203062990681,0.21200017668242965,0.0,0.6520667445225176,0.6437321215973435
84,0.3,0.2,0.24,0.6431781561148094,0.36946502219755073,0.13281464976253127,0.6126528950705251,0.5080828053206458
84,0.3,0.6,0.12,0.6935781561148094,0.2830650221975507,0.05841464976253127,0.632968895070525,0.5807066220913539
84,0.3,0.9,0.029999999999999992,0.7313781561148095,0.2182650221975507,0.002614649762531278,0.6482058950705251,0.636198411069385
84,0.5,0.2,0.4,0.5740604044736402,0.4892953187944157,0.23666344961477134,0.5859721683550694,0.4566510706030122
84,0.5,0.6,0.2,0.6580604044736402,0.34529531879441566,0.11266344961477136,0.6198321683550694,0.5537830493777367
84,0.5,0.9,0.04999999999999999,0.7210604044736402,0.23729531879441568,0.019663449614771348,0.6452271683550693,0.62947627345878
84,0.7,0.2,0.5599999999999999,0.5133697135634004,0.6108044544834645,0.34642013245234404,0.5511877469807203,0.40227237308408875
84,0.7,0.6,0.27999999999999997,0.6309697135634005,0.4092044544834645,0.17282013245234407,0.5985917469807203,0.5211269168135613
84,0.7,0.9,0.06999999999999998,0.7191697135634004,0.25800445448346454,0.042620132452344084,0.6341447469807203,0.6158425350106658
84,0.9,0.2,0.7200000000000001,0.470442940211556,0.7291521887849173,0.43544274077320605,0.5716242951605925,0.3873271421363209
84,0.9,0.6,0.36000000000000004,0.6216429402115561,0.4699521887849172,0.21224274077320604,0.6325722951605925,0.5317912913388212
84,0.9,0.9,0.08999999999999998,0.7350429402115561,0.2755521887849171,0.044842740773205984,0.6782832951605926,0.6493547408406963
85,0.1,0.2,0.08000000000000002,0.735545112685014,0.23708993592418345,0.04034332835703071,0.6524338011207075,0.5734394396775325
85,0.1,0.6,0.04000000000000001,0.7523451126850139,0.2082899359241834,0.015543328357030706,0.6592058011207075,0.6196632707318775
85,0.1,0.9,0.009999999999999998,0.764945112685014,0.18668993592418343,0.0,0.6642848011207075,0.6544449136226365
85,0.3,0.2,0.24,0.6552226652107556,0.36604317179896995,0.14652389047713849,0.6473024250509022,0.5359133078008846
85,0.3,0.6,0.12,0.7056226652107556,0.2796431717989699,0.07212389047713849,0.6676184250509021,0.6098676665228392
85,0.3,0.9,0.029999999999999992,0.7434226652107556,0.21484317179896997,0.016323890477138496,0.6828554250509022,0.6663573619643053
85,0.5,0.2,0.4,0.5864470204162896,0.48468782651638614,0.259896939143883,0.6016897914140096,0.4684707231433352
85,0.5,0.6,0.2,0.6704470204162897,0.3406878265163861,0.135896939143883,0.6355497914140095,0.5666086297938318
85,0.5,0.9,0.04999999999999999,0.7334470204162896,0.23268782651638611,0.042896939143883,0.6609447914140095,0.6430562997817042
85,0.7,0.2,0.5599999999999999,0.516691707689311,0.6086535095738018,0.36857820588472234,0.5949840837170861,0.43296484586893397
85,0.7,0.6,0.27999999999999997,0.6342917076893111,0.40705350957380176,0.19497820588472234,0.6423880837170861,0.5557435413699849
85,0.7,0.9,0.06999999999999998,0.722491707689311,0.2558535095738018,0.06477820588472236,0.6779410837170862,0.6534022733957732
85,0.9,0.2,0.7200000000000001,0.4688991490153025,0.7019684852434062,0.45853644067738875,0.5755735463944803,0.3898925757378544
85,0.9,0.6,0.36000000000000004,0.6200991490153025,0.442768485243406,0.23533644067738868,0.6365215463944803,0.5348116786824986
85,0.9,0.9,0.08999999999999998,0.7334991490153026,0.24836848524340596,0.06793644067738865,0.6822325463944803,0.6527163434909815
86,0.1,0.2,0.08000000000000002,0.689098926465546,0.23040028559484763,0.03894537686686205,0.638377185717289,0.5614294674768517
86,0.1,0.6,0.04000000000000001,0.705898926465546,0.20160028559484758,0.014145376866862043,0.6451491857172889,0.6074733738540329
86,0.1,0.9,0.009999999999999998,0.718498926465546,0.1800002855948476,0.0,0.6502281857172889,0.642120073236919
86,0.3,0.2,0.24,0.6785651996078427,0.3765084206859266,0.14180404235235153,0.6404298052334857,0.5303932195635357
86,0.3,0.6,0.12,0.7289651996078427,0.29010842068592657,0.06740404235235153,0.6607458052334856,0.6040836696845016
86,0.3,0.9,0.029999999999999992,0.7667651996078427,0.22530842068592657,0.011604042352351528,0.6759828052334856,0.6603754336752259
86,0.5,0.2,0.4,0.5798047295521437,0.4911525566179146,0.22076059899375755,0.5987881680632692,0.46628870238357845
86,0.5,0.6,0.2,0.6638047295521438,0.3471525566179146,0.09676059899375754,0.6326481680632693,0.5642409051396278
86,0.5,0.9,0.04999999999999999,0.7268047295521437,0.23915255661791465,0.0037605989937575315,0.6580431680632691,0.6405492972066644
86,0.7,0.2,0.5599999999999999,0.49740533510291346,0.5993030852780704,0.34341400974633385,0.5992584191049135,0.4359603001087234
86,0.7,0.6,0.27999999999999997,0.6150053351029134,0.39770308527807036,0.16981400974633387,0.6466624191049135,0.5591219760605237
86,0.7,0.9,0.06999999999999998,0.7032053351029134,0.2465030852780704,0.039614009746333875,0.6822154191049136,0.6570679434243738
86,0.9,0.2,0.7200000000000001,0.4509665083837106,0.7216799587747191,0.4492159467573344,0.5442417333696666,0.36953942999693545
86,0.9,0.6,0.36000000000000004,0.6021665083837107,0.4624799587747191,0.22601594675733438,0.6051897333696666,0.510849108081121
86,0.9,0.9,0.08999999999999998,0.7155665083837107,0.268079958774719,0.05861594675733433,0.6509007333696667,0.6260467042442603
87,0.1,0.2,0.08000000000000002,0.7391397440656917,0.2565397265390302,0.06541763612152662,0.6471939033515368,0.5689624710235531
87,0.1,0.6,0.04000000000000001,0.7559397440656916,0.22773972653903016,0.04061763612152662,0.6539659033515368,0.6151192313864527
87,0.1,0.9,0.009999999999999998,0.7685397440656916,0.20613972653903018,0.02201763612152661,0.6590449033515369,0.6498505712586276
87,0.3,0.2,0.24,0.6589813170360677,0.38730743304945775,0.14618185969285596,0.6334094091004402,0.5247544373894736
87,0.3,0.6,0.12,0.7093813170360677,0.3009074330494577,0.07178185969285597,0.6537254091004401,0.5981753042989304
87,0.3,0.9,0.029999999999999992,0.7471813170360677,0.23610743304945775,0.015981859692855968,0.6689624091004401,0.6542648808810232
87,0.5,0.2,0.4,0.58677609930757,0.4790566804829665,0.22320166088821228,0.6172370976642998,0.4801622974435535
87,0.5,0.6,0.2,0.6707760993075701,0.3350566804829665,0.09920166088821228,0.6510970976642999,0.5792952316940688
87,0.5,0.9,0.04999999999999999,0.73377609930757,0.2270566804829665,0.006201660888212279,0.6764920976642997,0.656489172381955
87,0.7,0.2,0.5599999999999999,0.5492025811622449,0.6223667062120836,0.3149937131277353,0.5702638460543324,0.4156409033148762
87,0.7,0.6,0.27999999999999997,0.6668025811622449,0.42076670621208356,0.1413937131277353,0.6176678460543324,0.5362046655213444
87,0.7,0.9,0.06999999999999998,0.7550025811622448,0.2695667062120836,0.011193713127735302,0.6532208460543324,0.6322021975761956
87,0.9,0.2,0.7200000000000001,0.4062001806771441,0.7214004356560182,0.4466616987839357,0.5920238847396297,0.40057871552686347
87,0.9,0.6,0.36000000000000004,0.557400180677144,0.46220043565601804,0.22346169878393568,0.6529718847396296,0.5473928974488688
87,0.9,0.9,0.08999999999999998,0.6708001806771441,0.26780043565601797,0.056061698783935625,0.6986828847396297,0.6667188714903727
88,0.1,0.2,0.08000000000000002,0.7511883833994981,0.291535932377134,0.03598401402498123,0.6618442873199168,0.581479759086137
88,0.1,0.6,0.04000000000000001,0.767988383399498,0.26273593237713394,0.011184014024981223,0.6686162873199167,0.6278240443638318
88,0.1,0.9,0.009999999999999998,0.7805883833994981,0.24113593237713393,0.0,0.6736952873199168,0.662696027922103
88,0.3,0.2,0.24,0.6465738697394952,0.3697587030855715,0.14316479745249028,0.6497531001759126,0.537881690061293
88,0.3,0.6,0.12,0.6969738697394952,0.2833587030855715,0.06876479745249028,0.6700691001759126,0.6119301547080481
88,0.3,0.9,0.029999999999999992,0.7347738697394952,0.21855870308557152,0.012964797452490281,0.6853061001759128,0.6684904295931144
88,0.5,0.2,0.4,0.5660065012604206,0.48162277983992907,0.24818983873954648,0.6177167512979683,0.4805229969760722
88,0.5,0.6,0.2,0.6500065012604207,0.33762277983992905,0.12418983873954649,0.6515767512979683,0.5796866290591423
88,0.5,0.9,0.04999999999999999,0.7130065012604206,0.22962277983992904,0.031189838739546477,0.6769717512979683,0.6569035931214446
88,0.7,0.2,0.5599999999999999,0.5087496673442267,0.5928775549880404,0.33913663762142116,0.5715235073757754,0.4165236739689434
88,0.7,0.6,0.27999999999999997,0.6263496673442267,0.3912775549880404,0.1655366376214212,0.6189275073757754,0.5372003018298129
88,0.7,0.9,0.06999999999999998,0.7145496673442266,0.24007755498804048,0.03533663762142121,0.6544805073757755,0.6332824831254651
88,0.9,0.2,0.7200000000000001,0.42979128772082054,0.6668147413131781,0.48244890056864126,0.5409000991863979,0.36736870443148406
88,0.9,0.6,0.36000000000000004,0.5809912877208205,0.40761474131317804,0.2592489005686412,0.6018480991863979,0.5082934262577572
88,0.9,0.9,0.08999999999999998,0.6943912877208206,0.21321474131317794,0.09184890056864115,0.6475590991863979,0.6232023052274618
89,0.1,0.2,0.08000000000000002,0.73557575643813,0.26703687491664824,0.04866900520580336,0.6679602575266848,0.5867052440307995
89,0.1,0.6,0.04000000000000001,0.7523757564381299,0.2382368749166482,0.02386900520580336,0.6747322575266848,0.633127813727141
89,0.1,0.9,0.009999999999999998,0.76497575643813,0.2166368749166482,0.00526900520580335,0.6798112575266848,0.6680585105993972
89,0.3,0.2,0.24,0.6605001306613508,0.3765330356892488,0.13972471973148232,0.6440681992110764,0.5333155776063366
89,0.3,0.6,0.12,0.7109001306613508,0.29013303568924875,0.06532471973148234,0.6643841992110763,0.6071457420560419
89,0.3,0.9,0.029999999999999992,0.7487001306613509,0.22533303568924876,0.009524719731482336,0.6796211992110763,0.6635422917933209
89,0.5,0.2,0.4,0.5868560417334323,0.48942042006220177,0.2441895686833838,0.6046888355299834,0.47072600431854755
89,0.5,0.6,0.2,0.6708560417334324,0.34542042006220175,0.12018956868338379,0.6385488355299834,0.5690558497924666
89,0.5,0.9,0.04999999999999999,0.7338560417334323,0.23742042006220174,0.02718956868338379,0.6639438355299834,0.6456474738979057
89,0.7,0.2,0.5599999999999999,0.5357537546428793,0.6354018250265108,0.3600252717986632,0.5890806452198153,0.42882771617004656
89,0.7,0.6,0.27999999999999997,0.6533537546428794,0.43380182502651077,0.18642527179866325,0.6364846452198153,0.551077463581742
89,0.7,0.9,0.06999999999999998,0.7415537546428793,0.2826018250265108,0.05622527179866326,0.6720376452198152,0.6483394845405135
89,0.9,0.2,0.7200000000000001,0.4141949018430799,0.6830201959386376,0.46367444188466,0.5531213097947325,0.37530760284265824
89,0.9,0.6,0.36000000000000004,0.5653949018430798,0.42382019593863757,0.24047444188466,0.6140693097947325,0.5176402081310114
89,0.9,0.9,0.08999999999999998,0.6787949018430799,0.2294201959386375,0.07307444188465993,0.6597803097947325,0.6336049996972763
90,0.1,0.2,0.08000000000000002,0.7398747445615715,0.23515042033139796,0.04236567344926465,0.6762868936276126,0.5938195219154323
90,0.1,0.6,0.04000000000000001,0.7566747445615715,0.20635042033139792,0.017565673449264647,0.6830588936276126,0.6403486725538657
90,0.1,0.9,0.009999999999999998,0.7692747445615715,0.18475042033139794,0.0,0.6881378936276127,0.6753593051326909
90,0.3,0.2,0.24,0.6432132855884897,0.35347274192291955,0.13221300871537364,0.6697407291367646,0.5539357536426494
90,0.3,0.6,0.12,0.6936132855884897,0.2670727419229195,0.05781300871537365,0.6900567291367646,0.6287517432415012
90,0.3,0.9,0.029999999999999992,0.7314132855884897,0.20227274192291955,0.002013008715373653,0.7052937291367647,0.68588766184064
90,0.5,0.2,0.4,0.5606978318906882,0.48928474501754365,0.24640303228646201,0.6082733772314686,0.47342157967806436
90,0.5,0.6,0.2,0.6446978318906883,0.34528474501754364,0.12240303228646202,0.6421333772314687,0.5719808358208786
90,0.5,0.9,0.04999999999999999,0.7076978318906882,0.23728474501754365,0.029403032286462006,0.6675283772314687,0.6487445179279889
90,0.7,0.2,0.5599999999999999,0.5272382532651637,0.614533306850235,0.36626400653728064,0.5576873162730134,0.40682727124412776
90,0.7,0.6,0.27999999999999997,0.6448382532651638,0.41293330685023505,0.19266400653728064,0.6050913162730135,0.5262641763821899
90,0.7,0.9,0.06999999999999998,0.7330382532651637,0.2617333068502351,0.06246400653728065,0.6406443162730135,0.6214165656357364
90,0.9,0.2,0.7200000000000001,0.4781856319232576,0.6921273143782519,0.4381434034178361,0.5602695096656668,0.3799510734788171
90,0.9,0.6,0.36000000000000004,0.6293856319232576,0.4329273143782519,0.21494340341783608,0.6212175096656667,0.5231071513923019
90,0.9,0.9,0.08999999999999998,0.7427856319232576,0.2385273143782518,0.04754340341783602,0.6669285096656667,0.6396895474274156
91,0.1,0.2,0.08000000000000002,0.7348108032787494,0.29982779369911683,0.08079648462280534,0.6884586634241365,0.6042190820295823
91,0.1,0.6,0.04000000000000001,0.7516108032787493,0.2710277936991168,0.055996484622805334,0.6952306634241365,0.6509040313214112
91,0.1,0.9,0.009999999999999998,0.7642108032787494,0.24942779369911683,0.03739648462280533,0.7003096634241366,0.686031512890283
91,0.3,0.2,0.24,0.6181836542440485,0.3653448228121781,0.1400157083239246,0.6388709685578071,0.5291411619456307
91,0.3,0.6,0.12,0.6685836542440485,0.2789448228121781,0.0656157083239246,0.659186968557807,0.6027717527382505
91,0.3,0.9,0.029999999999999992,0.7063836542440486,0.2141448228121781,0.0098157083239246,0.6744239685578071,0.6590186222327152
91,0.5,0.2,0.4,0.5806115592013553,0.468491406776065,0.2471421324377177,0.6073180035453546,0.4727031386661067
91,0.5,0.6,0.2,0.6646115592013554,0.324491406776065,0.12314213243771772,0.6411780035453545,0.5712012508930093
91,0.5,0.9,0.04999999999999999,0.7276115592013553,0.216491406776065,0.03014213243771771,0.6665730035453545,0.6479190750631862
91,0.7,0.2,0.5599999999999999,0.53865173175426,0.5867984570625804,0.33171604567900503,0.6002612017352148,0.4366630501760385
91,0.7,0.6,0.27999999999999997,0.65625173175426,0.3851984570625804,0.15811604567900509,0.6476652017352148,0.5599145754515138
91,0.7,0.9,0.06999999999999998,0.7444517317542599,0.23399845706258046,0.027916045679005085,0.6832182017352147,0.6579279298081202
91,0.9,0.2,0.7200000000000001,0.4542602832730186,0.7219652908939563,0.4582920224273182,0.5312905336790982,0.36112633067794214
91,0.9,0.6,0.36000000000000004,0.6054602832730186,0.4627652908939562,0.23509202242731814,0.5922385336790982,0.5009440305577744
91,0.9,0.9,0.08999999999999998,0.7188602832730187,0.2683652908939561,0.06769202242731809,0.6379495336790981,0.6150226430676482
92,0.1,0.2,0.08000000000000002,0.7625090084300715,0.23457541850828628,0.04848951682452669,0.6413135323395236,0.563938282030889
92,0.1,0.6,0.04000000000000001,0.7793090084300714,0.20577541850828623,0.023689516824526687,0.6480855323395236,0.6100197736448348
92,0.1,0.9,0.009999999999999998,0.7919090084300715,0.18417541850828625,0.005089516824526679,0.6531645323395237,0.6446946619552945
92,0.3,0.2,0.24,0.6819609216759454,0.3745078769910868,0.15950184574611606,0.6279146783703038,0.5203410696670281
92,0.3,0.6,0.12,0.7323609216759454,0.28810787699108675,0.08510184574611607,0.6482306783703037,0.5935509389164476
92,0.3,0.9,0.029999999999999992,0.7701609216759454,0.22330787699108678,0.02930184574611607,0.6634676783703037,0.6494822672535123
92,0.5,0.2,0.4,0.5988214851754857,0.502970263556034,0.24043835125156182,0.6090019502946611,0.4739694666215852
92,0.5,0.6,0.2,0.6828214851754858,0.358970263556034,0.11643835125156181,0.642861950294661,0.5725753514404435
92,0.5,0.9,0.04999999999999999,0.7458214851754857,0.250970263556034,0.023438351251561806,0.668256950294661,0.6493740050545871
92,0.7,0.2,0.5599999999999999,0.527869642643971,0.6089728818588476,0.36699358543537614,0.5799954336586197,0.4224607999079607
92,0.7,0.6,0.27999999999999997,0.645469642643971,0.40737288185884757,0.19339358543537613,0.6273994336586197,0.543896512363773
92,0.7,0.9,0.06999999999999998,0.7336696426439709,0.2561728818588476,0.06319358543537615,0.6629524336586197,0.6405480071056322
92,0.9,0.2,0.7200000000000001,0.4393457805933071,0.7204543557418284,0.46099717133293827,0.5511666763945898,0.37403787298592556
92,0.9,0.6,0.36000000000000004,0.5905457805933071,0.4612543557418283,0.23779717133293826,0.6121146763945898,0.5161453045065824
92,0.9,0.9,0.08999999999999998,0.7039457805933071,0.26685435574182825,0.07039717133293821,0.6578256763945899,0.631941215747075
93,0.1,0.2,0.08000000000000002,0.7421827444654868,0.23462087974171364,0.045711838416519386,0.6629429428251503,0.5824184503498084
93,0.1,0.6,0.04000000000000001,0.7589827444654867,0.2058208797417136,0.020911838416519384,0.6697149428251502,0.6287767984179703
93,0.1,0.9,0.009999999999999998,0.7715827444654868,0.1842208797417136,0.0023118384165193755,0.6747939428251503,0.6636593290690918
93,0.3,0.2,0.24,0.6659649513060087,0.38808550530642744,0.14900679582739687,0.6436257138602228,0.532960173372531
93,0.3,0.6,0.12,0.7163649513060087,0.3016855053064274,0.07460679582739688,0.6639417138602227,0.6067733463847634
93,0.3,0.9,0.029999999999999992,0.7541649513060088,0.23688550530642744,0.01880679582739688,0.6791787138602228,0.6631571525439379
93,0.5,0.2,0.4,0.5832063625763322,0.4758479586818682,0.23843781185906293,0.5828624620463281,0.45431257145883874
93,0.5,0.6,0.2,0.6672063625763323,0.33184795868186817,0.11443781185906295,0.6167224620463282,0.5512455290298038
93,0.5,0.9,0.04999999999999999,0.7302063625763322,0.2238479586818682,0.02143781185906294,0.642117462046328,0.6267894872080275
93,0.7,0.2,0.5599999999999999,0.5185457067889078,0.6030387829662959,0.3716092709668974,0.5796513250339242,0.4222196485837741
93,0.7,0.6,0.27999999999999997,0.6361457067889078,0.4014387829662959,0.1980092709668974,0.6270553250339242,0.5436245289068138
93,0.7,0.9,0.06999999999999998,0.7243457067889078,0.250238782966296,0.06780927096689741,0.6626083250339242,0.6402528995490935
93,0.9,0.2,0.7200000000000001,0.4515471374489333,0.7295242388530908,0.46642095837711117,0.5475840195944999,0.3717105791285871
93,0.9,0.6,0.36000000000000004,0.6027471374489334,0.4703242388530907,0.24322095837711113,0.6085320195944999,0.5134052885858735
93,0.9,0.9,0.08999999999999998,0.7161471374489334,0.27592423885309064,0.07582095837711109,0.6542430195945,0.6288916582788384
94,0.1,0.2,0.08000000000000002,0.7310352695722278,0.26687909231969986,0.07394079273964622,0.7026737960035981,0.6163644913054743
94,0.1,0.6,0.04000000000000001,0.7478352695722277,0.23807909231969984,0.04914079273964622,0.709445796003598,0.6632313942943202
94,0.1,0.9,0.009999999999999998,0.7604352695722277,0.21647909231969986,0.030540792739646216,0.7145247960035982,0.6984953411359549
94,0.3,0.2,0.24,0.6594473195256015,0.35465970970005745,0.15955689412184776,0.6447175403191853,0.5338371283843696
94,0.3,0.6,0.12,0.7098473195256015,0.2682597097000574,0.08515689412184776,0.6650335403191852,0.6076922275326263
94,0.3,0.9,0.029999999999999992,0.7476473195256016,0.20345970970005742,0.02935689412184777,0.6802705403191852,0.6641074782938188
94,0.5,0.2,0.4,0.5902699181087391,0.4845596057891783,0.26984152702502234,0.5954963121166321,0.4638132267117074
94,0.5,0.6,0.2,0.6742699181087392,0.34055960578917827,0.14584152702502232,0.6293563121166322,0.561554750687172
94,0.5,0.9,0.04999999999999999,0.7372699181087391,0.2325596057891783,0.05284152702502232,0.6547513121166322,0.6377051336687702
94,0.7,0.2,0.5599999999999999,0.5410820552122861,0.6235337966964501,0.3067924058178338,0.5824350535776449,0.42417048554721354
94,0.7,0.6,0.27999999999999997,0.6586820552122862,0.42193379669645015,0.13319240581783381,0.6298390535776449,0.5458247879477706
94,0.7,0.9,0.06999999999999998,0.7468820552122861,0.2707337966964502,0.002992405817833811,0.6653920535776449,0.6426402251481882
94,0.9,0.2,0.7200000000000001,0.45455658516507785,0.7210766821979485,0.4204853585365714,0.6035725398829547,0.40808072190796735
94,0.9,0.6,0.36000000000000004,0.6057565851650779,0.4618766821979484,0.19728535853657136,0.6645205398829548,0.5562253089024839
94,0.9,0.9,0.08999999999999998,0.719156585165078,0.26747668219794835,0.029885358536571302,0.7102315398829548,0.6765490867483712
95,0.1,0.2,0.08000000000000002,0.7569302566804473,0.24391597191842573,0.02807272163265592,0.6495220804722732,0.5709516655555102
95,0.1,0.6,0.04000000000000001,0.7737302566804473,0.21511597191842569,0.003272721632655913,0.6562940804722732,0.6171382265855554
95,0.1,0.9,0.009999999999999998,0.7863302566804473,0.1935159719184257,0.0,0.6613730804722733,0.6518919169580892
95,0.3,0.2,0.24,0.6644414545160902,0.3700865105583196,0.14927990242391562,0.652456224379358,0.5400528394215004
95,0.3,0.6,0.12,0.7148414545160902,0.28368651055831956,0.07487990242391562,0.6727722243793579,0.6142051040376677
95,0.3,0.9,0.029999999999999992,0.7526414545160902,0.2188865105583196,0.019079902423915628,0.6880092243793581,0.6708432288997934
95,0.5,0.2,0.4,0.5710004666513168,0.4977932893787391,0.25184003212188494,0.5911470595589472,0.4605425887883283
95,0.5,0.6,0.2,0.6550004666513168,0.3537932893787391,0.12784003212188494,0.6250070595589473,0.5580057606001011
95,0.5,0.9,0.04999999999999999,0.7180004666513168,0.24579328937873912,0.03484003212188494,0.6504020595589474,0.6339473794589305
95,0.7,0.2,0.5599999999999999,0.5045728862158866,0.619777349786202,0.301929234418323,0.6233553771619451,0.45284744831509116
95,0.7,0.6,0.27999999999999997,0.6221728862158866,0.418177349786202,0.12832923441832303,0.6707593771619451,0.5781682117088015
95,0.7,0.9,0.06999999999999998,0.7103728862158866,0.26697734978620213,0.0,0.7063123771619451,0.6777334946540841
95,0.9,0.2,0.7200000000000001,0.4547170276586798,0.732504744830276,0.4324140621435597,0.5733441591477584,0.38844436578238384
95,0.9,0.6,0.36000000000000004,0.6059170276586797,0.47330474483027585,0.20921406214355964,0.6342921591477584,0.5331066433162056
95,0.9,0.9,0.08999999999999998,0.7193170276586798,0.2789047448302758,0.0418140621435596,0.6800031591477584,0.6508186890665719
96,0.1,0.2,0.08000000000000002,0.7156220027223766,0.28773301292252546,0.07847656155764349,0.7110911999164139,0.6235563212085841
96,0.1,0.6,0.04000000000000001,0.7324220027223766,0.2589330129225254,0.053676561557643485,0.7178631999164137,0.6705309669675139
96,0.1,0.9,0.009999999999999998,0.7450220027223766,0.23733301292252545,0.03507656155764348,0.7229421999164138,0.7058757208867117
96,0.3,0.2,0.24,0.6618063203776334,0.39142589631639796,0.12318171859428396,0.6319600816253517,0.5235903375614824
96,0.3,0.6,0.12,0.7122063203776334,0.3050258963163979,0.04878171859428397,0.6522760816253517,0.596955550295896
96,0.3,0.9,0.029999999999999992,0.7500063203776335,0.24022589631639799,0.0,0.6675130816253517,0.6530033862467062
96,0.5,0.2,0.4,0.6041407885112232,0.5070140370094519,0.22891246026226855,0.5765864746923836,0.4495930289686724
96,0.5,0.6,0.2,0.6881407885112233,0.36301403700945195,0.10491246026226854,0.6104464746923837,0.5461243233489851
96,0.5,0.9,0.04999999999999999,0.7511407885112232,0.25501403700945197,0.011912460262268536,0.6358414746923836,0.6213670341342195
96,0.7,0.2,0.5599999999999999,0.5376365356372438,0.6151260162313243,0.35553255033542536,0.584174797249058,0.4253896979121398
96,0.7,0.6,0.27999999999999997,0.6552365356372438,0.4135260162313244,0.18193255033542538,0.631578797249058,0.5471998813456554
96,0.7,0.9,0.06999999999999998,0.7434365356372438,0.26232601623132445,0.05173255033542539,0.6671317972490579,0.6441322293207921
96,0.9,0.2,0.7200000000000001,0.4199911340323724,0.7218075635641424,0.4648983240865072,0.5601092237377522,0.3798469517400438
96,0.9,0.6,0.36000000000000004,0.5711911340323724,0.46260756356414234,0.24169832408650718,0.6210572237377523,0.522984564714633
96,0.9,0.9,0.08999999999999998,0.6845911340323725,0.26820756356414227,0.07429832408650713,0.6667682237377524,0.6395531120455749
97,0.1,0.2,0.08000000000000002,0.7411755034624078,0.26643205636738065,0.07096356774213267,0.6621376613469399,0.5817304178548255
97,0.1,0.6,0.04000000000000001,0.7579755034624077,0.23763205636738063,0.04616356774213266,0.6689096613469397,0.6280784583200661
97,0.1,0.9,0.009999999999999998,0.7705755034624078,0.21603205636738065,0.027563567742132658,0.6739886613469398,0.6629532582689968
97,0.3,0.2,0.24,0.6430413337404329,0.341569303536547,0.16395410232298446,0.6354787821521737,0.5264165578246259
97,0.3,0.6,0.12,0.6934413337404329,0.255169303536547,0.08955410232298447,0.6557947821521736,0.5999168886592693
97,0.3,0.9,0.029999999999999992,0.731241333740433,0.190369303536547,0.03375410232298447,0.6710317821521736,0.656066063185252
97,0.5,0.2,0.4,0.6032078888015403,0.47854377070401727,0.22810527076519438,0.5904090421969543,0.4599875997321097
97,0.5,0.6,0.2,0.6872078888015404,0.33454377070401725,0.1041052707651944,0.6242690421969543,0.5574035384327148
97,0.5,0.9,0.04999999999999999,0.7502078888015403,0.22654377070401727,0.011105270765194384,0.6496640421969544,0.6333097324581687
97,0.7,0.2,0.5599999999999999,0.5365528445994516,0.6042066591174247,0.32758646108741435,0.629022427322787,0.45681891706780914
97,0.7,0.6,0.27999999999999997,0.6541528445994517,0.4026066591174247,0.15398646108741437,0.676426427322787,0.582647448155931
97,0.7,0.9,0.06999999999999998,0.7423528445994516,0.25140665911742477,0.023786461087414376,0.7119794273227871,0.6825935568720223
97,0.9,0.2,0.7200000000000001,0.4734142900807344,0.6989910735725992,0.49193337742635534,0.5565050462091093,0.3775056780174374
97,0.9,0.6,0.36000000000000004,0.6246142900807343,0.43979107357259906,0.2687333774263553,0.6174530462091095,0.520228089740727
97,0.9,0.9,0.08999999999999998,0.7380142900807344,0.24539107357259898,0.10133337742635523,0.6631640462091095,0.6364852361331941
98,0.1,0.2,0.08000000000000002,0.7179642074576223,0.27110580127861966,0.04699860344347069,0.6455805879156858,0.567584054315162
98,0.1,0.6,0.04000000000000001,0.7347642074576223,0.24230580127861961,0.022198603443470685,0.6523525879156858,0.6137201642404828
98,0.1,0.9,0.009999999999999998,0.7473642074576223,0.22070580127861963,0.003598603443470677,0.6574315879156859,0.6484360162844733
98,0.3,0.2,0.24,0.6602981088245008,0.3516004190827453,0.14859051519627944,0.6707800133173131,0.5547705066964659
98,0.3,0.6,0.12,0.7106981088245008,0.2652004190827453,0.07419051519627945,0.691096013317313,0.6296264048078506
98,0.3,0.9,0.029999999999999992,0.7484981088245009,0.2004004190827453,0.018390515196279454,0.706333013317313,0.6867922547913894
98,0.5,0.2,0.4,0.6051557476096431,0.5133790030892231,0.22317336657060863,0.6086730702340882,0.47372214881603436
98,0.5,0.6,0.2,0.6891557476096432,0.3693790030892231,0.09917336657060863,0.6425330702340883,0.5723069853110162
98,0.5,0.9,0.04999999999999999,0.7521557476096431,0.2613790030892231,0.006173366570608626,0.6679280702340883,0.6490898526822524
98,0.7,0.2,0.5599999999999999,0.5094542473559239,0.588372697190935,0.3600066790290693,0.5664814937886608,0.41299023084709346
98,0.7,0.6,0.27999999999999997,0.627054247355924,0.38677269719093504,0.18640667902906932,0.6138854937886609,0.5332150942905576
98,0.7,0.9,0.06999999999999998,0.7152542473559239,0.23557269719093507,0.05620667902906933,0.6494384937886608,0.6289584522731555
98,0.9,0.2,0.7200000000000001,0.4545468384097693,0.7327176973267776,0.43977290112025313,0.5443094547570799,0.3695834218101991
98,0.9,0.6,0.36000000000000004,0.6057468384097693,0.47351769732677745,0.2165729011202531,0.60525745475708,0.5109009013982149
98,0.9,0.9,0.08999999999999998,0.7191468384097693,0.2791176973267774,0.04917290112025305,0.6509684547570801,0.6261043486892266
99,0.1,0.2,0.08000000000000002,0.7415882274156175,0.2725882899720815,0.05506737763391242,0.6790164262585834,0.5961516345953337
99,0.1,0.6,0.04000000000000001,0.7583882274156174,0.2437882899720815,0.030267377633912417,0.6857884262585833,0.6427157232514434
99,0.1,0.9,0.009999999999999998,0.7709882274156175,0.2221882899720815,0.01166737763391241,0.6908674262585833,0.6777525593435259
99,0.3,0.2,0.24,0.6303576683840036,0.36198054309852473,0.17119574103355445,0.6153828920543609,0.5102755388980627
99,0.3,0.6,0.12,0.6807576683840036,0.2755805430985247,0.09679574103355447,0.6356988920543608,0.5830041875529501
99,0.3,0.9,0.029999999999999992,0.7185576683840037,0.21078054309852476,0.04099574103355447,0.650935892054361,0.6385746004441157
99,0.5,0.2,0.4,0.5724041268979984,0.5075151349375995,0.25052977220962663,0.6382956044658931,0.4959982945583516
99,0.5,0.6,0.2,0.6564041268979984,0.36351513493759946,0.12652977220962666,0.6721556044658932,0.5964789732441689
99,0.5,0.9,0.04999999999999999,0.7194041268979984,0.2555151349375995,0.033529772209626656,0.6975506044658932,0.6746837222585318
99,0.7,0.2,0.5599999999999999,0.5167830814209907,0.5761363467510477,0.3457777345373319,0.5795240927835075,0.422130484222682
99,0.7,0.6,0.27999999999999997,0.6343830814209908,0.37453634675104774,0.17217773453733193,0.6269280927835075,0.5435239645360843
99,0.7,0.9,0.06999999999999998,0.7225830814209907,0.2233363467510478,0.041977734537331945,0.6624810927835074,0.640143785171136
99,0.9,0.2,0.7200000000000001,0.4438985703043916,0.7228271518477813,0.45169663173530744,0.5500814916005453,0.3733329369437142
99,0.9,0.6,0.36000000000000004,0.5950985703043916,0.4636271518477812,0.22849663173530738,0.6110294916005453,0.5153153551760971
99,0.9,0.9,0.08999999999999998,0.7084985703043917,0.2692271518477811,0.061096631735307334,0.6567404916005453,0.631017506450384
